[11May2026 19:16:11.384] [main/INFO] [cpw.mods.modlauncher.Launcher/MODLAUNCHER]: ModLauncher running: args [--launchTarget, forgeserver, --fml.forgeVersion, 47.4.20, --fml.mcVersion, 1.20.1, --fml.forgeGroup, net.minecraftforge, --fml.mcpVersion, 20230612.114412, nogui]
[11May2026 19:16:11.391] [main/INFO] [cpw.mods.modlauncher.Launcher/MODLAUNCHER]: ModLauncher 10.0.9+10.0.9+main.dcd20f30 starting: java version 17.0.18 by Ubuntu; OS Linux arch amd64 version 6.8.0-1044-azure
[11May2026 19:16:36.965] [main/INFO] [net.minecraftforge.fml.loading.ImmediateWindowHandler/]: ImmediateWindowProvider not loading because launch target is forgeserver
[11May2026 19:16:37.075] [main/INFO] [mixin/]: SpongePowered MIXIN Subsystem Version=0.8.5 Source=union:/workspaces/literate-garbanzo/servidor_minecraft/libraries/org/spongepowered/mixin/0.8.5/mixin-0.8.5.jar%2363!/ Service=ModLauncher Env=SERVER
[11May2026 19:16:38.547] [main/WARN] [net.minecraftforge.fml.loading.moddiscovery.ModFileParser/LOADING]: Mod file /workspaces/literate-garbanzo/servidor_minecraft/libraries/net/minecraftforge/fmlcore/1.20.1-47.4.20/fmlcore-1.20.1-47.4.20.jar is missing mods.toml file
[11May2026 19:16:38.548] [main/WARN] [net.minecraftforge.fml.loading.moddiscovery.ModFileParser/LOADING]: Mod file /workspaces/literate-garbanzo/servidor_minecraft/libraries/net/minecraftforge/javafmllanguage/1.20.1-47.4.20/javafmllanguage-1.20.1-47.4.20.jar is missing mods.toml file
[11May2026 19:16:38.549] [main/WARN] [net.minecraftforge.fml.loading.moddiscovery.ModFileParser/LOADING]: Mod file /workspaces/literate-garbanzo/servidor_minecraft/libraries/net/minecraftforge/lowcodelanguage/1.20.1-47.4.20/lowcodelanguage-1.20.1-47.4.20.jar is missing mods.toml file
[11May2026 19:16:38.550] [main/WARN] [net.minecraftforge.fml.loading.moddiscovery.ModFileParser/LOADING]: Mod file /workspaces/literate-garbanzo/servidor_minecraft/libraries/net/minecraftforge/mclanguage/1.20.1-47.4.20/mclanguage-1.20.1-47.4.20.jar is missing mods.toml file
[11May2026 19:16:39.852] [main/WARN] [net.minecraftforge.jarjar.selection.JarSelector/]: Attempted to select a dependency jar for JarJar which was passed in as source: fabric_api. Using Mod File: /workspaces/literate-garbanzo/servidor_minecraft/mods/fabric-api-0.92.6+1.11.14+1.20.1.jar
[11May2026 19:16:39.852] [main/WARN] [net.minecraftforge.jarjar.selection.JarSelector/]: Attempted to select a dependency jar for JarJar which was passed in as source: aeroblender. Using Mod File: /workspaces/literate-garbanzo/servidor_minecraft/mods/aeroblender-1.20.1-1.0.1-neoforge.jar
[11May2026 19:16:39.852] [main/WARN] [net.minecraftforge.jarjar.selection.JarSelector/]: Attempted to select a dependency jar for JarJar which was passed in as source: curios. Using Mod File: /workspaces/literate-garbanzo/servidor_minecraft/mods/curios-forge-5.14.1+1.20.1.jar
[11May2026 19:16:39.852] [main/WARN] [net.minecraftforge.jarjar.selection.JarSelector/]: Attempted to select a dependency jar for JarJar which was passed in as source: resourcefullib. Using Mod File: /workspaces/literate-garbanzo/servidor_minecraft/mods/resourcefullib-forge-1.20.1-2.1.29.jar
[11May2026 19:16:39.852] [main/INFO] [net.minecraftforge.fml.loading.moddiscovery.JarInJarDependencyLocator/]: Found 76 dependencies adding them to mods collection
[11May2026 19:16:49.905] [main/INFO] [mixin/]: Compatibility level set to JAVA_17
[11May2026 19:16:50.376] [main/ERROR] [mixin/]: Mixin config fabric-item-api-v1.client.mixins.json does not specify "minVersion" property
[11May2026 19:16:50.999] [main/ERROR] [mixin/]: Mixin config fabric-item-group-api-v1.mixins.json does not specify "minVersion" property
[11May2026 19:16:51.003] [main/ERROR] [mixin/]: Mixin config fabric-item-group-api-v1.client.mixins.json does not specify "minVersion" property
[11May2026 19:16:51.160] [main/ERROR] [mixin/]: Mixin config fabric-data-attachment-api-v1.mixins.json does not specify "minVersion" property
[11May2026 19:16:51.165] [main/ERROR] [mixin/]: Mixin config fabric-data-attachment-api-v1.client.mixins.json does not specify "minVersion" property
[11May2026 19:16:51.754] [main/INFO] [mixin/]: Successfully loaded Mixin Connector [com.sonicether.soundphysics.MixinConnector]
[11May2026 19:16:51.755] [main/INFO] [mixin/]: Successfully loaded Mixin Connector [de.maxhenkel.shulkerbox.MixinConnector]
[11May2026 19:16:51.764] [main/INFO] [net.fabricmc.loader.impl.bootstrap.FabricLoaderBootstrap/]: Propagating FML mod list to Fabric Loader
[11May2026 19:16:51.782] [main/INFO] [cpw.mods.modlauncher.LaunchServiceHandler/MODLAUNCHER]: Launching target 'forgeserver' with arguments [nogui]
[11May2026 19:16:52.021] [main/INFO] [ModernFix/]: Loaded configuration file for ModernFix 5.26.2+mc1.20.1: 98 options available, 1 override(s) found
[11May2026 19:16:52.022] [main/WARN] [ModernFix/]: Option 'mixin.bugfix.buffer_builder_leak' overriden (by mods [witherstormmod]) to 'false'
[11May2026 19:16:52.023] [main/INFO] [ModernFix/]: Applying Nashorn fix
[11May2026 19:16:52.045] [main/INFO] [ModernFix/]: Applied Forge config corruption patch
[11May2026 19:16:52.144] [main/WARN] [mixin/]: Reference map 'handcrafted-forge-1.20.1-forge-refmap.json' for handcrafted.mixins.json could not be read. If this is a development environment you can ignore this message
[11May2026 19:16:52.174] [main/WARN] [mixin/]: Reference map 'yungsextras.refmap.json' for yungsextras.mixins.json could not be read. If this is a development environment you can ignore this message
[11May2026 19:16:52.181] [main/WARN] [mixin/]: Reference map 'yungsextras.refmap.json' for yungsextras_forge.mixins.json could not be read. If this is a development environment you can ignore this message
[11May2026 19:16:52.228] [main/WARN] [mixin/]: Reference map 'nitrogen_internals.refmap.json' for nitrogen_internals.mixins.json could not be read. If this is a development environment you can ignore this message
[11May2026 19:16:52.358] [main/INFO] [Radium Config/]: Loaded configuration file for Radium: 125 options available, 1 override(s) found
[11May2026 19:16:52.505] [main/WARN] [mixin/]: Reference map 'fastpaintings-forge-refmap.json' for fastpaintings-forge.mixins.json could not be read. If this is a development environment you can ignore this message
[11May2026 19:16:52.807] [main/INFO] [Longer Following Time/]: Loaded forge.com.cursee.longer_following_time.platform.ForgePlatformHelper@2e4d252 for service interface forge.com.cursee.longer_following_time.platform.services.IPlatformHelper
[11May2026 19:16:52.808] [main/INFO] [Longer Following Time/]: /workspaces/literate-garbanzo/servidor_minecraft/config/longer_following_time.toml exists, loadin configuration from file.
[11May2026 19:16:53.173] [main/WARN] [mixin/]: Reference map 'ametrin.mixin.refmap.json' for ametrin.mixins.json could not be read. If this is a development environment you can ignore this message
[11May2026 19:16:53.234] [main/WARN] [mixin/]: Reference map 'graveyard-FORGE-forge-refmap.json' for graveyard-forge.mixins.json could not be read. If this is a development environment you can ignore this message
[11May2026 19:16:53.277] [main/WARN] [mixin/]: Reference map 'puzzlesaccessapi.common.refmap.json' for puzzlesaccessapi.common.mixins.json could not be read. If this is a development environment you can ignore this message
[11May2026 19:16:53.348] [main/INFO] [Puzzles Lib/]: Loading 397 mods:
	- additionalbanners 14.0.5
	- additionalstructures 4.2.2
	- addonslib 1.20.1-1.7
	- adorable_eggs 1.0.3
	- adpoles 9.1.1.1
	- advancednetherite 2.1.3
	- advancementplaques 1.6.9
	- aeroblender 1.20.1-1.0.1-neoforge
	- aether 1.20.1-1.5.2-neoforge
		|-- cumulus_menus 1.20.1-1.0.1-neoforge
		\-- nitrogen_internals 1.20.1-1.0.12-neoforge
	- aether_enhanced_extinguishing 1.20.1-1.0.0-neoforge
	- aether_redux 2.0.19
	- aetherdelight 1.0.0
	- aiimprovements 0.5.2
	- alexscaves 2.0.2
	- alexsdelight 1.5
	- alexsmobs 1.22.9
	- alltheleaks 1.1.1+1.20.1-forge
		\-- mixinsquared 0.3.6-beta.1
	- alternate_current 1.7.0
	- amendments 1.20-2.2.5
	- ametrin 0.1.2
	- animal_armor_trims 2.0.1
	- aquaculture 2.5.7
	- aquamirae 6.3.3
	- aquatictorches 1.1.1
	- aqupdcaracal 1.20-2.3.1
	- arcanelanterns 8.0.0
	- architectury 9.2.14
	- artifacts 9.5.19
		\-- expandability 9.0.4
	- athena 3.1.2
	- attributefix 21.0.5
	- automessage 3.0.0
	- autumnity 5.0.2
	- bagus_lib 1.20.1-5.6.1
	- balm 7.3.38
		\-- kuma_api 20.1.12
	- barteringstation 8.0.0
	- beautiful_potions 2.0.0
	- beb 6.0.0
	- betterarcheology 1.2.1-1.20.1
	- betterburning 9.0.3
	- betterdeserttemples 1.20-Forge-3.0.3
	- betterdungeons 1.20-Forge-4.0.4
	- betterendisland 1.20-Forge-2.0.6
	- betterfortresses 1.20-Forge-2.0.6
	- betterfpsdist 1.20.1-6.0
	- betterjungletemples 1.20-Forge-2.0.5
	- bettermineshafts 1.20-Forge-4.0.4
	- betteroceanmonuments 1.20-Forge-3.0.4
	- betterstrongholds 1.20-Forge-4.0.3
	- betterthanmending 1.7.2
	- betterwitchhuts 1.20-Forge-3.0.3
	- biomesoplenty 19.0.0.96
	- blue_skies 1.3.31
	- blueprint 7.1.3
	- boatbreakfix 1.0.2
	- bookshelf 20.2.15
	- boss_music_mod 1.2.0
	- botania 1.20.1-452-FORGE
	- botanypots 13.0.43
	- botanytrees 9.0.20
	- bountiful 6.0.4+1.20.1
	- buildinggadgets2 1.0.8
	- bygonenether 1.3.2
	- caelus 3.2.0+1.20.1
	- carryon 2.1.2.7
	- cataclysm 3.27
	- cerbons_api 1.0.0
	- cfm 7.0.0-pre36
	- charginggadgets 1.11.0
	- charmofundying 6.5.0+1.20.1
	- chipped 3.0.7
	- chiselsandbits 20.1.20
		\-- scena 1.0.103
	- chunkloaders 1.2.9
	- chunksending 1.20.1-2.8
	- chunky 1.3.146
	- citadel 2.6.3
	- cleanswing 1.8
	- clickadv 1.20.1-3.9
	- clientcrafting 1.20.1-1.9
	- cloth_config 11.1.136
	- clumps 12.0.0.4
	- collective 8.19
	- colourfulearth 1.20.1-2.1
	- comforts 6.4.0+1.20.1
	- conjurer_illager 1.1.6
	- connectedglass 1.1.14
	- connectivity 1.20.1-7.6
	- coroutil 1.20.1-1.3.7
	- cosmeticarmorreworked 1.20.1-v1a
	- crabclaws 1.2.0
	- create 6.0.8
		|-- flywheel 1.0.5
		\-- ponder 1.0.91
	- createaddition 1.20.1-1.3.3
	- creativecore 2.12.35
	- creeperoverhaul 3.0.2
	- cristellib 1.1.6
	- crittersandcompanions 1.20.1-2.3.5
	- ctov 3.4.14
	- cucumber 7.0.16
	- cupboard 1.20.1-3.7
	- curios 5.14.1+1.20.1
	- cutthrough 8.0.2
	- darkmodeeverywhere 1.20.1-1.2.4
	- decorative_blocks 4.1.3
	- deep_aether 1.20.1-1.1.7
	- deeperdarker 1.3.3
	- delightful 3.7.8
	- deuf 1.20.1-1.3
	- diagonalfences 8.1.5
	- diagonalwalls 8.0.4
	- diagonalwindows 8.1.5
		\-- diagonalblocks 8.0.6
	- dimensionalsycnfixes 1.20.1-0.0.1
	- disenchanting_table 5.0.2
	- dummmmmmy 1.20-2.0.9
	- dungeoncrawl 2.3.15
	- dungeonnowloading 2.11
	- dungeons_arise 2.1.58-1.20.x
	- dungeons_arise_seven_seas 1.0.2
	- dungeons_enhanced 5.4.3
	- easyanvils 8.0.2
	- eat_an_omelette 1.5.0
	- echochest 8.0.0
	- ecologics 2.2.4
	- effectdescriptions 8.0.2
	- elevatorid 1.20.1-1.9.1-forge
	- elytraslot 6.4.4+1.20.1
	- emotecraft 2.2.7-b.build.50
	- ender_pack 2.2.0
	- endermanoverhaul 1.0.4
	- endersdelight 1.1.3
	- endertrigon 1.20.1-1.1
	- endrem 5.3.3-R-1.20.1
	- epicpowerbracelets 1.1.0
	- exclusive_weapons 1.0.0
	- explorerscompass 1.20.1-1.4.0-forge
	- explorify 1.6.4
	- fabric_api 0.92.6+1.11.14+1.20.1
		|-- fabric_api_base 0.4.32+ef105b4977
		|-- fabric_api_lookup_api_v1 1.6.37+67f9824077
		|-- fabric_biome_api_v1 13.0.14+dc36698e77
		|-- fabric_block_api_v1 1.0.12+0e6cb7f777
		|-- fabric_block_view_api_v2 1.0.3+53347ba977
		|-- fabric_blockrenderlayer_v1 1.1.42+1d0da21e77
		|-- fabric_client_tags_api_v1 1.1.3+5d6761b877
		|-- fabric_command_api_v1 1.2.35+f71b366f77
		|-- fabric_command_api_v2 2.2.14+561530ec77
		|-- fabric_content_registries_v0 4.0.13+a670df1e77
		|-- fabric_convention_tags_v1 1.5.6+fa3d1c0177
		|-- fabric_data_attachment_api_v1 1.0.2+30ef839e77
		|-- fabric_data_generation_api_v1 12.3.7+369cb3a477
		|-- fabric_dimensions_v1 2.1.55+8005d10d77
		|-- fabric_entity_events_v1 1.6.1+4ca7515277
		|-- fabric_events_interaction_v0 0.6.5+0f26153f77
		|-- fabric_game_rule_api_v1 1.0.41+683d4da877
		|-- fabric_item_api_v1 2.1.29+4d0bbcfa77
		|-- fabric_item_group_api_v1 4.0.14+c9161c2d77
		|-- fabric_key_binding_api_v1 1.0.38+561530ec77
		|-- fabric_lifecycle_events_v1 2.2.23+afab492177
		|-- fabric_loot_api_v2 1.2.3+eb28f93e77
		|-- fabric_message_api_v1 5.1.10+52cc178c77
		|-- fabric_mining_level_api_v1 2.1.52+561530ec77
		|-- fabric_model_loading_api_v1 1.0.4+6274ab9d77
		|-- fabric_models_v0 0.4.3+7c3892a477
		|-- fabric_networking_api_v1 1.3.14+fb7c822677
		|-- fabric_object_builder_api_v1 11.1.5+f8c414ce77
		|-- fabric_particles_v1 1.1.3+78e1ecb877
		|-- fabric_recipe_api_v1 1.0.24+514a076577
		|-- fabric_registry_sync_v0 2.3.6+1c0ea72177
		|-- fabric_rendering_data_attachment_v1 0.3.39+a6081afc77
		|-- fabric_rendering_fluids_v1 3.0.29+4ac5e37a77
		|-- fabric_rendering_v1 3.0.9+66e9a48f77
		|-- fabric_resource_conditions_api_v1 2.3.9+996d00b277
		|-- fabric_resource_loader_v0 0.11.12+4b4151c077
		|-- fabric_screen_api_v1 2.0.9+45a670a577
		|-- fabric_screen_handler_api_v1 1.3.33+561530ec77
		|-- fabric_sound_api_v1 1.0.14+4f23bd8477
		|-- fabric_transfer_api_v1 3.3.6+631c9cd677
		\-- fabric_transitive_access_wideners_v1 4.3.2+1880499877
	- farmersdelight 1.20.1-1.2.11
	- fastasyncworldsave 1.20.1-2.6
	- fastpaintings 1.20-1.2.7
	- ferritecore 6.0.1
	- flib 0.0.15
	- forge 47.4.20
	- forgeendertech 11.1.10.0
	- formations 1.0.4
	- formationsnether 1.0.5
	- framedblocks 9.4.3
	- framework 0.8.0
	- frozenhappyghast 1.0.0
	- ftblibrary 2001.2.12
	- ftbquests 2001.4.21
	- ftbteams 2001.3.2
	- fusion 1.2.12
	- galosphere 1.20.1-1.4.1
	- geckolib 4.8.3
	- glitchcore 0.0.1.1
	- goated 1.20-1.3.6
	- goblintraders 1.11.5
	- golden_foods 2.4.0
	- graveyard 3.1
	- handcrafted 3.0.6
	- happy_ghasts_boost 1.0.0
	- healthy_water 1.0.1
	- highlighter 1.1.9
	- horseexpert 8.1.1
	- hunters_return 1.20.1-11.8.0
	- iammusicplayer 3.23.3-1.20.1-forge
	- iceandfire 2.1.13-1.20.1
	- iceberg 1.1.25
	- illageandspillage 1.2.8
	- illagerinvasion 8.0.7
	- incendium 5.3.5
	- ironchest 1.20.1-14.4.4
	- ironfurnaces 4.1.8
	- irons_lib 1.20.1-1.0.2
	- irons_spellbooks 1.20.1-3.15.6
	- jade 11.13.2+forge
	- jadeaddons 5.5.0+forge
	- jearchaeology 1.20.1-1.0.4
	- jei 15.20.0.129
	- journeymap 5.10.3
	- justaraftmod 3.1.1
	- justhammers 2.0.3+mc1.20.1
	- kambrik 6.1.1+1.20.1
	- kiwi 11.10.1+forge
	- kleeslabs 15.0.11
	- kobolds 2.12.0
	- konkrete 1.8.0
	- kotlinforforge 4.12.0
	- krypton 0.2.3
	- limitedchunks 1.8
	- lionfishapi 2.4-Fix
	- lithostitched 1.4.11
	- loadingbackgrounds 2.0.0
	- longer_following_time 1.1.0
	- lootintegrations 1.20.1-4.7
	- lootintegrations_yungs 1
	- lootr 0.7.35.94
	- lost_aether_content 1.2.3
	- mavapi 1.1.4
	- mavm 1.2.6
	- mca 7.6.15+1.20.1
	- mcwbiomesoplenty 1.20.1-1.5
	- mcwbridges 3.1.2
	- mcwdoors 1.1.5
	- mcwfences 1.2.1
	- mcwfurnitures 3.4.1
	- mcwholidays 1.1.2
	- mcwlights 1.1.5
	- mcwpaintings 1.1.0
	- mcwpaths 1.1.1
	- mcwroofs 2.3.2
	- mcwtrpdoors 1.1.5
	- mcwwindows 2.4.2
	- medieval_buildings 1.1.3
	- medieval_nether 1.0.2
	- medievalend 1.0.1
	- melody 1.0.2
	- memorysettings 1.20.1-5.9
	- minecraft 1.20.1
	- minetraps 2.3.0a
	- mobtimizations 1.20.1-1.0.1
	- modernfix 5.26.2+mc1.20.1
	- monolib 2.1.0
	- moonlight 1.20-2.16.28
	- more_beautiful_torches 3.0.0
	- more_bows_and_arrows 5.0.1
	- more_useful_copper 2.0.0
	- mowziesmobs 1.8.2
	- mr_dungeons_andtaverns 3.0.3.f
	- mutantmonsters 8.0.8
	- naturescompass 1.20.1-1.12.0-forge
	- necronomicon 1.6.0
	- netherchested 8.0.4
		\-- puzzlesapi 8.1.7
	- netherportalfix 13.0.1
	- nethersdelight 1.20.1-4.0
	- new_shield_variants 2.1.0
	- new_slab_variants 3.0.1
	- nochatreports 1.20.1-v2.2.2
	- nordic_structures 1.6.9
	- obscure_api 18
	- oceansdelight 1.0.2-1.20
	- otyacraftengine 3.7.0-1.20.1
	- outer_end 1.0.0
	- overclocked_watches 1.1.0
	- paraglider 20.1.3
	- patchouli 1.20.1-85-FORGE
	- phantasm 1.1.2
	- pickaxetrims 1.0.1
	- placebo 8.6.3
	- platform 1.3.2
	- playeranimator 1.0.2-rc1+1.20
	- playerrevive 2.0.31
	- plushies 1.4.0
	- polymorph 0.49.10+1.20.1
		\-- spectrelib 0.13.17+1.20.1
	- powah 5.0.11
	- prism 1.0.5
	- puzzleslib 8.1.33
		\-- puzzlesaccessapi 20.1.1
	- quark 4.0-462
	- quarkdelight 1.0.0
	- quarkoddities 1.20.1
	- queen_bee 3.1.4
	- radium 0.12.4+git.26c9d8e
	- recipeessentials 1.20.1-4.0
	- redirected 1.0.0
	- regions_unexplored 0.5.6
	- resourcefulconfig 2.1.3
	- resourcefullib 2.1.29
	- resourcepackoverrides 8.0.3
	- scuba_gear 1.0.6
	- searchables 1.0.3
	- securitycraft 1.10.1
	- sereneseasons 9.1.0.2
	- shulkerbox 1.20.1-1.0.1
	- simple_villager_follow 1.0.0
	- sit 1.3.5
	- skinrestorer 2.7.0+1.20-forge
	- smallships 2.0.0-b1.4
	- smoothchunk 1.20.1-4.1
	- snifferplus 0.3.0
	- snowballsfreezemobs 3.8
	- snowrealmagic 10.7.0
		|-- fabric_renderer_api_v1 3.2.2+cf68abbe77
		\-- fabric_renderer_indigo 1.5.3+b5b2da4177
	- snowundertrees 1.4.12
	- sophisticatedbackpacks 3.24.35.1675
	- sophisticatedcore 1.3.21.1676
	- sophisticatedstorage 1.4.36.1621
	- sound_physics_remastered 1.20.1-1.4.10
	- spark 1.10.53
	- spartanshields 3.1.1
	- spartanweaponry 3.2.1
	- stackable_stew_and_soup 2.0.1
	- stackrefill 4.9
	- stalwart_dungeons 1.2.8
	- startinv 1.0.0
	- stoneworks 8.0.0
	- storagenetwork 1.12.2
	- structure_gel 2.16.2
	- structureessentials 1.20.1-4.9
	- super_ore_block 1.0.0
	- supermartijn642configlib 1.1.8
	- supermartijn642corelib 1.1.21
	- supplementaries 1.20-3.1.43
	- suppsquared 1.20-1.1.29
	- t_and_t 0.0NONE
	- takesapillage 1.0.3
	- taxcp 1.0.1
	- terrablender 3.0.1.10
	- theorcs 1.0-FORGE-1.20.x
	- timeondisplay 2.0.0
	- tinyskeletons 8.0.1
	- tombstone 9.0.9
	- toofast 0.4.3.5
	- tradingpost 8.0.2
	- trashslot 15.1.5
	- travelersbackpack 9.1.53
	- treechop 0.19.0
	- trimeffects 2.1.2
	- tumbleweed 0.5.5
	- twilightdelight 2.1.1
		\-- l2library 2.4.16
	- twilightforest 4.3.2508
	- txnilib 1.0.24
	- underground_rooms 2.1.9-1.20.1
	- universalbonemeal 8.0.1
	- unlocked_typing 1.1.0
	- valhelsia_core 1.1.2
	- valhelsia_structures 1.20.1-1.1.2
	- vanillabackport 1.1.4.3
	- veinmining 1.5.0+1.20.1
	- visualworkbench 8.0.1
	- waddles 0.9.4
	- waystones 14.1.20
	- weaponmaster_ydm 4.2.3
	- wider_ender_chests 1.0.3
	- witherreincarnated 1.0.5
	- witherstormmod 4.2.1
		\-- crackerslib 1.20.1-0.4.1
	- wstweaks 9.1.0
	- xpbook 2.2.1
	- yungsapi 1.20-Forge-4.0.6
	- yungsbridges 1.20-Forge-4.0.3
	- yungsextras 1.20-Forge-4.0.3
	- zeta 1.0-31
	- zombie_variants 1.0.3
[11May2026 19:16:53.397] [main/WARN] [mixin/]: Reference map 'cristellib-forge-refmap.json' for cristellib.mixins.json could not be read. If this is a development environment you can ignore this message
[11May2026 19:16:53.596] [main/WARN] [mixin/]: Reference map 'justhammers-common-refmap.json' for justhammers-common.mixins.json could not be read. If this is a development environment you can ignore this message
[11May2026 19:16:53.638] [main/WARN] [mixin/]: Reference map 'smallships-forge-refmap.json' for smallships.mixins.json could not be read. If this is a development environment you can ignore this message
[11May2026 19:16:53.660] [main/WARN] [mixin/]: Reference map 'trashslot.refmap.json' for trashslot.mixins.json could not be read. If this is a development environment you can ignore this message
[11May2026 19:16:53.664] [main/WARN] [mixin/]: Reference map 'limitedchunks.refmap.json' for limitedchunks.mixins.json could not be read. If this is a development environment you can ignore this message
[11May2026 19:16:53.960] [main/WARN] [mixin/]: Reference map 'more_beautiful_torches.refmap.json' for forge-more_beautiful_torches.forge.mixins.json could not be read. If this is a development environment you can ignore this message
[11May2026 19:16:53.965] [main/WARN] [mixin/]: Reference map 'coroutil.refmap.json' for coroutil.mixins.json could not be read. If this is a development environment you can ignore this message
[11May2026 19:16:53.984] [main/WARN] [mixin/]: Reference map 'chiselsandbits.refmap.json' for chisels-and-bits.mixins.json could not be read. If this is a development environment you can ignore this message
[11May2026 19:16:55.166] [main/INFO] [net.minecraftforge.coremod.CoreMod.placebo/COREMODLOG]: Patching IForgeItemStack#getEnchantmentLevel
[11May2026 19:16:55.175] [main/INFO] [net.minecraftforge.coremod.CoreMod.placebo/COREMODLOG]: Patching IForgeItemStack#getEnchantmentLevel
[11May2026 19:16:55.371] [main/WARN] [Radium Config/]: Force-disabling mixin 'alloc.blockstate.StateMixin' as option 'mixin.alloc.blockstate' (added by mods [ferritecore]) disables it and children
[11May2026 19:16:55.580] [main/ERROR] [net.minecraftforge.fml.loading.RuntimeDistCleaner/DISTXFORM]: Attempted to load class net/minecraft/client/renderer/ItemInHandRenderer for invalid dist DEDICATED_SERVER
[11May2026 19:16:55.581] [main/WARN] [mixin/]: Error loading class: net/minecraft/client/renderer/ItemInHandRenderer (java.lang.RuntimeException: Attempted to load class net/minecraft/client/renderer/ItemInHandRenderer for invalid dist DEDICATED_SERVER)
[11May2026 19:16:55.581] [main/WARN] [mixin/]: @Mixin target net.minecraft.client.renderer.ItemInHandRenderer was not found dungeonnowloading.forge.mixins.json:items.ItemInHandRendererMixin
[11May2026 19:16:55.611] [main/INFO] [AllTheLeaks/]: Class dev.uncandango.alltheleaks.leaks.common.mods.zeta.Issue69 will be loaded as it matches versions: 1.0-31 in [1.0-19,)
[11May2026 19:16:55.612] [main/INFO] [AllTheLeaks/]: Mixins added to allowed list: [main.RecipeCrawlHandlerMixin]
[11May2026 19:16:55.612] [main/INFO] [AllTheLeaks/]: Class dev.uncandango.alltheleaks.leaks.common.mods.travelersbackpack.UntrackedIssue002 will be loaded as it matches versions: 9.1.53 in [9.1.17,)
[11May2026 19:16:55.612] [main/INFO] [AllTheLeaks/]: Mixins added to allowed list: [main.NeoForgeEventHandlerMixin]
[11May2026 19:16:55.613] [main/INFO] [AllTheLeaks/]: Class dev.uncandango.alltheleaks.leaks.common.mods.spark.Issue447 will be loaded as it matches versions: 1.10.53 in *
[11May2026 19:16:55.613] [main/INFO] [AllTheLeaks/]: Mixins added to allowed list: [main.ForgeServerSparkPluginMixin]
[11May2026 19:16:55.613] [main/INFO] [AllTheLeaks/]: Class dev.uncandango.alltheleaks.leaks.common.mods.smallships.UntrackedIssue001 will be loaded as it matches versions: 2.0.0-b1.4 in [2.0.0-b1.4,)
[11May2026 19:16:55.613] [main/INFO] [AllTheLeaks/]: Mixins added to allowed list: [main.ChunkMapMixin]
[11May2026 19:16:55.613] [main/INFO] [AllTheLeaks/]: Class dev.uncandango.alltheleaks.leaks.common.mods.sereneseasons.UntrackedIssue001 will be loaded as it matches versions: 9.1.0.2 in [9.1.0.0,)
[11May2026 19:16:55.614] [main/INFO] [AllTheLeaks/]: Class dev.uncandango.alltheleaks.leaks.common.mods.moonlight.UntrackedIssue001 will be loaded as it matches versions: 1.20-2.16.28 in [1.20-2.13.32,)
[11May2026 19:16:55.614] [main/INFO] [AllTheLeaks/]: Mixins added to allowed list: [main.FakeLevelManagerMixin]
[11May2026 19:16:55.614] [main/INFO] [AllTheLeaks/]: Class dev.uncandango.alltheleaks.leaks.common.mods.minecraft.UntrackedIssue002 will be loaded as it matches versions: 1.20.1 in 1.20.1
[11May2026 19:16:55.614] [main/INFO] [AllTheLeaks/]: Mixins added to allowed list: [main.EntityTickListMixin]
[11May2026 19:16:55.614] [main/INFO] [AllTheLeaks/]: Class dev.uncandango.alltheleaks.leaks.common.mods.minecraft.UntrackedIssue001 will be loaded as it matches versions: 1.20.1 in 1.20.1
[11May2026 19:16:55.615] [main/INFO] [AllTheLeaks/]: Class dev.uncandango.alltheleaks.leaks.common.mods.journeymap.UntrackedIssue001 will be loaded as it matches versions: 5.10.3 in *
[11May2026 19:16:55.615] [main/INFO] [AllTheLeaks/]: Class dev.uncandango.alltheleaks.leaks.common.mods.irons_spellbooks.UntrackedIssue001 will be loaded as it matches versions: 1.20.1-3.15.6 in [1.20.1-3.4.0,)
[11May2026 19:16:55.615] [main/INFO] [AllTheLeaks/]: Mixins added to allowed list: [main.ServerPlayerEventsMixin]
[11May2026 19:16:55.615] [main/INFO] [AllTheLeaks/]: Class dev.uncandango.alltheleaks.leaks.common.mods.forge.UntrackedIssue002 will be loaded as it matches versions: 47.4.20 in [47.2,)
[11May2026 19:16:55.616] [main/INFO] [AllTheLeaks/]: Mixins added to allowed list: [accessor.FakePlayerNetHandlerAccessor, accessor.ConnectionAccessor]
[11May2026 19:16:55.616] [main/INFO] [AllTheLeaks/]: Class dev.uncandango.alltheleaks.leaks.common.mods.forge.UntrackedIssue001 will be loaded as it matches versions: 47.4.20 in [47.2,)
[11May2026 19:16:55.616] [main/INFO] [AllTheLeaks/]: Mixins added to allowed list: [main.ServerPlayerMixin, main.PlayerListMixin, accessor.PlayerAdvancementsAccessor]
[11May2026 19:16:55.616] [main/INFO] [AllTheLeaks/]: Class dev.uncandango.alltheleaks.leaks.common.mods.forge.Issue39 will be loaded as it matches versions: 47.4.20 in [47.2,)
[11May2026 19:16:55.616] [main/INFO] [AllTheLeaks/]: Class dev.uncandango.alltheleaks.leaks.common.mods.forge.Issue10684 will be loaded as it matches versions: 47.4.20 in *
[11May2026 19:16:55.617] [main/INFO] [AllTheLeaks/]: Class dev.uncandango.alltheleaks.leaks.common.mods.curios.UntrackedIssue001 will be loaded as it matches versions: 5.14.1+1.20.1 in [5.9.1,)
[11May2026 19:16:55.617] [main/INFO] [AllTheLeaks/]: Mixins added to allowed list: [main.CuriosEventHandlerMixin]
[11May2026 19:16:55.617] [main/INFO] [AllTheLeaks/]: Class dev.uncandango.alltheleaks.leaks.common.mods.create.UntrackedIssue001 will be loaded as it matches versions: 6.0.8 in [0.5.1.c,)
[11May2026 19:16:55.617] [main/INFO] [AllTheLeaks/]: Mixins added to allowed list: [accessor.ExtendoGripItemAccessor]
[11May2026 19:16:55.617] [main/INFO] [AllTheLeaks/]: Class dev.uncandango.alltheleaks.leaks.common.mods.citadel.UntrackedIssue001 will be loaded as it matches versions: 2.6.3 in [2.5.4,)
[11May2026 19:16:55.618] [main/INFO] [AllTheLeaks/]: Class dev.uncandango.alltheleaks.leaks.common.mods.architectury.UntrackedIssue001 will be loaded as it matches versions: 9.2.14 in [9.0.8,)
[11May2026 19:16:55.618] [main/INFO] [AllTheLeaks/]: Class dev.uncandango.alltheleaks.leaks.common.mods.alexsmobs.Issue2165 will be loaded as it matches versions: 1.22.9 in [1.22.5,)
[11May2026 19:16:55.618] [main/INFO] [AllTheLeaks/]: Class dev.uncandango.alltheleaks.leaks.common.mods.aether.UntrackedIssue001 will be loaded as it matches versions: 1.20.1-1.5.2-neoforge in [1.20.1-1.4.2,)
[11May2026 19:16:55.618] [main/INFO] [AllTheLeaks/]: Mixins added to allowed list: [main.DroppedItemCapabilityMixin]
[11May2026 19:16:55.621] [main/INFO] [AllTheLeaks/]: Class dev.uncandango.alltheleaks.fix.common.mods.zeta.FixCopyStack will be loaded as it matches versions: 1.0-31 in *
[11May2026 19:16:55.621] [main/INFO] [AllTheLeaks/]: Mixins added to allowed list: [main.StackFixRecipeCrawlHandlerMixin]
[11May2026 19:16:55.622] [main/INFO] [AllTheLeaks/]: Class dev.uncandango.alltheleaks.fix.common.mods.modernfix.CancelRLMixin will be loaded as it matches versions: 5.26.2+mc1.20.1 in [5.0.0,)
[11May2026 19:16:55.622] [main/INFO] [AllTheLeaks/]: Mixins added to cancel list: [org.embeddedt.modernfix.common.mixin.perf.deduplicate_location.MixinResourceLocation]
[11May2026 19:16:55.622] [main/INFO] [AllTheLeaks/]: Class dev.uncandango.alltheleaks.fix.common.mods.jei.FixItemStackCopy will be loaded as it matches versions: 15.20.0.129 in *
[11May2026 19:16:55.622] [main/INFO] [AllTheLeaks/]: Mixins added to allowed list: [main.SmithingCategoryExtensionMixin, main.NormalizedTypedItemStackMixin, main.IngredientSetMixin]
[11May2026 19:16:55.628] [main/INFO] [AllTheLeaks/]: Class dev.uncandango.alltheleaks.feature.common.mods.minecraft.MemoryMonitor will be loaded as it matches versions: 1.20.1 in 1.20.1
[11May2026 19:16:55.628] [main/INFO] [AllTheLeaks/]: Mixins added to allowed list: [main.PlayerMixin, main.ChunkAccessMixin, main.LevelMixin, main.MinecraftServerMixin]
[11May2026 19:16:55.628] [main/INFO] [AllTheLeaks/]: Class dev.uncandango.alltheleaks.feature.common.mods.minecraft.ClearLeakedLevelChunks will be loaded as it matches versions: 1.20.1 in 1.20.1
[11May2026 19:16:55.628] [main/INFO] [AllTheLeaks/]: Mixins added to allowed list: [accessor.LevelAccessor, main.RebindableTickingBlockEntityWrapperMixin, accessor.LevelChunkAccessor]
[11May2026 19:16:55.882] [main/INFO] [com.cupboard.Cupboard/]: Loaded config for: structureessentials.json
[11May2026 19:16:56.052] [main/INFO] [net.minecraftforge.coremod.CoreMod.placebo/COREMODLOG]: Patching IForgeItemStack#getEnchantmentLevel
[11May2026 19:16:56.053] [main/INFO] [net.minecraftforge.coremod.CoreMod.placebo/COREMODLOG]: Patching IForgeItemStack#getEnchantmentLevel
[11May2026 19:16:56.066] [main/ERROR] [net.minecraftforge.fml.loading.RuntimeDistCleaner/DISTXFORM]: Attempted to load class net/minecraft/client/MouseHandler for invalid dist DEDICATED_SERVER
[11May2026 19:16:56.066] [main/WARN] [mixin/]: Error loading class: net/minecraft/client/MouseHandler (java.lang.RuntimeException: Attempted to load class net/minecraft/client/MouseHandler for invalid dist DEDICATED_SERVER)
[11May2026 19:16:56.066] [main/WARN] [mixin/]: @Mixin target net.minecraft.client.MouseHandler was not found fabric-screen-api-v1.mixins.json:MouseMixin
[11May2026 19:16:56.068] [main/ERROR] [net.minecraftforge.fml.loading.RuntimeDistCleaner/DISTXFORM]: Attempted to load class net/minecraft/client/gui/screens/Screen for invalid dist DEDICATED_SERVER
[11May2026 19:16:56.068] [main/WARN] [mixin/]: Error loading class: net/minecraft/client/gui/screens/Screen (java.lang.RuntimeException: Attempted to load class net/minecraft/client/gui/screens/Screen for invalid dist DEDICATED_SERVER)
[11May2026 19:16:56.068] [main/WARN] [mixin/]: @Mixin target net.minecraft.client.gui.screens.Screen was not found fabric-screen-api-v1.mixins.json:ScreenAccessor
[11May2026 19:16:56.144] [main/WARN] [mixin/]: Error loading class: uk/co/dotcode/asb/ModUtils (java.lang.ClassNotFoundException: uk.co.dotcode.asb.ModUtils)
[11May2026 19:16:56.145] [main/WARN] [mixin/]: @Mixin target uk.co.dotcode.asb.ModUtils was not found mobtimizations.mixins.json:MixinArmorSetBonusesImmuneCheck
[11May2026 19:16:56.305] [main/INFO] [com.cupboard.Cupboard/]: Loaded config for: recipeessentials.json
[11May2026 19:16:56.369] [main/WARN] [mixin/]: Error loading class: com/aetherteam/aether_genesis/block/natural/GreenAercloudBlock (java.lang.ClassNotFoundException: com.aetherteam.aether_genesis.block.natural.GreenAercloudBlock)
[11May2026 19:16:56.369] [main/WARN] [mixin/]: @Mixin target com.aetherteam.aether_genesis.block.natural.GreenAercloudBlock was not found aether_redux.mixins.json:common.block.GreenAercloudBlockMixin
[11May2026 19:16:56.388] [main/WARN] [mixin/]: Error loading class: com/aetherteam/aether_genesis/block/natural/OrangeTreeBlock (java.lang.ClassNotFoundException: com.aetherteam.aether_genesis.block.natural.OrangeTreeBlock)
[11May2026 19:16:56.388] [main/WARN] [mixin/]: @Mixin target com.aetherteam.aether_genesis.block.natural.OrangeTreeBlock was not found aether_redux.mixins.json:common.block.OrangeTreeMixin
[11May2026 19:16:56.394] [main/WARN] [mixin/]: Error loading class: com/aetherteam/aether_genesis/block/natural/PurpleAercloudBlock (java.lang.ClassNotFoundException: com.aetherteam.aether_genesis.block.natural.PurpleAercloudBlock)
[11May2026 19:16:56.394] [main/WARN] [mixin/]: @Mixin target com.aetherteam.aether_genesis.block.natural.PurpleAercloudBlock was not found aether_redux.mixins.json:common.block.PurpleAercloudBlockMixin
[11May2026 19:16:56.710] [main/WARN] [mixin/]: Error loading class: net/minecraft/client/renderer/entity/PhantomRenderer (java.lang.ClassNotFoundException: net.minecraft.client.renderer.entity.PhantomRenderer)
[11May2026 19:16:56.710] [main/WARN] [mixin/]: @Mixin target net.minecraft.client.renderer.entity.PhantomRenderer was not found mixins.deeperdarker.json:PhantomRendererMixin
[11May2026 19:16:58.024] [main/INFO] [MixinExtras|Service/]: Initializing MixinExtras via com.llamalad7.mixinextras.service.MixinExtrasServiceImpl(version=0.5.3).
[11May2026 19:16:58.477] [main/INFO] [mixin/]: Mixing server.MixinDedicatedServer from mixins/common/nochatreports.mixins.json into net.minecraft.server.dedicated.DedicatedServer
[11May2026 19:16:58.751] [main/WARN] [net.minecraft.SystemReport/]: Failed retrieving info for group hardware
java.lang.NoClassDefFoundError: com/sun/jna/Platform
	at oshi.SystemInfo.<clinit>(SystemInfo.java:60) ~[oshi-core-6.2.2.jar%2369!/:6.2.2]
	at net.minecraft.SystemReport.m_143564_(SystemReport.java:52) ~[server-1.20.1-20230612.114412-srg.jar%23775!/:?]
	at net.minecraft.SystemReport.m_143516_(SystemReport.java:82) ~[server-1.20.1-20230612.114412-srg.jar%23775!/:?]
	at net.minecraft.SystemReport.<init>(SystemReport.java:52) ~[server-1.20.1-20230612.114412-srg.jar%23775!/:?]
	at net.minecraft.CrashReport.<init>(CrashReport.java:31) ~[server-1.20.1-20230612.114412-srg.jar%23775!/:?]
	at net.minecraft.CrashReport.m_127529_(CrashReport.java:216) ~[server-1.20.1-20230612.114412-srg.jar%23775!/:?]
	at net.minecraft.server.Main.main(Main.java:116) ~[server-1.20.1-20230612.114412-srg.jar%23775!/:?]
	at jdk.internal.reflect.NativeMethodAccessorImpl.invoke0(Native Method) ~[?:?]
	at jdk.internal.reflect.NativeMethodAccessorImpl.invoke(NativeMethodAccessorImpl.java:77) ~[?:?]
	at jdk.internal.reflect.DelegatingMethodAccessorImpl.invoke(DelegatingMethodAccessorImpl.java:43) ~[?:?]
	at java.lang.reflect.Method.invoke(Method.java:569) ~[?:?]
	at net.minecraftforge.fml.loading.targets.CommonLaunchHandler.runTarget(CommonLaunchHandler.java:111) ~[fmlloader-1.20.1-47.4.20.jar%2367!/:?]
	at net.minecraftforge.fml.loading.targets.CommonLaunchHandler.serverService(CommonLaunchHandler.java:103) ~[fmlloader-1.20.1-47.4.20.jar%2367!/:?]
	at net.minecraftforge.fml.loading.targets.CommonServerLaunchHandler.lambda$makeService$0(CommonServerLaunchHandler.java:27) ~[fmlloader-1.20.1-47.4.20.jar%2367!/:?]
	at cpw.mods.modlauncher.LaunchServiceHandlerDecorator.launch(LaunchServiceHandlerDecorator.java:30) ~[modlauncher-10.0.9.jar%2353!/:?]
	at cpw.mods.modlauncher.LaunchServiceHandler.launch(LaunchServiceHandler.java:53) ~[modlauncher-10.0.9.jar%2353!/:?]
	at cpw.mods.modlauncher.LaunchServiceHandler.launch(LaunchServiceHandler.java:71) ~[modlauncher-10.0.9.jar%2353!/:?]
	at cpw.mods.modlauncher.Launcher.run(Launcher.java:108) ~[modlauncher-10.0.9.jar%2353!/:?]
	at cpw.mods.modlauncher.Launcher.main(Launcher.java:78) ~[modlauncher-10.0.9.jar%2353!/:?]
	at cpw.mods.modlauncher.BootstrapLaunchConsumer.accept(BootstrapLaunchConsumer.java:26) ~[modlauncher-10.0.9.jar%2353!/:?]
	at cpw.mods.modlauncher.BootstrapLaunchConsumer.accept(BootstrapLaunchConsumer.java:23) ~[modlauncher-10.0.9.jar%2353!/:?]
	at cpw.mods.bootstraplauncher.BootstrapLauncher.main(BootstrapLauncher.java:141) ~[bootstraplauncher-1.1.2.jar:?]
Caused by: java.lang.ClassNotFoundException: com.sun.jna.Platform
	at jdk.internal.loader.BuiltinClassLoader.loadClass(BuiltinClassLoader.java:641) ~[?:?]
	at java.lang.ClassLoader.loadClass(ClassLoader.java:525) ~[?:?]
	at cpw.mods.cl.ModuleClassLoader.loadClass(ModuleClassLoader.java:137) ~[securejarhandler-2.1.10.jar:?]
	at java.lang.ClassLoader.loadClass(ClassLoader.java:525) ~[?:?]
	... 22 more
[11May2026 19:16:58.829] [main/INFO] [net.minecraft.server.Bootstrap/]: ModernFix reached bootstrap stage (54.28 s after launch)
[11May2026 19:16:59.228] [main/INFO] [mixin/]: Mixing common.MixinFriendlyByteBuf from mixins/common/nochatreports.mixins.json into net.minecraft.network.FriendlyByteBuf
[11May2026 19:16:59.229] [main/INFO] [mixin/]: Renaming synthetic method lambda$onWriteJsonWithCodec$1(Ljava/lang/Object;Ljava/lang/String;)Lio/netty/handler/codec/EncoderException; to md52a90b$lambda$onWriteJsonWithCodec$1$0 in mixins/common/nochatreports.mixins.json:common.MixinFriendlyByteBuf
[11May2026 19:16:59.229] [main/INFO] [mixin/]: Renaming synthetic method lambda$onReadJsonWithCodec$0(Ljava/lang/String;)Lio/netty/handler/codec/DecoderException; to md52a90b$lambda$onReadJsonWithCodec$0$1 in mixins/common/nochatreports.mixins.json:common.MixinFriendlyByteBuf
[11May2026 19:16:59.309] [main/WARN] [mixin/]: @Final field delegatesByName:Ljava/util/Map; in modernfix-modernfix.mixins.json:perf.forge_registry_alloc.ForgeRegistryMixin should be final
[11May2026 19:16:59.310] [main/WARN] [mixin/]: @Final field delegatesByValue:Ljava/util/Map; in modernfix-modernfix.mixins.json:perf.forge_registry_alloc.ForgeRegistryMixin should be final
[11May2026 19:16:59.513] [main/INFO] [ModernFix/]: Injecting BlockStateBase cache population hook into getNeighborPathNodeType from me.jellysquid.mods.lithium.mixin.ai.pathing.AbstractBlockStateMixin
[11May2026 19:16:59.513] [main/INFO] [ModernFix/]: Injecting BlockStateBase cache population hook into getPathNodeType from me.jellysquid.mods.lithium.mixin.ai.pathing.AbstractBlockStateMixin
[11May2026 19:16:59.514] [main/INFO] [ModernFix/]: Injecting BlockStateBase cache population hook into getAllFlags from me.jellysquid.mods.lithium.mixin.util.block_tracking.AbstractBlockStateMixin
[11May2026 19:17:00.064] [main/WARN] [mixin/]: @Inject(@At("INVOKE")) Shift.BY=1 on crittersandcompanions.mixins.json:LivingEntityMixin::handler$dch000$onDie exceeds the maximum allowed value: 0. Increase the value of maxShiftBy to suppress this warning.
[11May2026 19:17:01.215] [main/INFO] [net.minecraft.server.Bootstrap/]: Vanilla bootstrap took 2381 milliseconds
[11May2026 19:17:01.574] [main/WARN] [mixin/]: @Redirect conflict. Skipping mixins.redirected_forge_1.20.1.json:net.minecraft.world.level.block.piston.PistonBaseBlockMixin->@Redirect::redirectDirections()[Lnet/minecraft/core/Direction; with priority 10, already redirected by lithium.mixins.json:alloc.enum_values.piston_block.PistonBlockMixin->@Redirect::removeAllocation()[Lnet/minecraft/core/Direction; with priority 1000
[11May2026 19:17:01.574] [main/WARN] [mixin/]: @Redirect conflict. Skipping mixins.redirected_forge_1.20.1.json:net.minecraft.world.level.block.piston.PistonBaseBlockMixin->@Redirect::redirectDirections()[Lnet/minecraft/core/Direction; with priority 10, already redirected by lithium.mixins.json:alloc.enum_values.piston_block.PistonBlockMixin->@Redirect::removeAllocation()[Lnet/minecraft/core/Direction; with priority 1000
[11May2026 19:17:01.625] [main/WARN] [mixin/]: @Redirect conflict. Skipping mixins.redirected_forge_1.20.1.json:net.minecraft.world.level.block.RedStoneWireBlockMixin->@Redirect::redirectDirections()[Lnet/minecraft/core/Direction; with priority 10, already redirected by lithium.mixins.json:alloc.enum_values.redstone_wire.RedstoneWireBlockMixin->@Redirect::removeAllocation1()[Lnet/minecraft/core/Direction; with priority 1000
[11May2026 19:17:01.626] [main/WARN] [mixin/]: @Redirect conflict. Skipping mixins.redirected_forge_1.20.1.json:net.minecraft.world.level.block.RedStoneWireBlockMixin->@Redirect::redirectDirections()[Lnet/minecraft/core/Direction; with priority 10, already redirected by lithium.mixins.json:alloc.enum_values.redstone_wire.RedstoneWireBlockMixin->@Redirect::removeAllocation2()[Lnet/minecraft/core/Direction; with priority 1000
[11May2026 19:17:02.129] [main/INFO] [net.minecraftforge.coremod.CoreMod.placebo/COREMODLOG]: Patching IForgeItemStack#getEnchantmentLevel
[11May2026 19:17:02.129] [main/INFO] [net.minecraftforge.coremod.CoreMod.placebo/COREMODLOG]: Patching IForgeItemStack#getEnchantmentLevel
[11May2026 19:17:02.289] [main/WARN] [mixin/]: @Redirect conflict. Skipping mixins.redirected_forge_1.20.1.json:net.minecraft.world.level.block.piston.PistonStructureResolverMixin->@Redirect::redirectDirections()[Lnet/minecraft/core/Direction; with priority 10, already redirected by lithium.mixins.json:alloc.enum_values.piston_handler.PistonHandlerMixin->@Redirect::removeAllocation()[Lnet/minecraft/core/Direction; with priority 1000
[11May2026 19:17:02.983] [main/WARN] [mixin/]: Method overwrite conflict for m_6596_ in amendments-common.mixins.json:LecternBlockEntityMixin, previously written by io.redspace.ironsspellbooks.mixin.LecternBlockEntityMixin. Skipping method.
[11May2026 19:17:02.983] [main/WARN] [mixin/]: Method overwrite conflict for m_5995_ in amendments-common.mixins.json:LecternBlockEntityUpdateMixin, previously written by io.redspace.ironsspellbooks.mixin.LecternBlockEntityMixin. Skipping method.
[11May2026 19:17:02.983] [main/WARN] [mixin/]: Method overwrite conflict for m_58483_ in amendments-common.mixins.json:LecternBlockEntityUpdateMixin, previously written by io.redspace.ironsspellbooks.mixin.LecternBlockEntityMixin. Skipping method.
[11May2026 19:17:03.780] [main/WARN] [mixin/]: Method overwrite conflict for dropLeash in smallships-common.mixins.json:leashing.BoatMixin, previously written by com.blackgear.vanillabackport.core.mixin.leashable.common.entities.BoatMixin. Skipping method.
[11May2026 19:17:03.781] [main/WARN] [mixin/]: Method overwrite conflict for isLeashed in smallships-common.mixins.json:leashing.BoatMixin, previously written by com.blackgear.vanillabackport.core.mixin.leashable.common.entities.BoatMixin. Skipping method.
[11May2026 19:17:03.781] [main/WARN] [mixin/]: Method overwrite conflict for getLeashHolder in smallships-common.mixins.json:leashing.BoatMixin, previously written by com.blackgear.vanillabackport.core.mixin.leashable.common.entities.BoatMixin. Skipping method.
[11May2026 19:17:03.782] [main/WARN] [mixin/]: Method overwrite conflict for setLeashedTo in smallships-common.mixins.json:leashing.BoatMixin, previously written by com.blackgear.vanillabackport.core.mixin.leashable.common.entities.BoatMixin. Skipping method.
[11May2026 19:17:03.933] [main/WARN] [mixin/]: @Inject(@At("INVOKE")) Shift.BY=2 on witherstormmod.mixins.json:MixinSwellGoal::handler$dpi000$canUseInvoke exceeds the maximum allowed value: 0. Increase the value of maxShiftBy to suppress this warning.
[11May2026 19:17:04.710] [main/INFO] [mixin/]: Mixing server.MixinServerGamePacketListenerImpl from mixins/common/nochatreports.mixins.json into net.minecraft.server.network.ServerGamePacketListenerImpl
[11May2026 19:17:05.381] [main/WARN] [mixin/]: Mixin alexscaves.mixins.json:SwampHutPieceMixin has multiple constructors, (Lnet/minecraft/world/level/levelgen/structure/pieces/StructurePieceType;IIIIIILnet/minecraft/core/Direction;)V was selected

[11May2026 19:17:05.467] [main/WARN] [mixin/]: @ModifyConstant conflict. Skipping dungeonnowloading.forge.mixins.json:forge.structures.StructurePoolMixin->@ModifyConstant::dungeonnowloading_increaseWeightLimit(I)I with priority 1000, already redirected by yungsapi_forge.mixins.json:IncreaseStructureWeightLimitMixinForge->@ModifyConstant::yungsapi_increaseWeightLimit(I)I with priority 1000
[11May2026 19:17:05.546] [main/WARN] [mixin/]: Static binding violation: PRIVATE @Overwrite method m_47505_ in modernfix-modernfix.mixins.json:perf.remove_biome_temperature_cache.BiomeMixin cannot reduce visibiliy of PUBLIC target method, visibility will be upgraded.
[11May2026 19:17:05.549] [main/WARN] [mixin/]: Method overwrite conflict for m_47505_ in lithium.mixins.json:world.temperature_cache.BiomeMixin, previously written by org.embeddedt.modernfix.common.mixin.perf.remove_biome_temperature_cache.BiomeMixin. Skipping method.
[11May2026 19:17:06.527] [modloading-worker-0/INFO] [snownee.snow.SnowRealMagic/]: SereneSeasons detected. Overriding weather behavior.
[11May2026 19:17:06.890] [modloading-worker-0/INFO] [mixin/]: Mixing server.MixinPlayerList from mixins/common/nochatreports.mixins.json into net.minecraft.server.players.PlayerList
[11May2026 19:17:07.013] [modloading-worker-0/INFO] [Puzzles Lib/]: Constructing common components for tinyskeletons:main
[11May2026 19:17:07.062] [modloading-worker-0/INFO] [realmayus.aquatictorches.AquaticTorches/]: Aquatic Torches loaded.
[11May2026 19:17:07.242] [modloading-worker-0/INFO] [Puzzles Lib/]: Constructing common components for echochest:main
[11May2026 19:17:07.264] [modloading-worker-0/INFO] [com.autovw.advancednetherite.AdvancedNetherite/]: Initializing platform helper for Advanced Netherite!
[11May2026 19:17:07.373] [modloading-worker-0/INFO] [com.aetherteam.cumulus.Cumulus/]: Disabling Cumulus as it is on server.
[11May2026 19:17:07.408] [modloading-worker-0/WARN] [mixin/]: Method overwrite conflict for getPools in galosphere.mixins.json:LootTableAccessor, previously written by com.blackgear.platform.core.mixin.forge.LootTableMixin. Skipping method.
[11May2026 19:17:07.514] [modloading-worker-0/INFO] [Puzzles Lib/]: Constructing common components for netherchested:main
[11May2026 19:17:07.565] [modloading-worker-0/INFO] [STDOUT/]: [io.ejekta.kambrik.KambrikModForge:<clinit>:22]: Service loaders found: [io.ejekta.kambrik.bridge.KambrikSharedApiForge@5354367f]
[11May2026 19:17:07.688] [modloading-worker-0/INFO] [TimeOnDisplay/]: Hello Forge world!
[11May2026 19:17:07.697] [modloading-worker-0/INFO] [TimeOnDisplay/]: Hello from TimeOnDisplay Common init on Forge! we are currently in a production environment!
[11May2026 19:17:07.697] [modloading-worker-0/INFO] [TimeOnDisplay/]: The ID for diamonds is minecraft:diamond
[11May2026 19:17:07.697] [modloading-worker-0/INFO] [TimeOnDisplay/]: Hello to TimeOnDisplay
[11May2026 19:17:07.820] [modloading-worker-0/INFO] [Puzzles Lib/]: Constructing common components for mutantmonsters:main
[11May2026 19:17:07.880] [modloading-worker-0/INFO] [Puzzles Lib/]: Constructing common components for visualworkbench:main
[11May2026 19:17:08.008] [modloading-worker-0/INFO] [STDOUT/]: [dev.hexnowloading.dungeonnowloading.registry.DNLPackets:registerServerbound:8]: [DNLPackets] registerServerbound()
[11May2026 19:17:08.369] [modloading-worker-0/INFO] [necronomicon/]: Necronomicon Initialized
[11May2026 19:17:08.378] [modloading-worker-0/INFO] [necronomicon/]: File exists, reading config for elocindev.necronomicon.NecronomiconConfig.
[11May2026 19:17:08.384] [modloading-worker-0/INFO] [necronomicon/]: Config for elocindev.necronomicon.NecronomiconConfig read successfully.
[11May2026 19:17:08.624] [modloading-worker-0/INFO] [End's Phantasm/]: [Phantasm] Loading Configs for Phantasm
[11May2026 19:17:08.654] [modloading-worker-0/INFO] [Dungeon Now Loading/]: Hello Forge world!
[11May2026 19:17:08.658] [modloading-worker-0/WARN] [End's Phantasm/]: [Phantasm] Couldn't find config value for path : "[generation, raw_purpur, enable]", defaulting to true
[11May2026 19:17:08.659] [modloading-worker-0/WARN] [End's Phantasm/]: [Phantasm] Couldn't find config value for path : "[generation, raw_purpur, first_stripe]", defaulting to 29
[11May2026 19:17:08.659] [modloading-worker-0/WARN] [End's Phantasm/]: [Phantasm] Couldn't find config value for path : "[generation, fallen_stars, enable]", defaulting to true
[11May2026 19:17:08.660] [modloading-worker-0/WARN] [End's Phantasm/]: [Phantasm] Couldn't find config value for path : "[generation, biomes, datapack_compatibility]", defaulting to automatic
[11May2026 19:17:08.661] [modloading-worker-0/WARN] [End's Phantasm/]: [Phantasm] Couldn't find config value for path : "[generation, biomes, noise_scale]", defaulting to 2
[11May2026 19:17:08.661] [modloading-worker-0/WARN] [End's Phantasm/]: [Phantasm] Couldn't find config value for path : "[generation, biomes, weights, end_highlands]", defaulting to 1.2
[11May2026 19:17:08.662] [modloading-worker-0/WARN] [End's Phantasm/]: [Phantasm] Couldn't find config value for path : "[generation, biomes, weights, dreaming_den]", defaulting to 1.5
[11May2026 19:17:08.662] [modloading-worker-0/WARN] [End's Phantasm/]: [Phantasm] Couldn't find config value for path : "[generation, biomes, weights, acidburnt_abysses]", defaulting to 1.2
[11May2026 19:17:08.662] [modloading-worker-0/WARN] [End's Phantasm/]: [Phantasm] Couldn't find config value for path : "[general, outer_end_before_dragon]", defaulting to true
[11May2026 19:17:08.663] [modloading-worker-0/WARN] [End's Phantasm/]: [Phantasm] Couldn't find config value for path : "[general, show_cutscene]", defaulting to true
[11May2026 19:17:08.663] [modloading-worker-0/WARN] [End's Phantasm/]: [Phantasm] Couldn't find config value for path : "[general, dark_end]", defaulting to false
[11May2026 19:17:08.667] [modloading-worker-0/WARN] [End's Phantasm/]: [Phantasm] Couldn't find config value for path : "[general, challenge, alternate_barrier]", defaulting to false
[11May2026 19:17:08.667] [modloading-worker-0/WARN] [End's Phantasm/]: [Phantasm] Couldn't find config value for path : "[general, challenge, radius]", defaulting to 16
[11May2026 19:17:08.668] [modloading-worker-0/WARN] [End's Phantasm/]: [Phantasm] Couldn't find config value for path : "[general, dragon_fight, explosive_fireballs]", defaulting to true
[11May2026 19:17:08.668] [modloading-worker-0/WARN] [End's Phantasm/]: [Phantasm] Couldn't find config value for path : "[general, dragon_fight, passive_endermen]", defaulting to false
[11May2026 19:17:08.668] [modloading-worker-0/WARN] [End's Phantasm/]: [Phantasm] Couldn't find config value for path : "[general, dragon_fight, obsidian_tower, beautify]", defaulting to true
[11May2026 19:17:08.669] [modloading-worker-0/WARN] [End's Phantasm/]: [Phantasm] Couldn't find config value for path : "[general, dragon_fight, obsidian_tower, no_crystal_cages]", defaulting to false
[11May2026 19:17:08.669] [modloading-worker-0/WARN] [End's Phantasm/]: [Phantasm] Couldn't find config value for path : "[general, dragon_fight, obsidian_tower, extra_height]", defaulting to 0
[11May2026 19:17:08.671] [modloading-worker-0/WARN] [End's Phantasm/]: [Phantasm] Couldn't find config value for path : "[general, equipment, elytra, boost_advancement]", defaulting to minecraft:end/kill_dragon
[11May2026 19:17:08.671] [modloading-worker-0/WARN] [End's Phantasm/]: [Phantasm] Couldn't find config value for path : "[general, equipment, elytra, has_challenge]", defaulting to true
[11May2026 19:17:08.672] [modloading-worker-0/WARN] [End's Phantasm/]: [Phantasm] Couldn't find config value for path : "[general, equipment, elytra, challenge_rune_offset]", defaulting to [0.0, 2.0, 8.0]
[11May2026 19:17:08.672] [modloading-worker-0/WARN] [End's Phantasm/]: [Phantasm] Couldn't find config value for path : "[general, equipment, shattered_pendant, durability]", defaulting to 6
[11May2026 19:17:08.672] [modloading-worker-0/WARN] [End's Phantasm/]: [Phantasm] Couldn't find config value for path : "[dreaming_den, entities, behemoth, aggro_range]", defaulting to 6
[11May2026 19:17:08.672] [modloading-worker-0/WARN] [End's Phantasm/]: [Phantasm] Couldn't find config value for path : "[dreaming_den, entities, behemoth, sneaking_aggro_range]", defaulting to 0
[11May2026 19:17:08.672] [modloading-worker-0/WARN] [End's Phantasm/]: [Phantasm] Couldn't find config value for path : "[dreaming_den, equipment, chorus_fruit_salad, teleportation]", defaulting to true
[11May2026 19:17:08.672] [modloading-worker-0/WARN] [End's Phantasm/]: [Phantasm] Couldn't find config value for path : "[dreaming_den, equipment, chorus_fruit_salad, stack_size]", defaulting to 4
[11May2026 19:17:08.673] [modloading-worker-0/WARN] [End's Phantasm/]: [Phantasm] Couldn't find config value for path : "[dreaming_den, equipment, crystalline_tools, durability]", defaulting to 712
[11May2026 19:17:08.673] [modloading-worker-0/WARN] [End's Phantasm/]: [Phantasm] Couldn't find config value for path : "[dreaming_den, equipment, crystalline_tools, efficiency_boost]", defaulting to 3
[11May2026 19:17:08.673] [modloading-worker-0/WARN] [End's Phantasm/]: [Phantasm] Couldn't find config value for path : "[acidburnt_abysses, equipment, choral_arrow, crossbow_range]", defaulting to 10
[11May2026 19:17:08.673] [modloading-worker-0/WARN] [End's Phantasm/]: [Phantasm] Couldn't find config value for path : "[acidburnt_abysses, equipment, choral_arrow, charm_duration]", defaulting to 20
[11May2026 19:17:08.673] [modloading-worker-0/WARN] [End's Phantasm/]: [Phantasm] Couldn't find config value for path : "[acidburnt_abysses, equipment, choral_arrow, player_charm_duration]", defaulting to 40
[11May2026 19:17:08.676] [modloading-worker-0/WARN] [End's Phantasm/]: [Phantasm] Couldn't find config value for path : "[acidburnt_abysses, equipment, subwoofer, range]", defaulting to 8
[11May2026 19:17:08.676] [modloading-worker-0/WARN] [End's Phantasm/]: [Phantasm] Couldn't find config value for path : "[acidburnt_abysses, equipment, corrosion, damage_multiplier]", defaulting to 0.2
[11May2026 19:17:08.676] [modloading-worker-0/WARN] [End's Phantasm/]: [Phantasm] Couldn't find config value for path : "[acidburnt_abysses, equipment, corrosion, corrosive_food, pomb_slice]", defaulting to 60
[11May2026 19:17:08.677] [modloading-worker-0/WARN] [End's Phantasm/]: [Phantasm] Couldn't find config value for path : "[acidburnt_abysses, equipment, corrosion, corrosive_food, pop_rock_candy]", defaulting to 120
[11May2026 19:17:08.677] [modloading-worker-0/WARN] [End's Phantasm/]: [Phantasm] Couldn't find config value for path : "[acidburnt_abysses, equipment, corrosion, corrosive_food, duration]", defaulting to 80
[11May2026 19:17:08.677] [modloading-worker-0/WARN] [End's Phantasm/]: [Phantasm] Couldn't find config value for path : "[acidburnt_abysses, equipment, corrosion, corrosive_food, amplifier]", defaulting to 0
[11May2026 19:17:08.677] [modloading-worker-0/WARN] [End's Phantasm/]: [Phantasm] Couldn't find config value for path : "[acidburnt_abysses, equipment, corrosion, falling_pomb, damage]", defaulting to 5
[11May2026 19:17:08.677] [modloading-worker-0/WARN] [End's Phantasm/]: [Phantasm] Couldn't find config value for path : "[acidburnt_abysses, equipment, corrosion, falling_pomb, duration]", defaulting to 200
[11May2026 19:17:08.677] [modloading-worker-0/WARN] [End's Phantasm/]: [Phantasm] Couldn't find config value for path : "[acidburnt_abysses, equipment, corrosion, falling_pomb, amplifier]", defaulting to 0
[11May2026 19:17:08.677] [modloading-worker-0/WARN] [End's Phantasm/]: [Phantasm] Your Phantasm configs are outdated! Consider deleting them so they can refresh
[11May2026 19:17:08.848] [modloading-worker-0/INFO] [End's Phantasm/]: [Phantasm] Registering Sounds for mod id : phantasm
[11May2026 19:17:08.939] [modloading-worker-0/INFO] [Puzzles Lib/]: Constructing common components for illagerinvasion:main
[11May2026 19:17:09.093] [modloading-worker-0/WARN] [mixin/]: @Redirect conflict. Skipping recipeessentials.mixins.json:RecipeManagerMixin->@Redirect::logErrorOnce(Lorg/slf4j/Logger;Ljava/lang/String;Ljava/lang/Object;Ljava/lang/Object;)V with priority 200, already redirected by modernfix-modernfix.mixins.json:perf.datapack_reload_exceptions.RecipeManagerMixin->@Redirect::silenceException(Lorg/slf4j/Logger;Ljava/lang/String;Ljava/lang/Object;Ljava/lang/Object;)V with priority 2000
[11May2026 19:17:09.153] [modloading-worker-0/INFO] [Bookshelf/]: Fixing MC-151457. Crafting remainder for minecraft:pufferfish_bucket is now minecraft:bucket.
[11May2026 19:17:09.154] [modloading-worker-0/INFO] [Bookshelf/]: Fixing MC-151457. Crafting remainder for minecraft:salmon_bucket is now minecraft:bucket.
[11May2026 19:17:09.154] [modloading-worker-0/INFO] [Bookshelf/]: Fixing MC-151457. Crafting remainder for minecraft:cod_bucket is now minecraft:bucket.
[11May2026 19:17:09.154] [modloading-worker-0/INFO] [Bookshelf/]: Fixing MC-151457. Crafting remainder for minecraft:tropical_fish_bucket is now minecraft:bucket.
[11May2026 19:17:09.154] [modloading-worker-0/INFO] [Bookshelf/]: Fixing MC-151457. Crafting remainder for minecraft:axolotl_bucket is now minecraft:bucket.
[11May2026 19:17:09.154] [modloading-worker-0/INFO] [Bookshelf/]: Fixing MC-151457. Crafting remainder for minecraft:powder_snow_bucket is now minecraft:bucket.
[11May2026 19:17:09.154] [modloading-worker-0/INFO] [Bookshelf/]: Fixing MC-151457. Crafting remainder for minecraft:tadpole_bucket is now minecraft:bucket.
[11May2026 19:17:09.338] [modloading-worker-0/INFO] [de.keksuccino.melody.Melody/]: [MELODY] Disabling Melody since it's loaded server-side.
[11May2026 19:17:09.340] [modloading-worker-0/INFO] [de.keksuccino.konkrete.Konkrete/]: [KONKRETE] Successfully initialized!
[11May2026 19:17:09.340] [modloading-worker-0/INFO] [de.keksuccino.konkrete.Konkrete/]: [KONKRETE] Server-side libs ready to use!
[11May2026 19:17:09.342] [modloading-worker-0/INFO] [Puzzles Lib/]: Constructing common components for diagonalwalls:main
[11May2026 19:17:09.352] [modloading-worker-0/INFO] [Puzzles Lib/]: Constructing common components for diagonalblocks:main
[11May2026 19:17:09.390] [modloading-worker-0/INFO] [Puzzles Lib/]: Constructing common components for arcanelanterns:main
[11May2026 19:17:09.543] [modloading-worker-0/INFO] [Puzzles Lib/]: Constructing common components for diagonalwindows:main
[11May2026 19:17:09.559] [modloading-worker-0/INFO] [com.cupboard.Cupboard/]: Loaded config for: memorysettings.json
[11May2026 19:17:09.560] [modloading-worker-0/WARN] [com.memorysettings.config.CommonConfiguration/]: You have more more memory allocated than recommended for your system, the recommended amount for your system is: 8000 mb.

[11May2026 19:17:09.570] [modloading-worker-0/INFO] [fr.samlegamer.mcwbiomesoplenty.McwBOP/]: Macaw's Biomes O' Plenty Loading...
[11May2026 19:17:09.604] [modloading-worker-0/INFO] [STDOUT/]: [net.valhelsia.valhelsia_core.api.common.item.tab.forge.CreativeTabFactoryImpl:create:15]: TEST
[11May2026 19:17:09.605] [modloading-worker-0/INFO] [STDOUT/]: [net.valhelsia.valhelsia_core.api.common.item.tab.forge.CreativeTabFactoryImpl:create:21]: TEST2
[11May2026 19:17:09.639] [modloading-worker-0/INFO] [fr.samlegamer.addonslib.AddonsLib/]: AddonsLib Forge !
[11May2026 19:17:09.674] [modloading-worker-0/INFO] [fr.samlegamer.mcwbiomesoplenty.McwBOP/]: Macaw's Biomes O' Plenty Is Charged !
[11May2026 19:17:09.730] [modloading-worker-0/INFO] [com.cupboard.Cupboard/]: Loaded config for: cupboard.json
[11May2026 19:17:09.845] [modloading-worker-0/INFO] [snownee.kiwi.Kiwi/INIT]: Processing 7 KiwiModule annotations
[11May2026 19:17:10.098] [modloading-worker-0/INFO] [dev.architectury.networking.forge.NetworkManagerImpl/]: Registering C2S receiver with id architectury:sync_ids
[11May2026 19:17:10.099] [modloading-worker-0/INFO] [dev.architectury.networking.forge.NetworkManagerImpl/]: Registering C2S receiver with id artifacts:networking_channel/42a7ad70b1cc371599a0eff744096b8a
[11May2026 19:17:10.102] [modloading-worker-0/INFO] [dev.architectury.networking.forge.NetworkManagerImpl/]: Registering C2S receiver with id artifacts:networking_channel/74a5e841822a3a87854ae896a33430d6
[11May2026 19:17:10.108] [modloading-worker-0/INFO] [dev.architectury.networking.forge.NetworkManagerImpl/]: Registering C2S receiver with id artifacts:networking_channel/eb3d1e2748533430848cadf0f37c7e9c
[11May2026 19:17:10.113] [modloading-worker-0/INFO] [dev.architectury.networking.forge.NetworkManagerImpl/]: Registering C2S receiver with id artifacts:networking_channel/91c8520f19f93b3e8b6a727568e194ab
[11May2026 19:17:10.114] [modloading-worker-0/INFO] [dev.architectury.networking.forge.NetworkManagerImpl/]: Registering C2S receiver with id artifacts:networking_channel/8c2784d778293fd482ed84b8aa5fedb9
[11May2026 19:17:10.116] [modloading-worker-0/INFO] [dev.architectury.networking.forge.NetworkManagerImpl/]: Registering C2S receiver with id artifacts:networking_channel/ea038224ea783d40b2863f52239e2604
[11May2026 19:17:10.117] [modloading-worker-0/INFO] [dev.architectury.networking.forge.NetworkManagerImpl/]: Registering C2S receiver with id artifacts:networking_channel/97ad64b7ecaf33209991c4f031501a58
[11May2026 19:17:10.169] [modloading-worker-0/INFO] [Spartan Shields/]: Constructing Mod: Spartan Shields
[11May2026 19:17:10.197] [modloading-worker-0/INFO] [Puzzles Lib/]: Constructing common components for diagonalfences:main
[11May2026 19:17:10.272] [modloading-worker-0/INFO] [Puzzles Lib/]: Constructing common components for easyanvils:main
[11May2026 19:17:10.291] [modloading-worker-0/INFO] [scena-forge/]: Initialized scena-forge
[11May2026 19:17:10.648] [modloading-worker-0/INFO] [ironfurnaces.IronFurnaces/]: Initializing Update Checker...
[11May2026 19:17:10.649] [Iron Furnaces Update Checker/INFO] [ironfurnaces.IronFurnaces/]: Starting Update Check...
[11May2026 19:17:10.666] [modloading-worker-0/INFO] [dev.architectury.networking.forge.NetworkManagerImpl/]: Registering C2S receiver with id powah:packet
[11May2026 19:17:10.673] [Iron Furnaces Update Checker/INFO] [ironfurnaces.IronFurnaces/]: Update Check done!
[11May2026 19:17:10.676] [Iron Furnaces Update Checker/INFO] [ironfurnaces.IronFurnaces/]: Iron Furnaces is up to date!
[11May2026 19:17:10.816] [modloading-worker-0/INFO] [coroutil/]: forge loader environment detected
[11May2026 19:17:10.859] [modloading-worker-0/INFO] [Puzzles Lib/]: Constructing common components for effectdescriptions:main
[11May2026 19:17:10.875] [modloading-worker-0/INFO] [Puzzles Lib/]: Constructing common components for puzzlesapi:iteminteractions
[11May2026 19:17:10.889] [modloading-worker-0/INFO] [Puzzles Lib/]: Constructing common components for puzzlesapi:slotcycling
[11May2026 19:17:10.891] [modloading-worker-0/INFO] [Puzzles Lib/]: Constructing common components for puzzlesapi:limitlesscontainers
[11May2026 19:17:10.907] [modloading-worker-0/INFO] [Puzzles Lib/]: Constructing common components for puzzlesapi:statues
[11May2026 19:17:10.991] [modloading-worker-0/INFO] [Puzzles Lib/]: Constructing common components for universalbonemeal:main
[11May2026 19:17:11.119] [modloading-worker-0/INFO] [Puzzles Lib/]: Constructing common components for stoneworks:main
[11May2026 19:17:11.166] [modloading-worker-0/INFO] [STDOUT/]: [com.tiviacz.travelersbackpack.TravelersBackpack:readOldCommonConfig:180]: curiosIntegration not found in the [common.backpackSettings] section.
[11May2026 19:17:11.568] [modloading-worker-0/INFO] [graveyard/]: Registered JSON trade offer adapter.
[11May2026 19:17:11.592] [modloading-worker-0/INFO] [net.minecraftforge.common.ForgeMod/FORGEMOD]: Forge mod loading, version 47.4.20, for MC 1.20.1 with MCP 20230612.114412
[11May2026 19:17:11.592] [modloading-worker-0/INFO] [net.minecraftforge.common.MinecraftForge/FORGE]: MinecraftForge v47.4.20 Initialized
[11May2026 19:17:11.623] [modloading-worker-0/INFO] [NoChatReports/]: KONNICHIWA ZA WARUDO!
[11May2026 19:17:11.624] [modloading-worker-0/INFO] [NoChatReports/]: Default JVM text encoding is: UTF-8
[11May2026 19:17:11.631] [modloading-worker-0/INFO] [NoChatReports/]: Reading config file NoChatReports/NCR-Common.json...
[11May2026 19:17:11.637] [modloading-worker-0/INFO] [NoChatReports/]: Writing config file NoChatReports/NCR-Common.json...
[11May2026 19:17:11.660] [modloading-worker-0/INFO] [thedarkcolour.kotlinforforge.test.KotlinForForge/]: Kotlin For Forge Enabled!
[11May2026 19:17:11.776] [modloading-worker-0/INFO] [Puzzles Lib/]: Constructing common components for puzzleslib:main
[11May2026 19:17:11.933] [modloading-worker-0/INFO] [zeta/]: Doing super early config setup for zeta
[11May2026 19:17:11.970] [modloading-worker-0/WARN] [mixinsquared-annotation-adjuster/]: Modified mixin "dev.uncandango.alltheleaks.mixin.core.main.RecipeCrawlHandlerMixin". Check debug logs for more information.
[11May2026 19:17:11.972] [modloading-worker-0/WARN] [mixinsquared-annotation-adjuster/]: Modified mixin "dev.uncandango.alltheleaks.mixin.core.main.RecipeCrawlHandlerMixin". Check debug logs for more information.
[11May2026 19:17:11.978] [modloading-worker-0/WARN] [mixinsquared-annotation-adjuster/]: Modified mixin "dev.uncandango.alltheleaks.mixin.core.main.RecipeCrawlHandlerMixin". Check debug logs for more information.
[11May2026 19:17:12.084] [Modding Legacy/blue_skies/Supporters thread/INFO] [ModdingLegacy/blue_skies/Supporter/]: Attempting to load the Modding Legacy supporters list from https://moddinglegacy.com/supporters-changelogs/supporters.txt
[11May2026 19:17:12.171] [modloading-worker-0/INFO] [ModernFix/]: Bypassed Mojang DFU
[11May2026 19:17:12.171] [modloading-worker-0/INFO] [ModernFix/]: Instantiating Mojang DFU
[11May2026 19:17:12.308] [Modding Legacy/blue_skies/Supporters thread/INFO] [ModdingLegacy/blue_skies/Supporter/]: Successfully loaded the Modding Legacy supporters list.
[11May2026 19:17:12.404] [modloading-worker-0/INFO] [teamrazor.deepaether.DeepAether/]: Deep Aether: Registering Aether Lost Content compat items
[11May2026 19:17:12.406] [modloading-worker-0/INFO] [teamrazor.deepaether.DeepAether/]: Deep Aether: Registering Aether Lost Content compat items
[11May2026 19:17:12.407] [modloading-worker-0/INFO] [teamrazor.deepaether.DeepAether/]: Deep Aether: Registering Aether Redux compat items
[11May2026 19:17:12.492] [modloading-worker-0/INFO] [teamrazor.deepaether.DeepAether/]: Deep Aether: Registering Aether Redux compat blocks
[11May2026 19:17:12.492] [modloading-worker-0/INFO] [teamrazor.deepaether.DeepAether/]: Deep Aether: Registering Aether Redux compat blocks
[11May2026 19:17:12.493] [modloading-worker-0/INFO] [teamrazor.deepaether.DeepAether/]: Deep Aether: Registering Aether Redux compat blocks
[11May2026 19:17:12.494] [modloading-worker-0/INFO] [teamrazor.deepaether.DeepAether/]: Deep Aether: Registering Aether Redux compat blocks
[11May2026 19:17:12.494] [modloading-worker-0/INFO] [teamrazor.deepaether.DeepAether/]: Deep Aether: Registering Aether Redux compat blocks
[11May2026 19:17:12.494] [modloading-worker-0/INFO] [teamrazor.deepaether.DeepAether/]: Deep Aether: Registering Aether Redux compat blocks
[11May2026 19:17:12.495] [modloading-worker-0/INFO] [teamrazor.deepaether.DeepAether/]: Deep Aether: Registering Aether Redux compat blocks
[11May2026 19:17:12.495] [modloading-worker-0/INFO] [teamrazor.deepaether.DeepAether/]: Deep Aether: Registering Aether Redux compat blocks
[11May2026 19:17:12.496] [modloading-worker-0/INFO] [teamrazor.deepaether.DeepAether/]: Deep Aether: Registering Aether Redux compat blocks
[11May2026 19:17:12.497] [modloading-worker-0/INFO] [teamrazor.deepaether.DeepAether/]: Deep Aether: Registering Aether Redux compat blocks
[11May2026 19:17:12.497] [modloading-worker-0/INFO] [teamrazor.deepaether.DeepAether/]: Deep Aether: Registering Aether Redux compat blocks
[11May2026 19:17:12.497] [modloading-worker-0/INFO] [teamrazor.deepaether.DeepAether/]: Deep Aether: Registering Aether Redux compat blocks
[11May2026 19:17:12.500] [modloading-worker-0/INFO] [teamrazor.deepaether.DeepAether/]: Deep Aether: Registering Aether Redux compat blocks
[11May2026 19:17:12.500] [modloading-worker-0/INFO] [teamrazor.deepaether.DeepAether/]: Deep Aether: Registering Aether Redux compat blocks
[11May2026 19:17:12.500] [modloading-worker-0/INFO] [teamrazor.deepaether.DeepAether/]: Deep Aether: Registering Aether Redux compat blocks
[11May2026 19:17:12.501] [modloading-worker-0/INFO] [teamrazor.deepaether.DeepAether/]: Deep Aether: Registering Aether Redux compat blocks
[11May2026 19:17:12.804] [modloading-worker-0/INFO] [net.blay09.mods.balm.forge.config.ForgeBalmConfig/]: Registering config for kleeslabs:common (COMMON) with 3 properties.
[11May2026 19:17:12.806] [modloading-worker-0/INFO] [Puzzles Lib/]: Constructing common components for horseexpert:main
[11May2026 19:17:13.820] [modloading-worker-0/INFO] [Collective/]: Loading Collective version 8.19.
[11May2026 19:17:13.903] [modloading-worker-0/INFO] [Spartan Weaponry/]: Constructing Mod: Spartan Weaponry
[11May2026 19:17:13.904] [modloading-worker-0/INFO] [Spartan Weaponry/]: Initialising API! Version: 12
[11May2026 19:17:13.908] [modloading-worker-0/INFO] [Spartan Weaponry/]: Spartan Weaponry API version 12 has been initalized!
[11May2026 19:17:14.222] [modloading-worker-0/INFO] [dev.architectury.networking.forge.NetworkManagerImpl/]: Registering C2S receiver with id otyacraftengine:block_entity_instruction
[11May2026 19:17:14.223] [modloading-worker-0/INFO] [dev.architectury.networking.forge.NetworkManagerImpl/]: Registering C2S receiver with id otyacraftengine:item_instruction
[11May2026 19:17:14.278] [modloading-worker-0/INFO] [dev.architectury.networking.forge.NetworkManagerImpl/]: Registering C2S receiver with id iammusicplayer:music_sync
[11May2026 19:17:14.279] [modloading-worker-0/INFO] [dev.architectury.networking.forge.NetworkManagerImpl/]: Registering C2S receiver with id iammusicplayer:music_playlist_add
[11May2026 19:17:14.280] [modloading-worker-0/INFO] [dev.architectury.networking.forge.NetworkManagerImpl/]: Registering C2S receiver with id iammusicplayer:music_playlist_edit
[11May2026 19:17:14.281] [modloading-worker-0/INFO] [dev.architectury.networking.forge.NetworkManagerImpl/]: Registering C2S receiver with id iammusicplayer:music_playlist_change_authority
[11May2026 19:17:14.281] [modloading-worker-0/INFO] [dev.architectury.networking.forge.NetworkManagerImpl/]: Registering C2S receiver with id iammusicplayer:music_add
[11May2026 19:17:14.282] [modloading-worker-0/INFO] [dev.architectury.networking.forge.NetworkManagerImpl/]: Registering C2S receiver with id iammusicplayer:music_edit
[11May2026 19:17:14.282] [modloading-worker-0/INFO] [dev.architectury.networking.forge.NetworkManagerImpl/]: Registering C2S receiver with id iammusicplayer:music_ring_ready_result
[11May2026 19:17:14.282] [modloading-worker-0/INFO] [dev.architectury.networking.forge.NetworkManagerImpl/]: Registering C2S receiver with id iammusicplayer:music_ring_update_result
[11May2026 19:17:14.282] [modloading-worker-0/INFO] [dev.architectury.networking.forge.NetworkManagerImpl/]: Registering C2S receiver with id iammusicplayer:music_or_playlist_delete
[11May2026 19:17:14.283] [modloading-worker-0/INFO] [dev.architectury.networking.forge.NetworkManagerImpl/]: Registering C2S receiver with id iammusicplayer:multiple_music_add
[11May2026 19:17:14.283] [modloading-worker-0/INFO] [dev.architectury.networking.forge.NetworkManagerImpl/]: Registering C2S receiver with id iammusicplayer:hand_lid_cycle
[11May2026 19:17:14.320] [modloading-worker-0/INFO] [dev.architectury.networking.forge.NetworkManagerImpl/]: Registering C2S receiver with id ftblibrary:edit_nbt_response
[11May2026 19:17:14.351] [modloading-worker-0/INFO] [dev.architectury.networking.forge.NetworkManagerImpl/]: Registering C2S receiver with id ftbteams:open_gui
[11May2026 19:17:14.353] [modloading-worker-0/INFO] [dev.architectury.networking.forge.NetworkManagerImpl/]: Registering C2S receiver with id ftbteams:update_settings
[11May2026 19:17:14.356] [modloading-worker-0/INFO] [dev.architectury.networking.forge.NetworkManagerImpl/]: Registering C2S receiver with id ftbteams:send_message
[11May2026 19:17:14.359] [modloading-worker-0/INFO] [dev.architectury.networking.forge.NetworkManagerImpl/]: Registering C2S receiver with id ftbteams:create_party
[11May2026 19:17:14.364] [modloading-worker-0/INFO] [dev.architectury.networking.forge.NetworkManagerImpl/]: Registering C2S receiver with id ftbteams:player_gui_operation
[11May2026 19:17:14.607] [modloading-worker-0/INFO] [Puzzles Lib/]: Constructing common components for tradingpost:main
[11May2026 19:17:14.623] [modloading-worker-0/INFO] [net.blay09.mods.balm.forge.config.ForgeBalmConfig/]: Registering config for trashslot:common (COMMON) with 5 properties.
[11May2026 19:17:14.647] [Thread-7/WARN] [Collective/]: [Update] Collective has an update available: 8.19 -> 8.22
[11May2026 19:17:14.649] [modloading-worker-0/INFO] [dev.architectury.networking.forge.NetworkManagerImpl/]: Registering C2S receiver with id ftbquests:submit_task
[11May2026 19:17:14.650] [modloading-worker-0/INFO] [dev.architectury.networking.forge.NetworkManagerImpl/]: Registering C2S receiver with id ftbquests:claim_reward
[11May2026 19:17:14.650] [modloading-worker-0/INFO] [com.simibubi.create.Create/]: Create 6.0.8 initializing! Commit hash: 1a1a9a2819b4f89f78caec41b55ed8cb222fa24b
[11May2026 19:17:14.658] [modloading-worker-0/INFO] [dev.architectury.networking.forge.NetworkManagerImpl/]: Registering C2S receiver with id ftbquests:get_emergency_items
[11May2026 19:17:14.663] [modloading-worker-0/INFO] [dev.architectury.networking.forge.NetworkManagerImpl/]: Registering C2S receiver with id ftbquests:claim_all_rewards
[11May2026 19:17:14.671] [modloading-worker-0/INFO] [dev.architectury.networking.forge.NetworkManagerImpl/]: Registering C2S receiver with id ftbquests:claim_choice_reward
[11May2026 19:17:14.677] [modloading-worker-0/INFO] [dev.architectury.networking.forge.NetworkManagerImpl/]: Registering C2S receiver with id ftbquests:toggle_pinned
[11May2026 19:17:14.684] [modloading-worker-0/INFO] [dev.architectury.networking.forge.NetworkManagerImpl/]: Registering C2S receiver with id ftbquests:toggle_chapter_pinned
[11May2026 19:17:14.688] [modloading-worker-0/INFO] [dev.architectury.networking.forge.NetworkManagerImpl/]: Registering C2S receiver with id ftbquests:toggle_editing_mode
[11May2026 19:17:14.692] [modloading-worker-0/INFO] [dev.architectury.networking.forge.NetworkManagerImpl/]: Registering C2S receiver with id ftbquests:force_save
[11May2026 19:17:14.694] [modloading-worker-0/INFO] [dev.architectury.networking.forge.NetworkManagerImpl/]: Registering C2S receiver with id ftbquests:set_custom_image
[11May2026 19:17:14.706] [modloading-worker-0/INFO] [dev.architectury.networking.forge.NetworkManagerImpl/]: Registering C2S receiver with id ftbquests:task_screen_config_resp
[11May2026 19:17:14.711] [modloading-worker-0/INFO] [dev.architectury.networking.forge.NetworkManagerImpl/]: Registering C2S receiver with id ftbquests:give_item_to_player
[11May2026 19:17:14.714] [modloading-worker-0/INFO] [dev.architectury.networking.forge.NetworkManagerImpl/]: Registering C2S receiver with id ftbquests:reorder_item
[11May2026 19:17:14.715] [modloading-worker-0/INFO] [dev.architectury.networking.forge.NetworkManagerImpl/]: Registering C2S receiver with id ftbquests:change_progress
[11May2026 19:17:14.717] [modloading-worker-0/INFO] [dev.architectury.networking.forge.NetworkManagerImpl/]: Registering C2S receiver with id ftbquests:create_object
[11May2026 19:17:14.719] [modloading-worker-0/INFO] [dev.architectury.networking.forge.NetworkManagerImpl/]: Registering C2S receiver with id ftbquests:create_task_at
[11May2026 19:17:14.722] [modloading-worker-0/INFO] [dev.architectury.networking.forge.NetworkManagerImpl/]: Registering C2S receiver with id ftbquests:delete_object
[11May2026 19:17:14.724] [modloading-worker-0/INFO] [dev.architectury.networking.forge.NetworkManagerImpl/]: Registering C2S receiver with id ftbquests:edit_object
[11May2026 19:17:14.734] [modloading-worker-0/INFO] [dev.architectury.networking.forge.NetworkManagerImpl/]: Registering C2S receiver with id ftbquests:move_chapter
[11May2026 19:17:14.736] [modloading-worker-0/INFO] [dev.architectury.networking.forge.NetworkManagerImpl/]: Registering C2S receiver with id ftbquests:move_quest
[11May2026 19:17:14.740] [modloading-worker-0/INFO] [dev.architectury.networking.forge.NetworkManagerImpl/]: Registering C2S receiver with id ftbquests:change_chapter_group
[11May2026 19:17:14.743] [modloading-worker-0/INFO] [dev.architectury.networking.forge.NetworkManagerImpl/]: Registering C2S receiver with id ftbquests:move_chapter_group
[11May2026 19:17:14.750] [modloading-worker-0/INFO] [dev.architectury.networking.forge.NetworkManagerImpl/]: Registering C2S receiver with id ftbquests:copy_quest
[11May2026 19:17:14.756] [modloading-worker-0/INFO] [dev.architectury.networking.forge.NetworkManagerImpl/]: Registering C2S receiver with id ftbquests:copy_chapter_image
[11May2026 19:17:14.759] [modloading-worker-0/INFO] [dev.architectury.networking.forge.NetworkManagerImpl/]: Registering C2S receiver with id ftbquests:sync_structures_request
[11May2026 19:17:14.763] [modloading-worker-0/INFO] [dev.architectury.networking.forge.NetworkManagerImpl/]: Registering C2S receiver with id ftbquests:request_team_data
[11May2026 19:17:14.957] [modloading-worker-0/INFO] [net.blay09.mods.balm.forge.config.ForgeBalmConfig/]: Registering config for waystones:common (COMMON) with 46 properties.
[11May2026 19:17:15.110] [modloading-worker-0/INFO] [Dungeon Crawl/]: Here we go! Launching Dungeon Crawl 2.3.15...
[11May2026 19:17:15.323] [modloading-worker-0/INFO] [STDOUT/]: [com.cursee.monolib.core.sailing.warden.SailingWarden:processDirectoryOrFilePathStrings:24]: No matching files were found.
[11May2026 19:17:15.414] [modloading-worker-0/INFO] [Puzzles Lib/]: Constructing common components for cutthrough:main
[11May2026 19:17:16.246] [modloading-worker-0/INFO] [Puzzles Lib/]: Constructing common components for barteringstation:main
[11May2026 19:17:16.381] [modloading-worker-0/INFO] [quark/]: Initializing TerraBlender underground biome compat
[11May2026 19:17:17.059] [modloading-worker-0/INFO] [quark-zeta/]: Discovered 164 modules to load.
[11May2026 19:17:17.060] [modloading-worker-0/INFO] [quark-zeta/]: Constructing module Abacus...
[11May2026 19:17:17.074] [modloading-worker-0/INFO] [quark-zeta/]: Constructing module Adjustable Chat...
[11May2026 19:17:17.075] [modloading-worker-0/INFO] [quark-zeta/]: Constructing module Ambient Discs...
[11May2026 19:17:17.077] [modloading-worker-0/INFO] [quark-zeta/]: Constructing module Ancient Tomes...
[11May2026 19:17:17.100] [modloading-worker-0/INFO] [quark-zeta/]: Constructing module Ancient Wood...
[11May2026 19:17:17.132] [modloading-worker-0/INFO] [quark-zeta/]: Constructing module Armed Armor Stands...
[11May2026 19:17:17.132] [modloading-worker-0/INFO] [quark-zeta/]: Constructing module Auto Walk Keybind...
[11May2026 19:17:17.135] [modloading-worker-0/INFO] [quark-zeta/]: Constructing module Automatic Recipe Unlock...
[11May2026 19:17:17.136] [modloading-worker-0/INFO] [quark-zeta/]: Constructing module Automatic Tool Restock...
[11May2026 19:17:17.138] [modloading-worker-0/INFO] [quark-zeta/]: Constructing module Azalea Wood...
[11May2026 19:17:17.143] [modloading-worker-0/INFO] [quark-zeta/]: Constructing module Back Button Keybind...
[11May2026 19:17:17.143] [modloading-worker-0/INFO] [quark-zeta/]: Constructing module Backpack...
[11May2026 19:17:17.161] [modloading-worker-0/INFO] [quark-zeta/]: Constructing module Beacon Redirection...
[11May2026 19:17:17.162] [modloading-worker-0/INFO] [quark-zeta/]: Constructing module Better Elytra Rocket...
[11May2026 19:17:17.163] [modloading-worker-0/INFO] [quark-zeta/]: Constructing module Big Stone Clusters...
[11May2026 19:17:17.175] [modloading-worker-0/INFO] [quark-zeta/]: Constructing module Blossom Trees...
[11May2026 19:17:17.177] [modloading-worker-0/INFO] [quark-zeta/]: Constructing module Bottled Cloud...
[11May2026 19:17:17.181] [modloading-worker-0/INFO] [quark-zeta/]: Constructing module Buckets Show Inhabitants...
[11May2026 19:17:17.184] [modloading-worker-0/INFO] [quark-zeta/]: Constructing module Camera...
[11May2026 19:17:17.190] [modloading-worker-0/INFO] [quark-zeta/]: Constructing module Campfires Boost Elytra...
[11May2026 19:17:17.195] [modloading-worker-0/INFO] [quark-zeta/]: Constructing module Celebratory Lamps...
[11May2026 19:17:17.195] [modloading-worker-0/INFO] [quark-zeta/]: Constructing module Chains Connect Blocks...
[11May2026 19:17:17.197] [modloading-worker-0/INFO] [quark-zeta/]: Constructing module Chest Searching...
[11May2026 19:17:17.198] [modloading-worker-0/INFO] [quark-zeta/]: Constructing module Chorus Vegetation...
[11May2026 19:17:17.209] [modloading-worker-0/INFO] [quark-zeta/]: Constructing module Chute...
[11May2026 19:17:17.212] [modloading-worker-0/INFO] [quark-zeta/]: Constructing module Climate Control Remover...
[11May2026 19:17:17.214] [modloading-worker-0/INFO] [quark-zeta/]: Constructing module Color Runes...
[11May2026 19:17:17.224] [modloading-worker-0/INFO] [quark-zeta/]: Constructing module Compasses Work Everywhere...
[11May2026 19:17:17.225] [modloading-worker-0/INFO] [quark-zeta/]: Constructing module Compressed Blocks...
[11May2026 19:17:17.227] [modloading-worker-0/INFO] [quark-zeta/]: Constructing module Coral On Cactus...
[11May2026 19:17:17.228] [modloading-worker-0/INFO] [quark-zeta/]: Constructing module Corundum...
[11May2026 19:17:17.379] [modloading-worker-0/INFO] [quark-zeta/]: Constructing module Crabs...
[11May2026 19:17:17.383] [modloading-worker-0/INFO] [quark-zeta/]: Constructing module Crafter...
[11May2026 19:17:17.385] [modloading-worker-0/INFO] [quark-zeta/]: Constructing module Crate...
[11May2026 19:17:17.388] [modloading-worker-0/INFO] [quark-zeta/]: Constructing module Diamond Repair...
[11May2026 19:17:17.390] [modloading-worker-0/INFO] [quark-zeta/]: Constructing module Dispensers Place Blocks...
[11May2026 19:17:17.390] [modloading-worker-0/INFO] [quark-zeta/]: Constructing module Double Door Opening...
[11May2026 19:17:17.392] [modloading-worker-0/INFO] [quark-zeta/]: Constructing module Dragon Scales...
[11May2026 19:17:17.392] [modloading-worker-0/INFO] [quark-zeta/]: Constructing module Duskbound Blocks...
[11May2026 19:17:17.394] [modloading-worker-0/INFO] [quark-zeta/]: Constructing module Dyeable Item Frames...
[11May2026 19:17:17.400] [modloading-worker-0/INFO] [quark-zeta/]: Constructing module Easy Transfering...
[11May2026 19:17:17.401] [modloading-worker-0/INFO] [quark-zeta/]: Constructing module Elytra Indicator...
[11May2026 19:17:17.401] [modloading-worker-0/INFO] [quark-zeta/]: Constructing module Emotes...
[11May2026 19:17:17.404] [modloading-worker-0/INFO] [quark-zeta/]: Constructing module Enchantment Predicates...
[11May2026 19:17:17.405] [modloading-worker-0/INFO] [quark-zeta/]: Constructing module Enchantments Begone...
[11May2026 19:17:17.405] [modloading-worker-0/INFO] [quark-zeta/]: Constructing module Ender Watcher...
[11May2026 19:17:17.407] [modloading-worker-0/INFO] [quark-zeta/]: Constructing module Endermosh Music Disc...
[11May2026 19:17:17.409] [modloading-worker-0/INFO] [quark-zeta/]: Constructing module Enhanced Ladders...
[11May2026 19:17:17.411] [modloading-worker-0/INFO] [quark-zeta/]: Constructing module Expanded Item Interactions...
[11May2026 19:17:17.412] [modloading-worker-0/INFO] [quark-zeta/]: Constructing module Fairy Rings...
[11May2026 19:17:17.416] [modloading-worker-0/INFO] [quark-zeta/]: Constructing module Fallen Logs...
[11May2026 19:17:17.418] [modloading-worker-0/INFO] [quark-zeta/]: Constructing module Feeding Trough...
[11May2026 19:17:17.429] [modloading-worker-0/INFO] [quark-zeta/]: Constructing module Forgotten...
[11May2026 19:17:17.445] [modloading-worker-0/INFO] [quark-zeta/]: Constructing module Foxhound...
[11May2026 19:17:17.448] [modloading-worker-0/INFO] [quark-zeta/]: Constructing module Framed Glass...
[11May2026 19:17:17.451] [modloading-worker-0/INFO] [quark-zeta/]: Constructing module Game Nerfs...
[11May2026 19:17:17.455] [modloading-worker-0/INFO] [quark-zeta/]: Constructing module Glass Item Frame...
[11May2026 19:17:17.462] [modloading-worker-0/INFO] [quark-zeta/]: Constructing module Glass Shard...
[11May2026 19:17:17.464] [modloading-worker-0/INFO] [quark-zeta/]: Constructing module Glimmering Weald...
[11May2026 19:17:17.488] [modloading-worker-0/INFO] [quark-zeta/]: Constructing module Gold Bars...
[11May2026 19:17:17.489] [modloading-worker-0/INFO] [quark-zeta/]: Constructing module Gold Tools Have Fortune...
[11May2026 19:17:17.490] [modloading-worker-0/INFO] [quark-zeta/]: Constructing module Grab Chickens...
[11May2026 19:17:17.491] [modloading-worker-0/INFO] [quark-zeta/]: Constructing module Grate...
[11May2026 19:17:17.499] [modloading-worker-0/INFO] [quark-zeta/]: Constructing module Gravisand...
[11May2026 19:17:17.501] [modloading-worker-0/INFO] [quark-zeta/]: Constructing module Greener Grass...
[11May2026 19:17:17.506] [modloading-worker-0/INFO] [quark-zeta/]: Constructing module Hedges...
[11May2026 19:17:17.512] [modloading-worker-0/INFO] [quark-zeta/]: Constructing module Hoe Harvesting...
[11May2026 19:17:17.513] [modloading-worker-0/INFO] [quark-zeta/]: Constructing module Hollow Logs...
[11May2026 19:17:17.515] [modloading-worker-0/INFO] [quark-zeta/]: Constructing module Horses Swim...
[11May2026 19:17:17.515] [modloading-worker-0/INFO] [quark-zeta/]: Constructing module Hotbar Changer...
[11May2026 19:17:17.515] [modloading-worker-0/INFO] [quark-zeta/]: Constructing module Improved Sponges...
[11May2026 19:17:17.518] [modloading-worker-0/INFO] [quark-zeta/]: Constructing module Improved Tooltips...
[11May2026 19:17:17.518] [modloading-worker-0/INFO] [quark-zeta/]: Constructing module Industrial Palette...
[11May2026 19:17:17.523] [modloading-worker-0/INFO] [quark-zeta/]: Constructing module Inventory Sorting...
[11May2026 19:17:17.523] [modloading-worker-0/INFO] [quark-zeta/]: Constructing module Iron Rod...
[11May2026 19:17:17.537] [modloading-worker-0/INFO] [quark-zeta/]: Constructing module Item Sharing...
[11May2026 19:17:17.539] [modloading-worker-0/INFO] [quark-zeta/]: Constructing module Japanese Palette...
[11May2026 19:17:17.540] [modloading-worker-0/INFO] [quark-zeta/]: Constructing module Leaf Carpet...
[11May2026 19:17:17.541] [modloading-worker-0/INFO] [quark-zeta/]: Constructing module Lock Rotation...
[11May2026 19:17:17.543] [modloading-worker-0/INFO] [quark-zeta/]: Constructing module Long Range Pick Block...
[11May2026 19:17:17.544] [modloading-worker-0/INFO] [quark-zeta/]: Constructing module Magma Keeps Concrete Powder...
[11May2026 19:17:17.544] [modloading-worker-0/INFO] [quark-zeta/]: Constructing module Magnets...
[11May2026 19:17:17.548] [modloading-worker-0/INFO] [quark-zeta/]: Constructing module Map Washing...
[11May2026 19:17:17.550] [modloading-worker-0/INFO] [quark-zeta/]: Constructing module Matrix Enchanting...
[11May2026 19:17:17.568] [modloading-worker-0/INFO] [quark-zeta/]: Constructing module Metal Buttons...
[11May2026 19:17:17.569] [modloading-worker-0/INFO] [quark-zeta/]: Constructing module Microcrafting Helper...
[11May2026 19:17:17.569] [modloading-worker-0/INFO] [quark-zeta/]: Constructing module Midori...
[11May2026 19:17:17.570] [modloading-worker-0/INFO] [quark-zeta/]: Constructing module Monster Box...
[11May2026 19:17:17.570] [modloading-worker-0/INFO] [quark-zeta/]: Constructing module More Banner Layers...
[11May2026 19:17:17.571] [modloading-worker-0/INFO] [quark-zeta/]: Constructing module More Brick Types...
[11May2026 19:17:17.572] [modloading-worker-0/INFO] [quark-zeta/]: Constructing module More Mud Blocks...
[11May2026 19:17:17.572] [modloading-worker-0/INFO] [quark-zeta/]: Constructing module More Note Block Sounds...
[11May2026 19:17:17.573] [modloading-worker-0/INFO] [quark-zeta/]: Constructing module More Potted Plants...
[11May2026 19:17:17.576] [modloading-worker-0/INFO] [quark-zeta/]: Constructing module More Villagers...
[11May2026 19:17:17.577] [modloading-worker-0/INFO] [quark-zeta/]: Constructing module Narrator Readout...
[11May2026 19:17:17.578] [modloading-worker-0/INFO] [quark-zeta/]: Constructing module Nether Brick Fence Gate...
[11May2026 19:17:17.578] [modloading-worker-0/INFO] [quark-zeta/]: Constructing module Nether Obsidian Spikes...
[11May2026 19:17:17.583] [modloading-worker-0/INFO] [quark-zeta/]: Constructing module New Stone Types...
[11May2026 19:17:17.588] [modloading-worker-0/INFO] [quark-zeta/]: Constructing module No Durability On Cosmetics...
[11May2026 19:17:17.590] [modloading-worker-0/INFO] [quark-zeta/]: Constructing module No More Lava Pockets...
[11May2026 19:17:17.591] [modloading-worker-0/INFO] [quark-zeta/]: Constructing module Obsidian Plate...
[11May2026 19:17:17.592] [modloading-worker-0/INFO] [quark-zeta/]: Constructing module Overlay Shader...
[11May2026 19:17:17.592] [modloading-worker-0/INFO] [quark-zeta/]: Constructing module Parrot Eggs...
[11May2026 19:17:17.596] [modloading-worker-0/INFO] [quark-zeta/]: Constructing module Pat The Dogs...
[11May2026 19:17:17.599] [modloading-worker-0/INFO] [quark-zeta/]: Constructing module Pathfinder Maps...
[11May2026 19:17:17.604] [modloading-worker-0/INFO] [quark-zeta/]: Constructing module Permafrost...
[11May2026 19:17:17.623] [modloading-worker-0/INFO] [quark-zeta/]: Constructing module Petals On Water...
[11May2026 19:17:17.632] [modloading-worker-0/INFO] [quark-zeta/]: Constructing module Pickarang...
[11May2026 19:17:17.641] [modloading-worker-0/INFO] [quark-zeta/]: Constructing module Pig Litters...
[11May2026 19:17:17.642] [modloading-worker-0/INFO] [quark-zeta/]: Constructing module Pipes...
[11May2026 19:17:17.650] [modloading-worker-0/INFO] [quark-zeta/]: Constructing module Pistons Move Tile Entities...
[11May2026 19:17:17.651] [modloading-worker-0/INFO] [quark-zeta/]: Constructing module Poison Potato Usage...
[11May2026 19:17:17.651] [modloading-worker-0/INFO] [quark-zeta/]: Constructing module Quick Armor Swapping...
[11May2026 19:17:17.653] [modloading-worker-0/INFO] [quark-zeta/]: Constructing module Rainbow Lamps...
[11May2026 19:17:17.653] [modloading-worker-0/INFO] [quark-zeta/]: Constructing module Raw Metal Bricks...
[11May2026 19:17:17.653] [modloading-worker-0/INFO] [quark-zeta/]: Constructing module Reacharound Placing...
[11May2026 19:17:17.655] [modloading-worker-0/INFO] [quark-zeta/]: Constructing module Redstone Randomizer...
[11May2026 19:17:17.656] [modloading-worker-0/INFO] [quark-zeta/]: Constructing module Renewable Spore Blossoms...
[11May2026 19:17:17.657] [modloading-worker-0/INFO] [quark-zeta/]: Constructing module Replace Scaffolding...
[11May2026 19:17:17.657] [modloading-worker-0/INFO] [quark-zeta/]: Constructing module Rope...
[11May2026 19:17:17.659] [modloading-worker-0/INFO] [quark-zeta/]: Constructing module Safer Creatures...
[11May2026 19:17:17.659] [modloading-worker-0/INFO] [quark-zeta/]: Constructing module Seed Pouch...
[11May2026 19:17:17.662] [modloading-worker-0/INFO] [quark-zeta/]: Constructing module Shear Vines...
[11May2026 19:17:17.667] [modloading-worker-0/INFO] [quark-zeta/]: Constructing module Shiba...
[11May2026 19:17:17.668] [modloading-worker-0/INFO] [quark-zeta/]: Constructing module Shingles...
[11May2026 19:17:17.668] [modloading-worker-0/INFO] [quark-zeta/]: Constructing module Shulker Packing...
[11May2026 19:17:17.669] [modloading-worker-0/INFO] [quark-zeta/]: Constructing module Simple Harvest...
[11May2026 19:17:17.670] [modloading-worker-0/INFO] [quark-zeta/]: Constructing module Skull Pikes...
[11May2026 19:17:17.671] [modloading-worker-0/INFO] [quark-zeta/]: Constructing module Slabs To Blocks...
[11May2026 19:17:17.672] [modloading-worker-0/INFO] [quark-zeta/]: Constructing module Slime In A Bucket...
[11May2026 19:17:17.675] [modloading-worker-0/INFO] [be.florens.expandability.ExpandAbility/]: ExpandAbility here, who dis?
[11May2026 19:17:17.676] [modloading-worker-0/INFO] [quark-zeta/]: Constructing module Slimes To Magma Cubes...
[11May2026 19:17:17.677] [modloading-worker-0/INFO] [mod.chiselsandbits.forge.Forge/]: Initialized Chisels&Bits - Forge
[11May2026 19:17:17.679] [modloading-worker-0/INFO] [quark-zeta/]: Constructing module Snow Golem Player Heads...
[11May2026 19:17:17.680] [modloading-worker-0/INFO] [quark-zeta/]: Constructing module Soul Candles...
[11May2026 19:17:17.683] [modloading-worker-0/INFO] [quark-zeta/]: Constructing module Soul Sandstone...
[11May2026 19:17:17.684] [modloading-worker-0/INFO] [quark-zeta/]: Constructing module Spawner Replacer...
[11May2026 19:17:17.685] [modloading-worker-0/INFO] [quark-zeta/]: Constructing module Spiral Spires...
[11May2026 19:17:17.691] [modloading-worker-0/INFO] [quark-zeta/]: Constructing module Stonelings...
[11May2026 19:17:17.696] [modloading-worker-0/INFO] [quark-zeta/]: Constructing module Stools...
[11May2026 19:17:17.699] [modloading-worker-0/INFO] [quark-zeta/]: Constructing module Sturdy Stone...
[11May2026 19:17:17.701] [modloading-worker-0/INFO] [quark-zeta/]: Constructing module Thatch...
[11May2026 19:17:17.704] [modloading-worker-0/INFO] [quark-zeta/]: Constructing module Tiny Potato...
[11May2026 19:17:17.707] [modloading-worker-0/INFO] [quark-zeta/]: Constructing module Torch Arrow...
[11May2026 19:17:17.709] [modloading-worker-0/INFO] [quark-zeta/]: Constructing module Toretoise...
[11May2026 19:17:17.724] [modloading-worker-0/INFO] [quark-zeta/]: Constructing module Totem Of Holding...
[11May2026 19:17:17.736] [modloading-worker-0/INFO] [quark-zeta/]: Constructing module Trowel...
[11May2026 19:17:17.739] [modloading-worker-0/INFO] [quark-zeta/]: Constructing module Usage Ticker...
[11May2026 19:17:17.740] [modloading-worker-0/INFO] [quark-zeta/]: Constructing module Uses For Curses...
[11May2026 19:17:17.742] [modloading-worker-0/INFO] [quark-zeta/]: Constructing module Utility Recipes...
[11May2026 19:17:17.748] [modloading-worker-0/INFO] [quark-zeta/]: Constructing module Variant Animal Textures...
[11May2026 19:17:17.751] [modloading-worker-0/INFO] [quark-zeta/]: Constructing module Variant Bookshelves...
[11May2026 19:17:17.753] [modloading-worker-0/INFO] [quark-zeta/]: Constructing module Variant Chests...
[11May2026 19:17:17.770] [modloading-worker-0/INFO] [quark-zeta/]: Constructing module Variant Furnaces...
[11May2026 19:17:17.781] [modloading-worker-0/INFO] [quark-zeta/]: Constructing module Variant Ladders...
[11May2026 19:17:17.782] [modloading-worker-0/INFO] [quark-zeta/]: Constructing module Variant Selector...
[11May2026 19:17:17.785] [modloading-worker-0/INFO] [quark-zeta/]: Constructing module Vertical Planks...
[11May2026 19:17:17.786] [modloading-worker-0/INFO] [quark-zeta/]: Constructing module Vertical Slabs...
[11May2026 19:17:17.807] [modloading-worker-0/INFO] [quark-zeta/]: Constructing module Vexes Die With Their Masters...
[11May2026 19:17:17.807] [modloading-worker-0/INFO] [quark-zeta/]: Constructing module Villager Rerolling Rework...
[11May2026 19:17:17.808] [modloading-worker-0/INFO] [quark-zeta/]: Constructing module Villagers Follow Emeralds...
[11May2026 19:17:17.809] [modloading-worker-0/INFO] [quark-zeta/]: Constructing module Wooden Posts...
[11May2026 19:17:17.811] [modloading-worker-0/INFO] [quark-zeta/]: Constructing module Wool Shuts Up Minecarts...
[11May2026 19:17:17.811] [modloading-worker-0/INFO] [quark-zeta/]: Constructing module Wraith...
[11May2026 19:17:17.818] [modloading-worker-0/INFO] [quark-zeta/]: Constructing module Zombie Villagers On Normal...
[11May2026 19:17:17.824] [modloading-worker-0/INFO] [quark-zeta/]: Constructing module More Stone Variants...
[11May2026 19:17:17.829] [modloading-worker-0/INFO] [quark-zeta/]: Constructed 164 modules.
[11May2026 19:17:17.941] [modloading-worker-0/INFO] [mod.chiselsandbits.registrars.ModBlockEntityTypes/]: Loaded block entity configuration.
[11May2026 19:17:17.951] [modloading-worker-0/INFO] [quark-zeta/]: Doing super early config setup for quark
[11May2026 19:17:17.969] [modloading-worker-0/INFO] [mod.chiselsandbits.registrars.ModBlocks/]: Loaded block configuration.
[11May2026 19:17:17.975] [modloading-worker-0/INFO] [mod.chiselsandbits.registrars.ModChiselModeGroups/]: Loaded chisel mode group configuration.
[11May2026 19:17:18.176] [modloading-worker-0/INFO] [mixin/]: Mixing common.MixinServerStatus from mixins/common/nochatreports.mixins.json into net.minecraft.network.protocol.status.ServerStatus
[11May2026 19:17:18.665] [modloading-worker-0/INFO] [mod.chiselsandbits.registrars.ModChiselModes/]: Loaded chisel mode configuration.
[11May2026 19:17:18.666] [modloading-worker-0/INFO] [mod.chiselsandbits.registrars.ModContainerTypes/]: Loaded container type configuration.
[11May2026 19:17:18.668] [modloading-worker-0/INFO] [mod.chiselsandbits.registrars.ModCreativeTabs/]: Loaded item group configuration.
[11May2026 19:17:18.687] [modloading-worker-0/INFO] [mod.chiselsandbits.registrars.ModItems/]: Loaded item configuration.
[11May2026 19:17:18.690] [modloading-worker-0/INFO] [mod.chiselsandbits.registrars.ModMetadataKeys/]: Loaded metadata key configuration.
[11May2026 19:17:18.693] [modloading-worker-0/INFO] [mod.chiselsandbits.registrars.ModModelProperties/]: Loaded model property configuration.
[11May2026 19:17:18.696] [modloading-worker-0/INFO] [mod.chiselsandbits.registrars.ModModificationOperation/]: Loaded modification operation configuration.
[11May2026 19:17:18.697] [modloading-worker-0/INFO] [mod.chiselsandbits.registrars.ModModificationOperationGroups/]: Loaded modification operation group configuration.
[11May2026 19:17:18.704] [modloading-worker-0/INFO] [mod.chiselsandbits.registrars.ModPatternPlacementTypes/]: Loaded pattern placement type configuration.
[11May2026 19:17:18.706] [modloading-worker-0/INFO] [mod.chiselsandbits.registrars.ModRecipeSerializers/]: Loaded recipe serializer configuration.
[11May2026 19:17:18.707] [modloading-worker-0/INFO] [mod.chiselsandbits.registrars.ModTags/]: Loaded tag configuration.
[11May2026 19:17:18.708] [modloading-worker-0/INFO] [mod.chiselsandbits.registrars.ModRecipeTypes/]: Registering recipe types.
[11May2026 19:17:18.709] [modloading-worker-0/INFO] [mod.chiselsandbits.registrars.ModEventHandler/]: Registering event handlers
[11May2026 19:17:18.732] [modloading-worker-0/INFO] [mod.chiselsandbits.forge.platform.ForgePluginDiscoverer/]: Found and loaded ChiselsAndBits plugin: create
[11May2026 19:17:19.812] [main/INFO] [snownee.kiwi.Kiwi/INIT]: Module [snowrealmagic:core] initialized
[11May2026 19:17:19.813] [main/INFO] [snownee.kiwi.Kiwi/INIT]: 		block: 7, block_entity_type: 2, entity_type: 1, loot_pool_entry_type: 1
[11May2026 19:17:19.814] [main/INFO] [snownee.kiwi.Kiwi/INIT]: Module [kiwi:data] initialized
[11May2026 19:17:19.814] [main/INFO] [snownee.kiwi.Kiwi/INIT]: 		recipe_serializer: 3
[11May2026 19:17:20.139] [main/WARN] [net.minecraftforge.registries.ForgeRegistry/REGISTRIES]: Registry minecraft:sound_event: The object net.minecraft.sounds.SoundEvent@41734b55 has been registered twice for the same name treechop:chop_wood.
[11May2026 19:17:21.231] [main/INFO] [Diagonal Blocks/]: Constructing shapes for ForgeDiagonalWallBlock[NodeWidth=0.0,ExtensionWidth=3.0,NodeTop=24.0,ExtensionBottom=0.0,ExtensionTop=24.0] took 32ms
[11May2026 19:17:21.291] [main/INFO] [Diagonal Blocks/]: Constructing shapes for ForgeDiagonalWallBlock[NodeWidth=0.0,ExtensionWidth=3.0,NodeTop=0.0,ExtensionBottom=0.0,ExtensionTop=14.0] took 57ms
[11May2026 19:17:21.364] [main/INFO] [Diagonal Blocks/]: Constructing shapes for ForgeDiagonalWallBlock[NodeWidth=4.0,ExtensionWidth=3.0,NodeTop=16.0,ExtensionBottom=0.0,ExtensionTop=14.0] took 65ms
[11May2026 19:17:21.393] [main/INFO] [Diagonal Blocks/]: Constructing shapes for ForgeDiagonalWallBlock[NodeWidth=4.0,ExtensionWidth=3.0,NodeTop=24.0,ExtensionBottom=0.0,ExtensionTop=24.0] took 28ms
[11May2026 19:17:21.442] [main/INFO] [Diagonal Blocks/]: Constructing shapes for ForgeDiagonalFenceBlock[NodeWidth=2.0,ExtensionWidth=2.0,NodeTop=24.0,ExtensionBottom=0.0,ExtensionTop=24.0] took 24ms
[11May2026 19:17:21.561] [main/INFO] [Diagonal Blocks/]: Constructing shapes for ForgeDiagonalFenceBlock[NodeWidth=2.0,ExtensionWidth=2.0,NodeTop=16.0,ExtensionBottom=0.0,ExtensionTop=16.0] took 118ms
[11May2026 19:17:21.717] [main/INFO] [Diagonal Blocks/]: Constructing shapes for ForgeDiagonalFenceBlock[NodeWidth=2.0,ExtensionWidth=1.0,NodeTop=16.0,ExtensionBottom=6.0,ExtensionTop=15.0] took 151ms
[11May2026 19:17:21.808] [main/INFO] [Diagonal Blocks/]: Constructing shapes for ForgeDiagonalGlassPaneBlock[NodeWidth=1.0,ExtensionWidth=1.0,NodeTop=16.0,ExtensionBottom=0.0,ExtensionTop=16.0] took 16ms
[11May2026 19:17:22.722] [main/ERROR] [net.minecraftforge.fml.loading.RuntimeDistCleaner/DISTXFORM]: Attempted to load class net/minecraft/client/renderer/RenderType for invalid dist DEDICATED_SERVER
[11May2026 19:17:22.723] [main/WARN] [Radium Class Analysis/]: Radium Class Analysis Error: Class net.darkhax.botanypots.block.BlockBotanyPot cannot be analysed, because getting declared methods crashes with RuntimeException: Attempted to load class net/minecraft/client/renderer/RenderType for invalid dist DEDICATED_SERVER. This is usually caused by modded entities declaring methods that have a return type or parameter type that is annotated with @OnlyIn(Dist.CLIENT). Loading the type is not possible, because it only exists in the CLIENT environment. The recommended fix is to annotate the method with this argument or return type with the same annotation. Lithium handles this error by assuming the class cannot be included in some optimizations.
[11May2026 19:17:22.724] [main/ERROR] [net.minecraftforge.fml.loading.RuntimeDistCleaner/DISTXFORM]: Attempted to load class net/minecraft/client/renderer/RenderType for invalid dist DEDICATED_SERVER
[11May2026 19:17:22.725] [main/WARN] [Radium Class Analysis/]: Radium Class Analysis Error: Class net.darkhax.botanypots.block.BlockBotanyPot cannot be analysed, because getting declared methods crashes with RuntimeException: Attempted to load class net/minecraft/client/renderer/RenderType for invalid dist DEDICATED_SERVER. This is usually caused by modded entities declaring methods that have a return type or parameter type that is annotated with @OnlyIn(Dist.CLIENT). Loading the type is not possible, because it only exists in the CLIENT environment. The recommended fix is to annotate the method with this argument or return type with the same annotation. Lithium handles this error by assuming the class cannot be included in some optimizations.
[11May2026 19:17:32.004] [main/WARN] [supermartijn642corelib/]: Could not find value 'formations:template_editor' in registry 'minecraft:item' for @RegistryEntryAcceptor!
[11May2026 19:17:32.681] [main/WARN] [dev.architectury.registry.registries.forge.RegistrarManagerImpl/]: Registry entry listened Registry Entry [minecraft:entity_type / mca:male_zombie_villager] was not realized!
[11May2026 19:17:32.681] [main/WARN] [dev.architectury.registry.registries.forge.RegistrarManagerImpl/]: Registry entry listened Registry Entry [minecraft:entity_type / zombie_variants:desert_zombie] was not realized!
[11May2026 19:17:32.681] [main/WARN] [dev.architectury.registry.registries.forge.RegistrarManagerImpl/]: Registry entry listened Registry Entry [minecraft:entity_type / mca:female_villager] was not realized!
[11May2026 19:17:32.681] [main/WARN] [dev.architectury.registry.registries.forge.RegistrarManagerImpl/]: Registry entry listened Registry Entry [minecraft:entity_type / mca:female_zombie_villager] was not realized!
[11May2026 19:17:32.681] [main/WARN] [dev.architectury.registry.registries.forge.RegistrarManagerImpl/]: Registry entry listened Registry Entry [minecraft:entity_type / zombie_variants:cave_zombie] was not realized!
[11May2026 19:17:32.681] [main/WARN] [dev.architectury.registry.registries.forge.RegistrarManagerImpl/]: Registry entry listened Registry Entry [minecraft:entity_type / zombie_variants:deep_dark_zombie] was not realized!
[11May2026 19:17:32.681] [main/WARN] [dev.architectury.registry.registries.forge.RegistrarManagerImpl/]: Registry entry listened Registry Entry [minecraft:entity_type / zombie_variants:jungle_zombie] was not realized!
[11May2026 19:17:32.681] [main/WARN] [dev.architectury.registry.registries.forge.RegistrarManagerImpl/]: Registry entry listened Registry Entry [minecraft:entity_type / zombie_variants:badlands_zombie] was not realized!
[11May2026 19:17:32.681] [main/WARN] [dev.architectury.registry.registries.forge.RegistrarManagerImpl/]: Registry entry listened Registry Entry [minecraft:entity_type / zombie_variants:pale_garden_zombie] was not realized!
[11May2026 19:17:32.681] [main/WARN] [dev.architectury.registry.registries.forge.RegistrarManagerImpl/]: Registry entry listened Registry Entry [minecraft:entity_type / mca:grim_reaper] was not realized!
[11May2026 19:17:32.681] [main/WARN] [dev.architectury.registry.registries.forge.RegistrarManagerImpl/]: Registry entry listened Registry Entry [minecraft:entity_type / mca:male_villager] was not realized!
[11May2026 19:17:32.681] [main/WARN] [dev.architectury.registry.registries.forge.RegistrarManagerImpl/]: Registry entry listened Registry Entry [minecraft:entity_type / zombie_variants:frozen_zombie] was not realized!
[11May2026 19:17:32.681] [main/WARN] [dev.architectury.registry.registries.forge.RegistrarManagerImpl/]: Registry entry listened Registry Entry [minecraft:entity_type / zombie_variants:lush_zombie] was not realized!
[11May2026 19:17:32.681] [main/WARN] [dev.architectury.registry.registries.forge.RegistrarManagerImpl/]: Registry entry listened Registry Entry [minecraft:entity_type / zombie_variants:swamp_zombie] was not realized!
[11May2026 19:17:32.681] [main/WARN] [dev.architectury.registry.registries.forge.RegistrarManagerImpl/]: Registry entry listened Registry Entry [minecraft:entity_type / zombie_variants:mushroom_zombie] was not realized!
[11May2026 19:17:32.681] [main/WARN] [dev.architectury.registry.registries.forge.RegistrarManagerImpl/]: Registry entry listened Registry Entry [minecraft:entity_type / zombie_variants:cherry_zombie] was not realized!
[11May2026 19:17:32.681] [main/WARN] [dev.architectury.registry.registries.forge.RegistrarManagerImpl/]: Registry entry listened Registry Entry [minecraft:entity_type / zombie_variants:mangrove_zombie] was not realized!
[11May2026 19:17:32.682] [main/WARN] [dev.architectury.registry.registries.forge.RegistrarManagerImpl/]: Registry entry listened Registry Entry [minecraft:entity_type / zombie_variants:savanna_zombie] was not realized!
[11May2026 19:17:32.682] [main/WARN] [dev.architectury.registry.registries.forge.RegistrarManagerImpl/]: Registry entry listened Registry Entry [minecraft:entity_type / zombie_variants:bamboo_zombie] was not realized!
[11May2026 19:17:32.682] [main/WARN] [dev.architectury.registry.registries.forge.RegistrarManagerImpl/]: Registry entry listened Registry Entry [minecraft:entity_type / zombie_variants:dripstone_zombie] was not realized!
[11May2026 19:17:32.870] [main/WARN] [dev.architectury.registry.registries.forge.RegistrarManagerImpl/]: Registry entry listened Registry Entry [minecraft:entity_type / mca:male_zombie_villager] was not realized!
[11May2026 19:17:32.870] [main/WARN] [dev.architectury.registry.registries.forge.RegistrarManagerImpl/]: Registry entry listened Registry Entry [minecraft:entity_type / zombie_variants:desert_zombie] was not realized!
[11May2026 19:17:32.870] [main/WARN] [dev.architectury.registry.registries.forge.RegistrarManagerImpl/]: Registry entry listened Registry Entry [minecraft:entity_type / mca:female_villager] was not realized!
[11May2026 19:17:32.870] [main/WARN] [dev.architectury.registry.registries.forge.RegistrarManagerImpl/]: Registry entry listened Registry Entry [minecraft:entity_type / mca:female_zombie_villager] was not realized!
[11May2026 19:17:32.870] [main/WARN] [dev.architectury.registry.registries.forge.RegistrarManagerImpl/]: Registry entry listened Registry Entry [minecraft:entity_type / zombie_variants:cave_zombie] was not realized!
[11May2026 19:17:32.870] [main/WARN] [dev.architectury.registry.registries.forge.RegistrarManagerImpl/]: Registry entry listened Registry Entry [minecraft:entity_type / zombie_variants:deep_dark_zombie] was not realized!
[11May2026 19:17:32.870] [main/WARN] [dev.architectury.registry.registries.forge.RegistrarManagerImpl/]: Registry entry listened Registry Entry [minecraft:entity_type / zombie_variants:jungle_zombie] was not realized!
[11May2026 19:17:32.870] [main/WARN] [dev.architectury.registry.registries.forge.RegistrarManagerImpl/]: Registry entry listened Registry Entry [minecraft:entity_type / zombie_variants:badlands_zombie] was not realized!
[11May2026 19:17:32.870] [main/WARN] [dev.architectury.registry.registries.forge.RegistrarManagerImpl/]: Registry entry listened Registry Entry [minecraft:entity_type / zombie_variants:pale_garden_zombie] was not realized!
[11May2026 19:17:32.870] [main/WARN] [dev.architectury.registry.registries.forge.RegistrarManagerImpl/]: Registry entry listened Registry Entry [minecraft:entity_type / mca:grim_reaper] was not realized!
[11May2026 19:17:32.870] [main/WARN] [dev.architectury.registry.registries.forge.RegistrarManagerImpl/]: Registry entry listened Registry Entry [minecraft:entity_type / mca:male_villager] was not realized!
[11May2026 19:17:32.870] [main/WARN] [dev.architectury.registry.registries.forge.RegistrarManagerImpl/]: Registry entry listened Registry Entry [minecraft:entity_type / zombie_variants:frozen_zombie] was not realized!
[11May2026 19:17:32.870] [main/WARN] [dev.architectury.registry.registries.forge.RegistrarManagerImpl/]: Registry entry listened Registry Entry [minecraft:entity_type / zombie_variants:lush_zombie] was not realized!
[11May2026 19:17:32.870] [main/WARN] [dev.architectury.registry.registries.forge.RegistrarManagerImpl/]: Registry entry listened Registry Entry [minecraft:entity_type / zombie_variants:swamp_zombie] was not realized!
[11May2026 19:17:32.870] [main/WARN] [dev.architectury.registry.registries.forge.RegistrarManagerImpl/]: Registry entry listened Registry Entry [minecraft:entity_type / zombie_variants:mushroom_zombie] was not realized!
[11May2026 19:17:32.870] [main/WARN] [dev.architectury.registry.registries.forge.RegistrarManagerImpl/]: Registry entry listened Registry Entry [minecraft:entity_type / zombie_variants:cherry_zombie] was not realized!
[11May2026 19:17:32.870] [main/WARN] [dev.architectury.registry.registries.forge.RegistrarManagerImpl/]: Registry entry listened Registry Entry [minecraft:entity_type / zombie_variants:mangrove_zombie] was not realized!
[11May2026 19:17:32.870] [main/WARN] [dev.architectury.registry.registries.forge.RegistrarManagerImpl/]: Registry entry listened Registry Entry [minecraft:entity_type / zombie_variants:savanna_zombie] was not realized!
[11May2026 19:17:32.870] [main/WARN] [dev.architectury.registry.registries.forge.RegistrarManagerImpl/]: Registry entry listened Registry Entry [minecraft:entity_type / zombie_variants:bamboo_zombie] was not realized!
[11May2026 19:17:32.871] [main/WARN] [dev.architectury.registry.registries.forge.RegistrarManagerImpl/]: Registry entry listened Registry Entry [minecraft:entity_type / zombie_variants:dripstone_zombie] was not realized!
[11May2026 19:17:33.943] [main/WARN] [dev.architectury.registry.registries.forge.RegistrarManagerImpl/]: Registry entry listened Registry Entry [minecraft:entity_type / mca:male_zombie_villager] was not realized!
[11May2026 19:17:33.943] [main/WARN] [dev.architectury.registry.registries.forge.RegistrarManagerImpl/]: Registry entry listened Registry Entry [minecraft:entity_type / zombie_variants:desert_zombie] was not realized!
[11May2026 19:17:33.943] [main/WARN] [dev.architectury.registry.registries.forge.RegistrarManagerImpl/]: Registry entry listened Registry Entry [minecraft:entity_type / mca:female_villager] was not realized!
[11May2026 19:17:33.943] [main/WARN] [dev.architectury.registry.registries.forge.RegistrarManagerImpl/]: Registry entry listened Registry Entry [minecraft:entity_type / mca:female_zombie_villager] was not realized!
[11May2026 19:17:33.943] [main/WARN] [dev.architectury.registry.registries.forge.RegistrarManagerImpl/]: Registry entry listened Registry Entry [minecraft:entity_type / zombie_variants:cave_zombie] was not realized!
[11May2026 19:17:33.943] [main/WARN] [dev.architectury.registry.registries.forge.RegistrarManagerImpl/]: Registry entry listened Registry Entry [minecraft:entity_type / zombie_variants:deep_dark_zombie] was not realized!
[11May2026 19:17:33.943] [main/WARN] [dev.architectury.registry.registries.forge.RegistrarManagerImpl/]: Registry entry listened Registry Entry [minecraft:entity_type / zombie_variants:jungle_zombie] was not realized!
[11May2026 19:17:33.943] [main/WARN] [dev.architectury.registry.registries.forge.RegistrarManagerImpl/]: Registry entry listened Registry Entry [minecraft:entity_type / zombie_variants:badlands_zombie] was not realized!
[11May2026 19:17:33.943] [main/WARN] [dev.architectury.registry.registries.forge.RegistrarManagerImpl/]: Registry entry listened Registry Entry [minecraft:entity_type / zombie_variants:pale_garden_zombie] was not realized!
[11May2026 19:17:33.943] [main/WARN] [dev.architectury.registry.registries.forge.RegistrarManagerImpl/]: Registry entry listened Registry Entry [minecraft:entity_type / mca:grim_reaper] was not realized!
[11May2026 19:17:33.943] [main/WARN] [dev.architectury.registry.registries.forge.RegistrarManagerImpl/]: Registry entry listened Registry Entry [minecraft:entity_type / mca:male_villager] was not realized!
[11May2026 19:17:33.943] [main/WARN] [dev.architectury.registry.registries.forge.RegistrarManagerImpl/]: Registry entry listened Registry Entry [minecraft:entity_type / zombie_variants:frozen_zombie] was not realized!
[11May2026 19:17:33.943] [main/WARN] [dev.architectury.registry.registries.forge.RegistrarManagerImpl/]: Registry entry listened Registry Entry [minecraft:entity_type / zombie_variants:lush_zombie] was not realized!
[11May2026 19:17:33.943] [main/WARN] [dev.architectury.registry.registries.forge.RegistrarManagerImpl/]: Registry entry listened Registry Entry [minecraft:entity_type / zombie_variants:swamp_zombie] was not realized!
[11May2026 19:17:33.943] [main/WARN] [dev.architectury.registry.registries.forge.RegistrarManagerImpl/]: Registry entry listened Registry Entry [minecraft:entity_type / zombie_variants:mushroom_zombie] was not realized!
[11May2026 19:17:33.943] [main/WARN] [dev.architectury.registry.registries.forge.RegistrarManagerImpl/]: Registry entry listened Registry Entry [minecraft:entity_type / zombie_variants:cherry_zombie] was not realized!
[11May2026 19:17:33.944] [main/WARN] [dev.architectury.registry.registries.forge.RegistrarManagerImpl/]: Registry entry listened Registry Entry [minecraft:entity_type / zombie_variants:mangrove_zombie] was not realized!
[11May2026 19:17:33.944] [main/WARN] [dev.architectury.registry.registries.forge.RegistrarManagerImpl/]: Registry entry listened Registry Entry [minecraft:entity_type / zombie_variants:savanna_zombie] was not realized!
[11May2026 19:17:33.944] [main/WARN] [dev.architectury.registry.registries.forge.RegistrarManagerImpl/]: Registry entry listened Registry Entry [minecraft:entity_type / zombie_variants:bamboo_zombie] was not realized!
[11May2026 19:17:33.944] [main/WARN] [dev.architectury.registry.registries.forge.RegistrarManagerImpl/]: Registry entry listened Registry Entry [minecraft:entity_type / zombie_variants:dripstone_zombie] was not realized!
[11May2026 19:17:33.944] [main/WARN] [dev.architectury.registry.registries.forge.RegistrarManagerImpl/]: Registry entry listened Registry Entry [minecraft:entity_type / mca:male_zombie_villager] was not realized!
[11May2026 19:17:33.944] [main/WARN] [dev.architectury.registry.registries.forge.RegistrarManagerImpl/]: Registry entry listened Registry Entry [minecraft:entity_type / zombie_variants:desert_zombie] was not realized!
[11May2026 19:17:33.944] [main/WARN] [dev.architectury.registry.registries.forge.RegistrarManagerImpl/]: Registry entry listened Registry Entry [minecraft:entity_type / mca:female_villager] was not realized!
[11May2026 19:17:33.944] [main/WARN] [dev.architectury.registry.registries.forge.RegistrarManagerImpl/]: Registry entry listened Registry Entry [minecraft:entity_type / mca:female_zombie_villager] was not realized!
[11May2026 19:17:33.944] [main/WARN] [dev.architectury.registry.registries.forge.RegistrarManagerImpl/]: Registry entry listened Registry Entry [minecraft:entity_type / zombie_variants:cave_zombie] was not realized!
[11May2026 19:17:33.944] [main/WARN] [dev.architectury.registry.registries.forge.RegistrarManagerImpl/]: Registry entry listened Registry Entry [minecraft:entity_type / zombie_variants:deep_dark_zombie] was not realized!
[11May2026 19:17:33.944] [main/WARN] [dev.architectury.registry.registries.forge.RegistrarManagerImpl/]: Registry entry listened Registry Entry [minecraft:entity_type / zombie_variants:jungle_zombie] was not realized!
[11May2026 19:17:33.944] [main/WARN] [dev.architectury.registry.registries.forge.RegistrarManagerImpl/]: Registry entry listened Registry Entry [minecraft:entity_type / zombie_variants:badlands_zombie] was not realized!
[11May2026 19:17:33.944] [main/WARN] [dev.architectury.registry.registries.forge.RegistrarManagerImpl/]: Registry entry listened Registry Entry [minecraft:entity_type / zombie_variants:pale_garden_zombie] was not realized!
[11May2026 19:17:33.944] [main/WARN] [dev.architectury.registry.registries.forge.RegistrarManagerImpl/]: Registry entry listened Registry Entry [minecraft:entity_type / mca:grim_reaper] was not realized!
[11May2026 19:17:33.944] [main/WARN] [dev.architectury.registry.registries.forge.RegistrarManagerImpl/]: Registry entry listened Registry Entry [minecraft:entity_type / mca:male_villager] was not realized!
[11May2026 19:17:33.944] [main/WARN] [dev.architectury.registry.registries.forge.RegistrarManagerImpl/]: Registry entry listened Registry Entry [minecraft:entity_type / zombie_variants:frozen_zombie] was not realized!
[11May2026 19:17:33.944] [main/WARN] [dev.architectury.registry.registries.forge.RegistrarManagerImpl/]: Registry entry listened Registry Entry [minecraft:entity_type / zombie_variants:lush_zombie] was not realized!
[11May2026 19:17:33.944] [main/WARN] [dev.architectury.registry.registries.forge.RegistrarManagerImpl/]: Registry entry listened Registry Entry [minecraft:entity_type / zombie_variants:swamp_zombie] was not realized!
[11May2026 19:17:33.945] [main/WARN] [dev.architectury.registry.registries.forge.RegistrarManagerImpl/]: Registry entry listened Registry Entry [minecraft:entity_type / zombie_variants:mushroom_zombie] was not realized!
[11May2026 19:17:33.945] [main/WARN] [dev.architectury.registry.registries.forge.RegistrarManagerImpl/]: Registry entry listened Registry Entry [minecraft:entity_type / zombie_variants:cherry_zombie] was not realized!
[11May2026 19:17:33.945] [main/WARN] [dev.architectury.registry.registries.forge.RegistrarManagerImpl/]: Registry entry listened Registry Entry [minecraft:entity_type / zombie_variants:mangrove_zombie] was not realized!
[11May2026 19:17:33.945] [main/WARN] [dev.architectury.registry.registries.forge.RegistrarManagerImpl/]: Registry entry listened Registry Entry [minecraft:entity_type / zombie_variants:savanna_zombie] was not realized!
[11May2026 19:17:33.945] [main/WARN] [dev.architectury.registry.registries.forge.RegistrarManagerImpl/]: Registry entry listened Registry Entry [minecraft:entity_type / zombie_variants:bamboo_zombie] was not realized!
[11May2026 19:17:33.945] [main/WARN] [dev.architectury.registry.registries.forge.RegistrarManagerImpl/]: Registry entry listened Registry Entry [minecraft:entity_type / zombie_variants:dripstone_zombie] was not realized!
[11May2026 19:17:33.945] [main/WARN] [dev.architectury.registry.registries.forge.RegistrarManagerImpl/]: Registry entry listened Registry Entry [minecraft:entity_type / zombie_variants:desert_zombie] was not realized!
[11May2026 19:17:33.946] [main/WARN] [dev.architectury.registry.registries.forge.RegistrarManagerImpl/]: Registry entry listened Registry Entry [minecraft:entity_type / zombie_variants:cave_zombie] was not realized!
[11May2026 19:17:33.946] [main/WARN] [dev.architectury.registry.registries.forge.RegistrarManagerImpl/]: Registry entry listened Registry Entry [minecraft:entity_type / zombie_variants:deep_dark_zombie] was not realized!
[11May2026 19:17:33.946] [main/WARN] [dev.architectury.registry.registries.forge.RegistrarManagerImpl/]: Registry entry listened Registry Entry [minecraft:entity_type / zombie_variants:jungle_zombie] was not realized!
[11May2026 19:17:33.946] [main/WARN] [dev.architectury.registry.registries.forge.RegistrarManagerImpl/]: Registry entry listened Registry Entry [minecraft:entity_type / zombie_variants:badlands_zombie] was not realized!
[11May2026 19:17:33.946] [main/WARN] [dev.architectury.registry.registries.forge.RegistrarManagerImpl/]: Registry entry listened Registry Entry [minecraft:entity_type / zombie_variants:pale_garden_zombie] was not realized!
[11May2026 19:17:33.946] [main/WARN] [dev.architectury.registry.registries.forge.RegistrarManagerImpl/]: Registry entry listened Registry Entry [minecraft:entity_type / zombie_variants:frozen_zombie] was not realized!
[11May2026 19:17:33.946] [main/WARN] [dev.architectury.registry.registries.forge.RegistrarManagerImpl/]: Registry entry listened Registry Entry [minecraft:entity_type / zombie_variants:lush_zombie] was not realized!
[11May2026 19:17:33.946] [main/WARN] [dev.architectury.registry.registries.forge.RegistrarManagerImpl/]: Registry entry listened Registry Entry [minecraft:entity_type / zombie_variants:swamp_zombie] was not realized!
[11May2026 19:17:33.946] [main/WARN] [dev.architectury.registry.registries.forge.RegistrarManagerImpl/]: Registry entry listened Registry Entry [minecraft:entity_type / zombie_variants:mushroom_zombie] was not realized!
[11May2026 19:17:33.946] [main/WARN] [dev.architectury.registry.registries.forge.RegistrarManagerImpl/]: Registry entry listened Registry Entry [minecraft:entity_type / zombie_variants:cherry_zombie] was not realized!
[11May2026 19:17:33.946] [main/WARN] [dev.architectury.registry.registries.forge.RegistrarManagerImpl/]: Registry entry listened Registry Entry [minecraft:entity_type / zombie_variants:mangrove_zombie] was not realized!
[11May2026 19:17:33.946] [main/WARN] [dev.architectury.registry.registries.forge.RegistrarManagerImpl/]: Registry entry listened Registry Entry [minecraft:entity_type / zombie_variants:savanna_zombie] was not realized!
[11May2026 19:17:33.946] [main/WARN] [dev.architectury.registry.registries.forge.RegistrarManagerImpl/]: Registry entry listened Registry Entry [minecraft:entity_type / zombie_variants:bamboo_zombie] was not realized!
[11May2026 19:17:33.946] [main/WARN] [dev.architectury.registry.registries.forge.RegistrarManagerImpl/]: Registry entry listened Registry Entry [minecraft:entity_type / zombie_variants:dripstone_zombie] was not realized!
[11May2026 19:17:34.283] [main/INFO] [Moonlight/]: Initialized block sets in 92ms
[11May2026 19:17:36.192] [main/INFO] [ModdingLegacy/StructureGel/]: [structure_gel] Registering data for structure_gel:loot_table_alias
[11May2026 19:17:36.206] [main/INFO] [ModdingLegacy/StructureGel/]: [structure_gel] Registering data for structure_gel:data_handler_type
[11May2026 19:17:36.206] [main/INFO] [ModdingLegacy/StructureGel/]: [structure_gel] Registering data for structure_gel:dynamic_spawner
[11May2026 19:17:36.208] [main/INFO] [ModdingLegacy/StructureGel/]: [structure_gel] Registering data for structure_gel:jigsaw_type
[11May2026 19:17:36.320] [main/WARN] [net.minecraftforge.registries.ForgeRegistry/REGISTRIES]: Registry forge:global_loot_modifier_serializers: The object RecordCodec[UnitDecoder[vectorwing.farmersdelight.common.loot.modifier.AddItemModifier$$Lambda$47414/0x00007e15909b8900@ccad211] * Field[conditions: passthrough[flatXmapped]] * Field[item: net.minecraftforge.registries.ForgeRegistry$RegistryCodec@1950a8c1] * OptionalFieldCodec[count: Int][xmapped]] has been registered twice for the same name farmersdelight:add_item.
[11May2026 19:17:36.321] [main/WARN] [net.minecraftforge.registries.ForgeRegistry/REGISTRIES]: Registry forge:global_loot_modifier_serializers: The object RecordCodec[UnitDecoder[vectorwing.farmersdelight.common.loot.modifier.ReplaceItemModifier$$Lambda$47419/0x00007e15909b9440@4e17088a] * Field[conditions: passthrough[flatXmapped]] * Field[removed_item: net.minecraftforge.registries.ForgeRegistry$RegistryCodec@1950a8c1] * Field[added_item: net.minecraftforge.registries.ForgeRegistry$RegistryCodec@1950a8c1] * OptionalFieldCodec[count: Int][xmapped]] has been registered twice for the same name farmersdelight:replace_item.
[11May2026 19:17:36.321] [main/WARN] [net.minecraftforge.registries.ForgeRegistry/REGISTRIES]: Registry forge:global_loot_modifier_serializers: The object RecordCodec[UnitDecoder[vectorwing.farmersdelight.common.loot.modifier.AddLootTableModifier$$Lambda$47422/0x00007e15909b9b10@4c487156] * Field[conditions: passthrough[flatXmapped]] * Field[lootTable: String[comapFlatMapped]]] has been registered twice for the same name farmersdelight:add_loot_table.
[11May2026 19:17:36.321] [main/WARN] [net.minecraftforge.registries.ForgeRegistry/REGISTRIES]: Registry forge:global_loot_modifier_serializers: The object RecordCodec[UnitDecoder[vectorwing.farmersdelight.common.loot.modifier.PastrySlicingModifier$$Lambda$47425/0x00007e15909ba1c0@16c87894] * Field[conditions: passthrough[flatXmapped]] * Field[slice: net.minecraftforge.registries.ForgeRegistry$RegistryCodec@1950a8c1]] has been registered twice for the same name farmersdelight:pastry_slicing.
[11May2026 19:17:36.686] [main/WARN] [net.minecraft.network.syncher.SynchedEntityData/]: defineId called for: class forge.net.mca.entity.GrimReaperEntity from class forge.net.mca.util.network.datasync.CEnumParameter
[11May2026 19:17:36.696] [main/WARN] [net.minecraft.network.syncher.SynchedEntityData/]: defineId called for: class forge.net.mca.entity.VillagerEntityMCA from class forge.net.mca.util.network.datasync.CDataParameter
[11May2026 19:17:36.697] [main/WARN] [net.minecraft.network.syncher.SynchedEntityData/]: defineId called for: class forge.net.mca.entity.VillagerEntityMCA from class forge.net.mca.util.network.datasync.CDataParameter
[11May2026 19:17:36.697] [main/WARN] [net.minecraft.network.syncher.SynchedEntityData/]: defineId called for: class forge.net.mca.entity.VillagerEntityMCA from class forge.net.mca.util.network.datasync.CDataParameter
[11May2026 19:17:36.697] [main/WARN] [net.minecraft.network.syncher.SynchedEntityData/]: defineId called for: class forge.net.mca.entity.VillagerEntityMCA from class forge.net.mca.util.network.datasync.CDataParameter
[11May2026 19:17:36.697] [main/WARN] [net.minecraft.network.syncher.SynchedEntityData/]: defineId called for: class forge.net.mca.entity.VillagerEntityMCA from class forge.net.mca.util.network.datasync.CDataParameter
[11May2026 19:17:36.697] [main/WARN] [net.minecraft.network.syncher.SynchedEntityData/]: defineId called for: class forge.net.mca.entity.VillagerEntityMCA from class forge.net.mca.util.network.datasync.CDataParameter
[11May2026 19:17:36.697] [main/WARN] [net.minecraft.network.syncher.SynchedEntityData/]: defineId called for: class forge.net.mca.entity.VillagerEntityMCA from class forge.net.mca.util.network.datasync.CDataParameter
[11May2026 19:17:36.697] [main/WARN] [net.minecraft.network.syncher.SynchedEntityData/]: defineId called for: class forge.net.mca.entity.VillagerEntityMCA from class forge.net.mca.util.network.datasync.CEnumParameter
[11May2026 19:17:36.699] [main/WARN] [net.minecraft.network.syncher.SynchedEntityData/]: defineId called for: class forge.net.mca.entity.VillagerEntityMCA from class forge.net.mca.util.network.datasync.CDataParameter
[11May2026 19:17:36.699] [main/WARN] [net.minecraft.network.syncher.SynchedEntityData/]: defineId called for: class forge.net.mca.entity.VillagerEntityMCA from class forge.net.mca.util.network.datasync.CDataParameter
[11May2026 19:17:36.700] [main/WARN] [net.minecraft.network.syncher.SynchedEntityData/]: defineId called for: class forge.net.mca.entity.VillagerEntityMCA from class forge.net.mca.util.network.datasync.CDataParameter
[11May2026 19:17:36.700] [main/WARN] [net.minecraft.network.syncher.SynchedEntityData/]: defineId called for: class forge.net.mca.entity.VillagerEntityMCA from class forge.net.mca.util.network.datasync.CDataParameter
[11May2026 19:17:36.700] [main/WARN] [net.minecraft.network.syncher.SynchedEntityData/]: defineId called for: class forge.net.mca.entity.VillagerEntityMCA from class forge.net.mca.util.network.datasync.CDataParameter
[11May2026 19:17:36.700] [main/WARN] [net.minecraft.network.syncher.SynchedEntityData/]: defineId called for: class forge.net.mca.entity.VillagerEntityMCA from class forge.net.mca.util.network.datasync.CDataParameter
[11May2026 19:17:36.700] [main/WARN] [net.minecraft.network.syncher.SynchedEntityData/]: defineId called for: class forge.net.mca.entity.VillagerEntityMCA from class forge.net.mca.util.network.datasync.CDataParameter
[11May2026 19:17:36.700] [main/WARN] [net.minecraft.network.syncher.SynchedEntityData/]: defineId called for: class forge.net.mca.entity.VillagerEntityMCA from class forge.net.mca.util.network.datasync.CDataParameter
[11May2026 19:17:36.700] [main/WARN] [net.minecraft.network.syncher.SynchedEntityData/]: defineId called for: class forge.net.mca.entity.VillagerEntityMCA from class forge.net.mca.util.network.datasync.CDataParameter
[11May2026 19:17:36.700] [main/WARN] [net.minecraft.network.syncher.SynchedEntityData/]: defineId called for: class forge.net.mca.entity.VillagerEntityMCA from class forge.net.mca.util.network.datasync.CDataParameter
[11May2026 19:17:36.701] [main/WARN] [net.minecraft.network.syncher.SynchedEntityData/]: defineId called for: class forge.net.mca.entity.VillagerEntityMCA from class forge.net.mca.util.network.datasync.CDataParameter
[11May2026 19:17:36.701] [main/WARN] [net.minecraft.network.syncher.SynchedEntityData/]: defineId called for: class forge.net.mca.entity.VillagerEntityMCA from class forge.net.mca.util.network.datasync.CEnumParameter
[11May2026 19:17:36.701] [main/WARN] [net.minecraft.network.syncher.SynchedEntityData/]: defineId called for: class forge.net.mca.entity.VillagerEntityMCA from class forge.net.mca.util.network.datasync.CDataParameter
[11May2026 19:17:36.705] [main/WARN] [net.minecraft.network.syncher.SynchedEntityData/]: defineId called for: class forge.net.mca.entity.VillagerEntityMCA from class forge.net.mca.util.network.datasync.CDataParameter
[11May2026 19:17:36.705] [main/WARN] [net.minecraft.network.syncher.SynchedEntityData/]: defineId called for: class forge.net.mca.entity.VillagerEntityMCA from class forge.net.mca.util.network.datasync.CEnumParameter
[11May2026 19:17:36.705] [main/WARN] [net.minecraft.network.syncher.SynchedEntityData/]: defineId called for: class forge.net.mca.entity.VillagerEntityMCA from class forge.net.mca.util.network.datasync.CDataParameter
[11May2026 19:17:36.706] [main/WARN] [net.minecraft.network.syncher.SynchedEntityData/]: defineId called for: class forge.net.mca.entity.VillagerEntityMCA from class forge.net.mca.util.network.datasync.CEnumParameter
[11May2026 19:17:36.706] [main/WARN] [net.minecraft.network.syncher.SynchedEntityData/]: defineId called for: class forge.net.mca.entity.VillagerEntityMCA from class forge.net.mca.util.network.datasync.CEnumParameter
[11May2026 19:17:36.706] [main/WARN] [net.minecraft.network.syncher.SynchedEntityData/]: defineId called for: class forge.net.mca.entity.VillagerEntityMCA from class forge.net.mca.util.network.datasync.CDataParameter
[11May2026 19:17:36.706] [main/WARN] [net.minecraft.network.syncher.SynchedEntityData/]: defineId called for: class forge.net.mca.entity.VillagerEntityMCA from class forge.net.mca.util.network.datasync.CDataParameter
[11May2026 19:17:36.706] [main/WARN] [net.minecraft.network.syncher.SynchedEntityData/]: defineId called for: class forge.net.mca.entity.VillagerEntityMCA from class forge.net.mca.util.network.datasync.CDataParameter
[11May2026 19:17:36.706] [main/WARN] [net.minecraft.network.syncher.SynchedEntityData/]: defineId called for: class forge.net.mca.entity.VillagerEntityMCA from class forge.net.mca.util.network.datasync.CDataParameter
[11May2026 19:17:36.706] [main/WARN] [net.minecraft.network.syncher.SynchedEntityData/]: defineId called for: class forge.net.mca.entity.VillagerEntityMCA from class forge.net.mca.util.network.datasync.CDataParameter
[11May2026 19:17:36.709] [main/WARN] [net.minecraft.network.syncher.SynchedEntityData/]: defineId called for: class forge.net.mca.entity.VillagerEntityMCA from class forge.net.mca.util.network.datasync.CDataParameter
[11May2026 19:17:36.713] [main/WARN] [net.minecraft.network.syncher.SynchedEntityData/]: defineId called for: class forge.net.mca.entity.VillagerEntityMCA from class forge.net.mca.util.network.datasync.CDataParameter
[11May2026 19:17:36.714] [main/WARN] [net.minecraft.network.syncher.SynchedEntityData/]: defineId called for: class forge.net.mca.entity.VillagerEntityMCA from class forge.net.mca.util.network.datasync.CDataParameter
[11May2026 19:17:36.715] [main/WARN] [net.minecraft.network.syncher.SynchedEntityData/]: defineId called for: class forge.net.mca.entity.VillagerEntityMCA from class forge.net.mca.util.network.datasync.CDataParameter
[11May2026 19:17:36.715] [main/WARN] [net.minecraft.network.syncher.SynchedEntityData/]: defineId called for: class forge.net.mca.entity.VillagerEntityMCA from class forge.net.mca.util.network.datasync.CDataParameter
[11May2026 19:17:36.715] [main/WARN] [net.minecraft.network.syncher.SynchedEntityData/]: defineId called for: class forge.net.mca.entity.VillagerEntityMCA from class forge.net.mca.util.network.datasync.CDataParameter
[11May2026 19:17:36.724] [main/WARN] [net.minecraft.network.syncher.SynchedEntityData/]: defineId called for: class com.github.alexmodguy.alexscaves.server.entity.living.TremorzillaEntity from class com.github.alexmodguy.alexscaves.server.entity.living.LicowitchEntity
[11May2026 19:17:37.028] [main/INFO] [Puzzles Lib/]: Loading common config for mutantmonsters
[11May2026 19:17:37.195] [main/INFO] [Spartan Shields/]: Loading config spartanshields-common.toml
[11May2026 19:17:37.208] [main/INFO] [Puzzles Lib/]: Loading common config for stoneworks
[11May2026 19:17:37.233] [Thread-0/INFO] [ModernFix/]: Please use /mfsrc to reload any changed mod config files
[11May2026 19:17:37.333] [main/INFO] [Spartan Weaponry/]: Updating config settings!
[11May2026 19:17:37.532] [modloading-worker-0/INFO] [com.clickadv.ClickAdvancements/]: clickadv mod initialized
[11May2026 19:17:37.648] [modloading-worker-0/INFO] [me.steinborn.krypton.mod.shared.Krypton/]: Compression will use libdeflate (Linux x86_64), encryption will use OpenSSL 3.0.x (Linux x86_64)
[11May2026 19:17:37.712] [modloading-worker-0/INFO] [com.structureessentials.StructureEssentials/]: structureessentials mod initialized
[11May2026 19:17:37.746] [modloading-worker-0/INFO] [com.lootintegrations.LootintegrationsMod/]: lootintegrations mod initialized
[11May2026 19:17:37.778] [Modding Legacy/conjurer_illager/Supporters thread/INFO] [ModdingLegacy/conjurer_illager/Supporter/]: Attempting to load the Modding Legacy supporters list from https://moddinglegacy.com/supporters-changelogs/supporters.txt
[11May2026 19:17:37.789] [modloading-worker-0/INFO] [STDOUT/]: [toni.lib.TxniLib:onInitialize:75]: TxniLib onInitialize!
[11May2026 19:17:37.796] [modloading-worker-0/INFO] [Spartan Shields/]: Setting up Spartan Shields!
[11May2026 19:17:37.815] [modloading-worker-0/WARN] [net.minecraftforge.common.ForgeConfigSpec/CORE]: Configuration file /workspaces/literate-garbanzo/servidor_minecraft/config/storagenetwork.toml is not correct. Correcting
[11May2026 19:17:37.817] [modloading-worker-0/WARN] [net.minecraftforge.common.ForgeConfigSpec/CORE]: Incorrect key storagenetwork.facades.itemsNotAllowed was corrected from [minecraft:ladder, minecraft:double_plant, minecraft:waterlily, minecraft:torch, minecraft:*_torch, minecraft:redstone, minecraft:iron_bars, minecraft:chest, minecraft:ender_chest, minecraft:sculk_vein, minecraft:string, minecraft:vine, minecraft:rail, minecraft:*_rail, minecraft:brewing_stand, minecraft:*_dripleaf, minecraft:*_pane, minecraft:*_sapling, minecraft:*_sign, minecraft:*_door, minecraft:*_banner, minecraft:*_shulker_box, cyclic:*_pipe, cyclic:*_bars, storagenetwork:*] to its default, [minecraft:ladder, minecraft:double_plant, minecraft:waterlily, minecraft:torch, minecraft:*_torch, minecraft:redstone, minecraft:iron_bars, minecraft:chest, minecraft:ender_chest, minecraft:sculk_vein, minecraft:string, minecraft:vine, minecraft:rail, minecraft:*_rail, minecraft:brewing_stand, minecraft:*_dripleaf, minecraft:*_pane, minecraft:*_sapling, minecraft:*_sign, minecraft:*_door, minecraft:*_banner, minecraft:*_shulker_box, cyclic:*_pipe, cyclic:*_bars, storagenetwork:*]. 
[11May2026 19:17:37.844] [modloading-worker-0/INFO] [bagus_lib/]: Load Bagus Lib Supporter
[11May2026 19:17:37.869] [modloading-worker-0/INFO] [terrablender/]: Registered region minecraft:overworld to index 0 for type OVERWORLD
[11May2026 19:17:37.870] [modloading-worker-0/INFO] [terrablender/]: Registered region minecraft:nether to index 0 for type NETHER
[11May2026 19:17:37.870] [modloading-worker-0/INFO] [terrablender/]: Registered region aether:the_aether to index 0 for type THE_AETHER
[11May2026 19:17:37.871] [modloading-worker-0/INFO] [terrablender/]: Registered region vanillabackport:overworld to index 1 for type OVERWORLD
[11May2026 19:17:37.898] [Modding Legacy/conjurer_illager/Supporters thread/INFO] [ModdingLegacy/conjurer_illager/Supporter/]: Successfully loaded the Modding Legacy supporters list.
[11May2026 19:17:37.925] [Forge Version Check/INFO] [net.minecraftforge.fml.VersionChecker/]: [forgeendertech] Starting version check at https://forge.curseupdate.com/244844/forgeendertech
[11May2026 19:17:37.931] [modloading-worker-0/INFO] [com.chunksending.ChunkSending/]: chunksending mod initialized
[11May2026 19:17:37.937] [modloading-worker-0/INFO] [com.recipeessentials.RecipeEssentials/]: recipeessentials mod initialized
[11May2026 19:17:37.952] [modloading-worker-0/INFO] [STDOUT/]: [teamrazor.aeroblender.Aeroblender:commonSetup:41]: THE_AETHER
[11May2026 19:17:37.952] [modloading-worker-0/INFO] [STDOUT/]: [teamrazor.aeroblender.Aeroblender:commonSetup:42]: [OVERWORLD, NETHER, THE_AETHER]
[11May2026 19:17:37.952] [modloading-worker-0/INFO] [STDOUT/]: [teamrazor.aeroblender.Aeroblender:commonSetup:43]: THE_AETHER
[11May2026 19:17:37.953] [modloading-worker-0/INFO] [STDOUT/]: [teamrazor.aeroblender.Aeroblender:commonSetup:45]: THE_AETHER
[11May2026 19:17:37.953] [modloading-worker-0/INFO] [STDOUT/]: [teamrazor.aeroblender.Aeroblender:commonSetup:46]: [OVERWORLD, NETHER, THE_AETHER]
[11May2026 19:17:37.953] [modloading-worker-0/INFO] [STDOUT/]: [teamrazor.aeroblender.Aeroblender:commonSetup:47]: THE_AETHER
[11May2026 19:17:37.954] [modloading-worker-0/INFO] [com.connectivity.Connectivity/]: Connectivity initialized
[11May2026 19:17:38.041] [modloading-worker-0/INFO] [Spartan Weaponry/]: Setting up Spartan Weaponry!
[11May2026 19:17:38.077] [Forge Version Check/INFO] [net.minecraftforge.fml.VersionChecker/]: [forgeendertech] Found status: UP_TO_DATE Current: 11.1.10.0 Target: null
[11May2026 19:17:38.078] [Forge Version Check/INFO] [net.minecraftforge.fml.VersionChecker/]: [minetraps] Starting version check at https://raw.githubusercontent.com/XxRexRaptorxX/Update-Checker/main/MineTraps.json
[11May2026 19:17:38.081] [modloading-worker-0/ERROR] [patchouli/]: Failed to load book iammusicplayer:manual defined by mod iammusicplayer, skipping
java.lang.IllegalArgumentException: Book iammusicplayer:manual has use_resource_pack set to false. This behaviour was removed in 1.20. The book author should enable this flag and move all book contents clientside to /assets/, leaving the book.json in /data/. See https://vazkiimods.github.io/Patchouli/docs/upgrading/upgrade-guide-120 for details.
	at vazkii.patchouli.common.book.Book.<init>(Book.java:145) ~[Patchouli-1.20.1-85-FORGE.jar%23670!/:1.20.1-85-FORGE]
	at vazkii.patchouli.common.book.BookRegistry.loadBook(BookRegistry.java:90) ~[Patchouli-1.20.1-85-FORGE.jar%23670!/:1.20.1-85-FORGE]
	at vazkii.patchouli.common.book.BookRegistry.lambda$init$3(BookRegistry.java:75) ~[Patchouli-1.20.1-85-FORGE.jar%23670!/:1.20.1-85-FORGE]
	at java.util.HashMap.forEach(HashMap.java:1421) ~[?:?]
	at vazkii.patchouli.common.book.BookRegistry.init(BookRegistry.java:70) ~[Patchouli-1.20.1-85-FORGE.jar%23670!/:1.20.1-85-FORGE]
	at vazkii.patchouli.forge.common.ForgeModInitializer.onInitialize(ForgeModInitializer.java:76) ~[Patchouli-1.20.1-85-FORGE.jar%23670!/:1.20.1-85-FORGE]
	at vazkii.patchouli.forge.common.__ForgeModInitializer_onInitialize_FMLCommonSetupEvent.invoke(.dynamic) ~[Patchouli-1.20.1-85-FORGE.jar%23670!/:1.20.1-85-FORGE]
	at net.minecraftforge.eventbus.ASMEventHandler.invoke(ASMEventHandler.java:55) ~[eventbus-6.2.33.jar%2350!/:?]
	at net.minecraftforge.eventbus.EventBus.post(EventBus.java:312) ~[eventbus-6.2.33.jar%2350!/:?]
	at net.minecraftforge.eventbus.EventBus.post(EventBus.java:298) ~[eventbus-6.2.33.jar%2350!/:?]
	at net.minecraftforge.fml.javafmlmod.FMLModContainer.acceptEvent(FMLModContainer.java:121) ~[javafmllanguage-1.20.1-47.4.20.jar%23777!/:?]
	at net.minecraftforge.fml.ModContainer.lambda$buildTransitionHandler$5(ModContainer.java:127) ~[fmlcore-1.20.1-47.4.20.jar%23776!/:?]
	at java.util.concurrent.CompletableFuture$AsyncRun.run(CompletableFuture.java:1804) ~[?:?]
	at java.util.concurrent.CompletableFuture$AsyncRun.exec(CompletableFuture.java:1796) ~[?:?]
	at java.util.concurrent.ForkJoinTask.doExec(ForkJoinTask.java:373) ~[?:?]
	at java.util.concurrent.ForkJoinPool$WorkQueue.topLevelExec(ForkJoinPool.java:1182) ~[?:?]
	at java.util.concurrent.ForkJoinPool.scan(ForkJoinPool.java:1655) ~[?:?]
	at java.util.concurrent.ForkJoinPool.runWorker(ForkJoinPool.java:1622) ~[?:?]
	at java.util.concurrent.ForkJoinWorkerThread.run(ForkJoinWorkerThread.java:165) ~[?:?]
[11May2026 19:17:38.090] [modloading-worker-0/INFO] [com.limitedchunks.LimitedChunks/]: Limited chunkloading initialized
[11May2026 19:17:38.125] [Forge Version Check/INFO] [net.minecraftforge.fml.VersionChecker/]: [minetraps] Found status: UP_TO_DATE Current: 2.3.0a Target: null
[11May2026 19:17:38.126] [Forge Version Check/INFO] [net.minecraftforge.fml.VersionChecker/]: [structure_gel] Starting version check at http://changelogs.moddinglegacy.com/structure-gel.json
[11May2026 19:17:38.135] [modloading-worker-0/INFO] [Dungeon Crawl/]: Common Setup
[11May2026 19:17:38.320] [Forge Version Check/INFO] [net.minecraftforge.fml.VersionChecker/]: [structure_gel] Found status: BETA Current: 2.16.2 Target: null
[11May2026 19:17:38.321] [Forge Version Check/INFO] [net.minecraftforge.fml.VersionChecker/]: [tinyskeletons] Starting version check at https://raw.githubusercontent.com/Fuzss/modresources/main/update/tinyskeletons.json
[11May2026 19:17:38.337] [Forge Version Check/INFO] [net.minecraftforge.fml.VersionChecker/]: [tinyskeletons] Found status: UP_TO_DATE Current: 8.0.1 Target: null
[11May2026 19:17:38.337] [Forge Version Check/INFO] [net.minecraftforge.fml.VersionChecker/]: [highlighter] Starting version check at https://mc-update-check.anthonyhilyard.com/521590
[11May2026 19:17:38.561] [Forge Version Check/INFO] [net.minecraftforge.fml.VersionChecker/]: [highlighter] Found status: UP_TO_DATE Current: 1.1.9 Target: null
[11May2026 19:17:38.562] [Forge Version Check/INFO] [net.minecraftforge.fml.VersionChecker/]: [echochest] Starting version check at https://raw.githubusercontent.com/Fuzss/modresources/main/update/echochest.json
[11May2026 19:17:38.625] [Forge Version Check/INFO] [net.minecraftforge.fml.VersionChecker/]: [echochest] Found status: UP_TO_DATE Current: 8.0.0 Target: null
[11May2026 19:17:38.625] [Forge Version Check/INFO] [net.minecraftforge.fml.VersionChecker/]: [advancednetherite] Starting version check at https://raw.githubusercontent.com/Autovw/ModUpdates/master/advancednetherite/update.json
[11May2026 19:17:38.647] [Forge Version Check/INFO] [net.minecraftforge.fml.VersionChecker/]: [advancednetherite] Found status: BETA Current: 2.1.3 Target: 2.1.3
[11May2026 19:17:38.647] [Forge Version Check/INFO] [net.minecraftforge.fml.VersionChecker/]: [mr_dungeons_andtaverns] Starting version check at https://api.modrinth.com/updates/tpehi7ww/forge_updates.json
[11May2026 19:17:38.770] [Forge Version Check/INFO] [net.minecraftforge.fml.VersionChecker/]: [mr_dungeons_andtaverns] Found status: OUTDATED Current: 3.0.3.f Target: 3.0.3.f+mod
[11May2026 19:17:38.770] [Forge Version Check/INFO] [net.minecraftforge.fml.VersionChecker/]: [tombstone] Starting version check at https://raw.githubusercontent.com/Corail31/tombstone_lite/master/update.json
[11May2026 19:17:38.790] [Forge Version Check/INFO] [net.minecraftforge.fml.VersionChecker/]: [tombstone] Found status: OUTDATED Current: 9.0.9 Target: 9.0.10
[11May2026 19:17:38.790] [Forge Version Check/INFO] [net.minecraftforge.fml.VersionChecker/]: [cumulus_menus] Starting version check at https://github.com/The-Aether-Team/Cumulus/raw/1.20.1-develop/update.json
[11May2026 19:17:38.866] [main/WARN] [mixin/]: Method overwrite conflict for m_140184_ in lithium.mixins.json:world.player_chunk_tick.ThreadedAnvilChunkStorageMixin, previously written by me.steinborn.krypton.mixin.shared.network.flushconsolidation.ThreadedAnvilChunkStorageMixin. Skipping method.
[11May2026 19:17:38.925] [Forge Version Check/INFO] [net.minecraftforge.fml.VersionChecker/]: [cumulus_menus] Found status: UP_TO_DATE Current: 1.20.1-1.0.1-neoforge Target: null
[11May2026 19:17:38.925] [Forge Version Check/INFO] [net.minecraftforge.fml.VersionChecker/]: [mcwroofs] Starting version check at https://raw.githubusercontent.com/sketchmacaw/macawsmods/master/roofs.json
[11May2026 19:17:38.935] [main/WARN] [AllTheLeaks/]: Failed to get VarHandle for class class com.github.alexthe666.citadel.server.world.CitadelServerData with field dataMap and type interface java.util.Map
[11May2026 19:17:38.936] [main/ERROR] [AllTheLeaks/]: Failed to instantiate constructor.
java.lang.ExceptionInInitializerError: null
	at java.lang.Class.forName0(Native Method) ~[?:?]
	at java.lang.Class.forName(Class.java:377) ~[?:?]
	at dev.uncandango.alltheleaks.leaks.IssueManager.lambda$initiateIssues$3(IssueManager.java:166) ~[alltheleaks-1.1.1+1.20.1-forge.jar%23453!/:1.1.1+1.20.1-forge]
	at java.util.ArrayList.forEach(ArrayList.java:1511) ~[?:?]
	at dev.uncandango.alltheleaks.leaks.IssueManager.initiateIssues(IssueManager.java:164) ~[alltheleaks-1.1.1+1.20.1-forge.jar%23453!/:1.1.1+1.20.1-forge]
	at java.util.concurrent.CompletableFuture$AsyncRun.run(CompletableFuture.java:1804) ~[?:?]
	at net.minecraftforge.fml.DeferredWorkQueue.lambda$makeRunnable$2(DeferredWorkQueue.java:81) ~[fmlcore-1.20.1-47.4.20.jar%23776!/:?]
	at net.minecraftforge.fml.DeferredWorkQueue.makeRunnable(DeferredWorkQueue.java:76) ~[fmlcore-1.20.1-47.4.20.jar%23776!/:?]
	at net.minecraftforge.fml.DeferredWorkQueue.lambda$runTasks$0(DeferredWorkQueue.java:60) ~[fmlcore-1.20.1-47.4.20.jar%23776!/:?]
	at java.util.concurrent.ConcurrentLinkedDeque.forEach(ConcurrentLinkedDeque.java:1650) ~[?:?]
	at net.minecraftforge.fml.DeferredWorkQueue.runTasks(DeferredWorkQueue.java:60) ~[fmlcore-1.20.1-47.4.20.jar%23776!/:?]
	at net.minecraftforge.fml.core.ParallelTransition.lambda$finalActivityGenerator$2(ParallelTransition.java:35) ~[forge-1.20.1-47.4.20-universal.jar%23780!/:?]
	at java.util.concurrent.CompletableFuture$UniApply.tryFire(CompletableFuture.java:646) ~[?:?]
	at java.util.concurrent.CompletableFuture$Completion.run(CompletableFuture.java:482) ~[?:?]
	at net.minecraftforge.fml.ModWorkManager$SyncExecutor.driveOne(ModWorkManager.java:43) ~[fmlcore-1.20.1-47.4.20.jar%23776!/:?]
	at net.minecraftforge.fml.ModWorkManager$DrivenExecutor.drive(ModWorkManager.java:28) ~[fmlcore-1.20.1-47.4.20.jar%23776!/:?]
	at net.minecraftforge.fml.ModLoader.waitForTransition(ModLoader.java:224) ~[fmlcore-1.20.1-47.4.20.jar%23776!/:?]
	at net.minecraftforge.fml.ModLoader.lambda$dispatchAndHandleError$20(ModLoader.java:210) ~[fmlcore-1.20.1-47.4.20.jar%23776!/:?]
	at java.util.Optional.ifPresent(Optional.java:178) ~[?:?]
	at net.minecraftforge.fml.ModLoader.dispatchAndHandleError(ModLoader.java:210) ~[fmlcore-1.20.1-47.4.20.jar%23776!/:?]
	at net.minecraftforge.fml.ModLoader.lambda$loadMods$15(ModLoader.java:190) ~[fmlcore-1.20.1-47.4.20.jar%23776!/:?]
	at java.lang.Iterable.forEach(Iterable.java:75) ~[?:?]
	at net.minecraftforge.fml.ModLoader.loadMods(ModLoader.java:190) ~[fmlcore-1.20.1-47.4.20.jar%23776!/:?]
	at net.minecraftforge.server.loading.ServerModLoader.load(ServerModLoader.java:31) ~[forge-1.20.1-47.4.20-universal.jar%23780!/:?]
	at net.minecraft.server.Main.main(Main.java:125) ~[server-1.20.1-20230612.114412-srg.jar%23775!/:?]
	at jdk.internal.reflect.NativeMethodAccessorImpl.invoke0(Native Method) ~[?:?]
	at jdk.internal.reflect.NativeMethodAccessorImpl.invoke(NativeMethodAccessorImpl.java:77) ~[?:?]
	at jdk.internal.reflect.DelegatingMethodAccessorImpl.invoke(DelegatingMethodAccessorImpl.java:43) ~[?:?]
	at java.lang.reflect.Method.invoke(Method.java:569) ~[?:?]
	at net.minecraftforge.fml.loading.targets.CommonLaunchHandler.runTarget(CommonLaunchHandler.java:111) ~[fmlloader-1.20.1-47.4.20.jar%2367!/:?]
	at net.minecraftforge.fml.loading.targets.CommonLaunchHandler.serverService(CommonLaunchHandler.java:103) ~[fmlloader-1.20.1-47.4.20.jar%2367!/:?]
	at net.minecraftforge.fml.loading.targets.CommonServerLaunchHandler.lambda$makeService$0(CommonServerLaunchHandler.java:27) ~[fmlloader-1.20.1-47.4.20.jar%2367!/:?]
	at cpw.mods.modlauncher.LaunchServiceHandlerDecorator.launch(LaunchServiceHandlerDecorator.java:30) ~[modlauncher-10.0.9.jar%2353!/:?]
	at cpw.mods.modlauncher.LaunchServiceHandler.launch(LaunchServiceHandler.java:53) ~[modlauncher-10.0.9.jar%2353!/:?]
	at cpw.mods.modlauncher.LaunchServiceHandler.launch(LaunchServiceHandler.java:71) ~[modlauncher-10.0.9.jar%2353!/:?]
	at cpw.mods.modlauncher.Launcher.run(Launcher.java:108) ~[modlauncher-10.0.9.jar%2353!/:?]
	at cpw.mods.modlauncher.Launcher.main(Launcher.java:78) ~[modlauncher-10.0.9.jar%2353!/:?]
	at cpw.mods.modlauncher.BootstrapLaunchConsumer.accept(BootstrapLaunchConsumer.java:26) ~[modlauncher-10.0.9.jar%2353!/:?]
	at cpw.mods.modlauncher.BootstrapLaunchConsumer.accept(BootstrapLaunchConsumer.java:23) ~[modlauncher-10.0.9.jar%2353!/:?]
	at cpw.mods.bootstraplauncher.BootstrapLauncher.main(BootstrapLauncher.java:141) ~[bootstraplauncher-1.1.2.jar:?]
Caused by: java.lang.RuntimeException: VarHandler is null
	at dev.uncandango.alltheleaks.utils.ReflectionHelper.getFieldFromClass(ReflectionHelper.java:132) ~[alltheleaks-1.1.1+1.20.1-forge.jar%23453!/:1.1.1+1.20.1-forge]
	at dev.uncandango.alltheleaks.leaks.common.mods.citadel.UntrackedIssue001.<clinit>(UntrackedIssue001.java:17) ~[alltheleaks-1.1.1+1.20.1-forge.jar%23453!/:1.1.1+1.20.1-forge]
	... 40 more
[11May2026 19:17:38.942] [Forge Version Check/INFO] [net.minecraftforge.fml.VersionChecker/]: [mcwroofs] Found status: UP_TO_DATE Current: 2.3.2 Target: null
[11May2026 19:17:38.942] [Forge Version Check/INFO] [net.minecraftforge.fml.VersionChecker/]: [cfm] Starting version check at https://mrcrayfish.com/modupdatejson?id=cfm
[11May2026 19:17:39.079] [Forge Version Check/WARN] [net.minecraftforge.fml.VersionChecker/]: Failed to process update information
com.google.gson.JsonSyntaxException: java.lang.IllegalStateException: Expected BEGIN_OBJECT but was STRING at line 1 column 1 path $
	at com.google.gson.Gson.fromJson(Gson.java:1226) ~[gson-2.10.jar%2370!/:?]
	at com.google.gson.Gson.fromJson(Gson.java:1124) ~[gson-2.10.jar%2370!/:?]
	at com.google.gson.Gson.fromJson(Gson.java:1034) ~[gson-2.10.jar%2370!/:?]
	at com.google.gson.Gson.fromJson(Gson.java:969) ~[gson-2.10.jar%2370!/:?]
	at net.minecraftforge.fml.VersionChecker$1.process(VersionChecker.java:186) ~[fmlcore-1.20.1-47.4.20.jar%23776!/:?]
	at java.lang.Iterable.forEach(Iterable.java:75) ~[?:?]
	at net.minecraftforge.fml.VersionChecker$1.run(VersionChecker.java:117) ~[fmlcore-1.20.1-47.4.20.jar%23776!/:?]
Caused by: java.lang.IllegalStateException: Expected BEGIN_OBJECT but was STRING at line 1 column 1 path $
	at com.google.gson.stream.JsonReader.beginObject(JsonReader.java:393) ~[gson-2.10.jar%2370!/:?]
	at com.google.gson.internal.bind.MapTypeAdapterFactory$Adapter.read(MapTypeAdapterFactory.java:182) ~[gson-2.10.jar%2370!/:?]
	at com.google.gson.internal.bind.MapTypeAdapterFactory$Adapter.read(MapTypeAdapterFactory.java:144) ~[gson-2.10.jar%2370!/:?]
	at com.google.gson.Gson.fromJson(Gson.java:1214) ~[gson-2.10.jar%2370!/:?]
	... 6 more
[11May2026 19:17:39.082] [Forge Version Check/INFO] [net.minecraftforge.fml.VersionChecker/]: [netherchested] Starting version check at https://raw.githubusercontent.com/Fuzss/modresources/main/update/netherchested.json
[11May2026 19:17:39.093] [main/INFO] [com.tiviacz.travelersbackpack.TravelersBackpack/]: Registered the FluidEffect with Unique ID of minecraft:water for Water (Fluid Amount Required: 1000) with the ID 0
[11May2026 19:17:39.093] [main/INFO] [com.tiviacz.travelersbackpack.TravelersBackpack/]: Registered the FluidEffect with Unique ID of minecraft:lava for Lava (Fluid Amount Required: 1000) with the ID 1
[11May2026 19:17:39.094] [main/INFO] [com.tiviacz.travelersbackpack.TravelersBackpack/]: Registered the FluidEffect with Unique ID of travelersbackpack:potion for Uncraftable Potion (Fluid Amount Required: 250) with the ID 2
[11May2026 19:17:39.094] [main/INFO] [com.tiviacz.travelersbackpack.TravelersBackpack/]: Registered the FluidEffect with Unique ID of minecraft:milk for Milk (Fluid Amount Required: 1000) with the ID 3
[11May2026 19:17:39.095] [main/INFO] [terrablender/]: Registered region biomesoplenty:overworld_primary to index 2 for type OVERWORLD
[11May2026 19:17:39.095] [main/INFO] [terrablender/]: Registered region biomesoplenty:overworld_secondary to index 3 for type OVERWORLD
[11May2026 19:17:39.095] [main/INFO] [terrablender/]: Registered region biomesoplenty:overworld_rare to index 4 for type OVERWORLD
[11May2026 19:17:39.095] [main/INFO] [terrablender/]: Registered region biomesoplenty:nether_common to index 1 for type NETHER
[11May2026 19:17:39.095] [main/INFO] [terrablender/]: Registered region biomesoplenty:nether_rare to index 2 for type NETHER
[11May2026 19:17:39.100] [main/INFO] [zeta/]: Common setup: Performing initial refresh of zeta's config on thread 'main'
[11May2026 19:17:39.101] [main/INFO] [zeta/]: 'zeta' is enabling Zeta's piston structure resolver.
[11May2026 19:17:39.102] [main/INFO] [zeta/]: Waiting for server start before accepting filewatcher changes to zeta's config
[11May2026 19:17:39.104] [Forge Version Check/INFO] [net.minecraftforge.fml.VersionChecker/]: [netherchested] Found status: UP_TO_DATE Current: 8.0.4 Target: null
[11May2026 19:17:39.104] [Forge Version Check/INFO] [net.minecraftforge.fml.VersionChecker/]: [betterburning] Starting version check at https://updates.blamejared.com/get?n=betterburning&gv=1.20.1
[11May2026 19:17:39.155] [main/INFO] [terrablender/]: Registered region deep_aether:deep_aether to index 1 for type THE_AETHER
[11May2026 19:17:39.155] [main/INFO] [terrablender/]: Registered region deep_aether:rare to index 2 for type THE_AETHER
[11May2026 19:17:39.174] [main/INFO] [terrablender/]: Registered region aether_redux:aether_redux_region to index 3 for type THE_AETHER
[11May2026 19:17:39.264] [main/INFO] [journeymap/]: Initializing Packet Registries
[11May2026 19:17:39.454] [Forge Version Check/INFO] [net.minecraftforge.fml.VersionChecker/]: [betterburning] Found status: BETA Current: 9.0.3 Target: 9.0.3
[11May2026 19:17:39.454] [Forge Version Check/INFO] [net.minecraftforge.fml.VersionChecker/]: [mcwlights] Starting version check at https://raw.githubusercontent.com/sketchmacaw/macawsmods/master/lights.json
[11May2026 19:17:39.460] [main/INFO] [Moonlight/]: Initialized color sets in 159ms
[11May2026 19:17:39.461] [main/ERROR] [Moonlight/]: Fabric API detected! This is not a Fabric mod, so please dont report related issues to MoonlightLib or its dependant. This can usually happen with connector or when having a mod that does NOT have a proper Forge native implementation. This can easily lead to poor compatibility and issues. Proceed ar your own risk. 
 Mods that bundled Fabric API: [net.minecraftforge.fml.loading.moddiscovery.ModInfo@198536f6]
[11May2026 19:17:39.461] [main/INFO] [terrablender/]: Registered region regions_unexplored:primary to index 5 for type OVERWORLD
[11May2026 19:17:39.461] [main/INFO] [terrablender/]: Registered region regions_unexplored:secondary to index 6 for type OVERWORLD
[11May2026 19:17:39.462] [main/INFO] [terrablender/]: Registered region regions_unexplored:nether to index 3 for type NETHER
[11May2026 19:17:39.466] [Forge Version Check/INFO] [net.minecraftforge.fml.VersionChecker/]: [mcwlights] Found status: UP_TO_DATE Current: 1.1.5 Target: null
[11May2026 19:17:39.466] [Forge Version Check/INFO] [net.minecraftforge.fml.VersionChecker/]: [radium] Starting version check at https://api.modrinth.com/updates/radium/forge_updates.json
[11May2026 19:17:39.472] [main/INFO] [terrablender/]: Registered region quark:biome_provider to index 7 for type OVERWORLD
[11May2026 19:17:39.472] [main/INFO] [quark-zeta/]: Common setup: Performing initial refresh of quark's config on thread 'main'
[11May2026 19:17:39.495] [main/INFO] [quark-zeta/]: Waiting for server start before accepting filewatcher changes to quark's config
[11May2026 19:17:39.502] [Forge Version Check/INFO] [net.minecraftforge.fml.VersionChecker/]: [radium] Found status: AHEAD Current: 0.12.4+git.26c9d8e Target: null
[11May2026 19:17:39.502] [Forge Version Check/INFO] [net.minecraftforge.fml.VersionChecker/]: [mutantmonsters] Starting version check at https://raw.githubusercontent.com/Fuzss/modresources/main/update/mutantmonsters.json
[11May2026 19:17:39.512] [Forge Version Check/INFO] [net.minecraftforge.fml.VersionChecker/]: [mutantmonsters] Found status: UP_TO_DATE Current: 8.0.8 Target: null
[11May2026 19:17:39.513] [Forge Version Check/INFO] [net.minecraftforge.fml.VersionChecker/]: [visualworkbench] Starting version check at https://raw.githubusercontent.com/Fuzss/modresources/main/update/visualworkbench.json
[11May2026 19:17:39.524] [Forge Version Check/INFO] [net.minecraftforge.fml.VersionChecker/]: [visualworkbench] Found status: UP_TO_DATE Current: 8.0.1 Target: null
[11May2026 19:17:39.524] [Forge Version Check/INFO] [net.minecraftforge.fml.VersionChecker/]: [attributefix] Starting version check at https://updates.blamejared.com/get?n=attributefix&gv=1.20.1
[11May2026 19:17:39.586] [main/INFO] [Supplementaries/]: Finished mod setup in: [21, 5, 0, 0, 0, 0, 13, 1] ms
[11May2026 19:17:39.620] [Forge Version Check/INFO] [net.minecraftforge.fml.VersionChecker/]: [attributefix] Found status: BETA Current: 21.0.5 Target: 21.0.5
[11May2026 19:17:39.620] [Forge Version Check/INFO] [net.minecraftforge.fml.VersionChecker/]: [mcwholidays] Starting version check at https://raw.githubusercontent.com/sketchmacaw/macawsmods/master/holidays.json
[11May2026 19:17:39.633] [Forge Version Check/INFO] [net.minecraftforge.fml.VersionChecker/]: [mcwholidays] Found status: UP_TO_DATE Current: 1.1.2 Target: null
[11May2026 19:17:39.633] [Forge Version Check/INFO] [net.minecraftforge.fml.VersionChecker/]: [botanypots] Starting version check at https://updates.blamejared.com/get?n=botanypots&gv=1.20.1
[11May2026 19:17:39.729] [Forge Version Check/INFO] [net.minecraftforge.fml.VersionChecker/]: [botanypots] Found status: BETA Current: 13.0.43 Target: 13.0.43
[11May2026 19:17:39.729] [Forge Version Check/INFO] [net.minecraftforge.fml.VersionChecker/]: [securitycraft] Starting version check at https://www.github.com/Geforce132/SecurityCraft/raw/master/Updates/Forge.json
[11May2026 19:17:39.778] [Forge Version Check/INFO] [net.minecraftforge.fml.VersionChecker/]: [securitycraft] Found status: UP_TO_DATE Current: 1.10.1 Target: null
[11May2026 19:17:39.778] [Forge Version Check/INFO] [net.minecraftforge.fml.VersionChecker/]: [aether_enhanced_extinguishing] Starting version check at https://github.com/The-Aether-Team/Enhanced-Extinguishing/raw/1.20.1-develop/update.json
[11May2026 19:17:39.902] [modloading-worker-0/INFO] [io.redspace.ironsspellbooks.IronsSpellbooks/]: Got IMC []
[11May2026 19:17:39.928] [Forge Version Check/INFO] [net.minecraftforge.fml.VersionChecker/]: [aether_enhanced_extinguishing] Found status: AHEAD Current: 1.20.1-1.0.0-neoforge Target: null
[11May2026 19:17:39.928] [Forge Version Check/INFO] [net.minecraftforge.fml.VersionChecker/]: [illagerinvasion] Starting version check at https://raw.githubusercontent.com/Fuzss/modresources/main/update/illagerinvasion.json
[11May2026 19:17:39.940] [Forge Version Check/INFO] [net.minecraftforge.fml.VersionChecker/]: [illagerinvasion] Found status: UP_TO_DATE Current: 8.0.7 Target: null
[11May2026 19:17:39.940] [Forge Version Check/INFO] [net.minecraftforge.fml.VersionChecker/]: [prism] Starting version check at https://mc-update-check.anthonyhilyard.com/638111
[11May2026 19:17:39.962] [Forge Version Check/INFO] [net.minecraftforge.fml.VersionChecker/]: [prism] Found status: UP_TO_DATE Current: 1.0.5 Target: null
[11May2026 19:17:39.962] [Forge Version Check/INFO] [net.minecraftforge.fml.VersionChecker/]: [bookshelf] Starting version check at https://updates.blamejared.com/get?n=bookshelf&gv=1.20.1
[11May2026 19:17:40.010] [modloading-worker-0/INFO] [AttributeFix/]: Loaded values for 67 compatible attributes.
[11May2026 19:17:40.010] [modloading-worker-0/INFO] [STDOUT/]: [com.mrh0.createaddition.CreateAddition:postInit:136]: Create Crafts & Additions Initialized!
[11May2026 19:17:40.013] [modloading-worker-0/INFO] [AttributeFix/]: Loaded 67 values from config.
[11May2026 19:17:40.028] [modloading-worker-0/INFO] [AttributeFix/]: Saving config file. 67 entries.
[11May2026 19:17:40.030] [modloading-worker-0/INFO] [AttributeFix/]: Applying changes for 67 attributes.
[11May2026 19:17:40.148] [Forge Version Check/INFO] [net.minecraftforge.fml.VersionChecker/]: [bookshelf] Found status: BETA Current: 20.2.15 Target: 20.2.15
[11May2026 19:17:40.149] [Forge Version Check/INFO] [net.minecraftforge.fml.VersionChecker/]: [mcwdoors] Starting version check at https://raw.githubusercontent.com/sketchmacaw/macawsmods/master/doors.json
[11May2026 19:17:40.160] [Forge Version Check/INFO] [net.minecraftforge.fml.VersionChecker/]: [mcwdoors] Found status: AHEAD Current: 1.1.5 Target: null
[11May2026 19:17:40.161] [Forge Version Check/INFO] [net.minecraftforge.fml.VersionChecker/]: [diagonalwalls] Starting version check at https://raw.githubusercontent.com/Fuzss/modresources/main/update/diagonalwalls.json
[11May2026 19:17:40.174] [Forge Version Check/INFO] [net.minecraftforge.fml.VersionChecker/]: [diagonalwalls] Found status: UP_TO_DATE Current: 8.0.4 Target: null
[11May2026 19:17:40.175] [Forge Version Check/INFO] [net.minecraftforge.fml.VersionChecker/]: [diagonalblocks] Starting version check at https://raw.githubusercontent.com/Fuzss/modresources/main/update/diagonalblocks.json
[11May2026 19:17:40.203] [Forge Version Check/INFO] [net.minecraftforge.fml.VersionChecker/]: [diagonalblocks] Found status: BETA Current: 8.0.6 Target: null
[11May2026 19:17:40.203] [Forge Version Check/INFO] [net.minecraftforge.fml.VersionChecker/]: [arcanelanterns] Starting version check at https://raw.githubusercontent.com/Fuzss/modresources/main/update/arcanelanterns.json
[11May2026 19:17:40.216] [Forge Version Check/INFO] [net.minecraftforge.fml.VersionChecker/]: [arcanelanterns] Found status: UP_TO_DATE Current: 8.0.0 Target: null
[11May2026 19:17:40.216] [Forge Version Check/INFO] [net.minecraftforge.fml.VersionChecker/]: [mcwbridges] Starting version check at https://raw.githubusercontent.com/sketchmacaw/macawsmods/master/bridges.json
[11May2026 19:17:40.220] [modloading-worker-0/INFO] [Jade/]: Start loading plugin at snownee.snow.compat.jade.JadeCompat
[11May2026 19:17:40.229] [Forge Version Check/INFO] [net.minecraftforge.fml.VersionChecker/]: [mcwbridges] Found status: AHEAD Current: 3.1.2 Target: null
[11May2026 19:17:40.229] [Forge Version Check/INFO] [net.minecraftforge.fml.VersionChecker/]: [adpoles] Starting version check at https://forge.curseupdate.com/318833/adpoles
[11May2026 19:17:40.230] [modloading-worker-0/INFO] [Jade/]: Start loading plugin at ovh.corail.tombstone.compatibility.IntegrationJade
[11May2026 19:17:40.231] [modloading-worker-0/INFO] [Jade/]: Start loading plugin at snownee.kiwi.customization.compat.jade.JadeCompat
[11May2026 19:17:40.232] [modloading-worker-0/INFO] [Jade/]: Start loading plugin at net.geforcemods.securitycraft.compat.hudmods.JadeDataProvider
[11May2026 19:17:40.234] [modloading-worker-0/INFO] [Jade/]: Start loading plugin at net.blay09.mods.balm.forge.compat.hudinfo.ForgeJadeModCompat
[11May2026 19:17:40.235] [modloading-worker-0/INFO] [Jade/]: Start loading plugin at snownee.jade.addon.JadeAddonsBase
[11May2026 19:17:40.246] [modloading-worker-0/INFO] [Jade/]: Start loading plugin at ht.treechop.compat.Jade
[11May2026 19:17:40.247] [modloading-worker-0/INFO] [Jade/]: Start loading plugin at com.aetherteam.aether.integration.jade.AetherJadePlugin
[11May2026 19:17:40.248] [modloading-worker-0/INFO] [Jade/]: Start loading plugin at net.zepalesque.redux.compat.jade.ReduxJadePlugin
[11May2026 19:17:40.248] [modloading-worker-0/INFO] [Jade/]: Start loading plugin at twilightforest.compat.jade.JadeCompat
[11May2026 19:17:40.248] [modloading-worker-0/INFO] [Jade/]: Start loading plugin at net.p3pp3rf1y.sophisticatedstorage.compat.jade.StorageJadePlugin
[11May2026 19:17:40.249] [modloading-worker-0/INFO] [Jade/]: Start loading plugin at xfacthd.framedblocks.common.compat.jade.FramedJadePlugin
[11May2026 19:17:40.249] [modloading-worker-0/INFO] [Jade/]: Start loading plugin at net.blay09.mods.waystones.compat.JadeIntegration
[11May2026 19:17:40.249] [modloading-worker-0/INFO] [Jade/]: Start loading plugin at snownee.jade.addon.vanilla.VanillaPlugin
[11May2026 19:17:40.258] [modloading-worker-0/INFO] [Jade/]: Start loading plugin at snownee.jade.addon.universal.UniversalPlugin
[11May2026 19:17:40.262] [modloading-worker-0/INFO] [Jade/]: Start loading plugin at snownee.jade.addon.core.CorePlugin
[11May2026 19:17:40.263] [modloading-worker-0/INFO] [Jade/]: Start loading plugin at net.mehvahdjukaar.supplementaries.integration.JadeCompat
[11May2026 19:17:40.264] [modloading-worker-0/INFO] [Jade/]: Start loading plugin at net.brnbrd.delightful.compat.jade.DelightfulJadePlugin
[11May2026 19:17:40.316] [main/INFO] [citadel/]: adding citadel surface rules via terrablender...
[11May2026 19:17:40.317] [main/INFO] [citadel/]: Added 0 vanilla biome surface rule types via terrablender
[11May2026 19:17:40.317] [main/INFO] [citadel/]: Added 1 modded biome surface rule types via terrablender
[11May2026 19:17:40.581] [Forge Version Check/INFO] [net.minecraftforge.fml.VersionChecker/]: [adpoles] Found status: BETA Current: 9.1.1.1 Target: null
[11May2026 19:17:40.582] [Forge Version Check/INFO] [net.minecraftforge.fml.VersionChecker/]: [diagonalwindows] Starting version check at https://raw.githubusercontent.com/Fuzss/modresources/main/update/diagonalwindows.json
[11May2026 19:17:40.590] [Forge Version Check/INFO] [net.minecraftforge.fml.VersionChecker/]: [diagonalwindows] Found status: UP_TO_DATE Current: 8.1.5 Target: null
[11May2026 19:17:40.590] [Forge Version Check/INFO] [net.minecraftforge.fml.VersionChecker/]: [conjurer_illager] Starting version check at http://changelogs.moddinglegacy.com/conjurer-illager.json
[11May2026 19:17:40.644] [Forge Version Check/INFO] [net.minecraftforge.fml.VersionChecker/]: [conjurer_illager] Found status: BETA Current: 1.1.6 Target: null
[11May2026 19:17:40.644] [Forge Version Check/INFO] [net.minecraftforge.fml.VersionChecker/]: [mcwpaintings] Starting version check at https://raw.githubusercontent.com/sketchmacaw/macawsmods/master/paintings.json
[11May2026 19:17:40.654] [Forge Version Check/INFO] [net.minecraftforge.fml.VersionChecker/]: [mcwpaintings] Found status: AHEAD Current: 1.1.0 Target: null
[11May2026 19:17:40.655] [Forge Version Check/INFO] [net.minecraftforge.fml.VersionChecker/]: [clumps] Starting version check at https://updates.blamejared.com/get?n=clumps&gv=1.20.1
[11May2026 19:17:40.723] [main/ERROR] [net.minecraft.Util/]: Entity illageandspillage:bone has no attributes
[11May2026 19:17:40.725] [main/ERROR] [net.minecraft.Util/]: Entity illageandspillage:axe has no attributes
[11May2026 19:17:40.726] [main/ERROR] [net.minecraft.Util/]: Entity illageandspillage:bone has no attributes
[11May2026 19:17:40.726] [main/ERROR] [net.minecraft.Util/]: Entity illageandspillage:axe has no attributes
[11May2026 19:17:40.726] [main/ERROR] [net.minecraft.Util/]: Entity illageandspillage:bone has no attributes
[11May2026 19:17:40.726] [main/ERROR] [net.minecraft.Util/]: Entity illageandspillage:axe has no attributes
[11May2026 19:17:40.727] [main/ERROR] [net.minecraft.Util/]: Entity illageandspillage:bone has no attributes
[11May2026 19:17:40.727] [main/ERROR] [net.minecraft.Util/]: Entity illageandspillage:axe has no attributes
[11May2026 19:17:40.727] [main/ERROR] [net.minecraft.Util/]: Entity illageandspillage:bone has no attributes
[11May2026 19:17:40.727] [main/ERROR] [net.minecraft.Util/]: Entity illageandspillage:axe has no attributes
[11May2026 19:17:40.727] [main/ERROR] [net.minecraft.Util/]: Entity illageandspillage:bone has no attributes
[11May2026 19:17:40.727] [main/ERROR] [net.minecraft.Util/]: Entity illageandspillage:axe has no attributes
[11May2026 19:17:40.728] [main/ERROR] [net.minecraft.Util/]: Entity illageandspillage:bone has no attributes
[11May2026 19:17:40.728] [main/ERROR] [net.minecraft.Util/]: Entity illageandspillage:axe has no attributes
[11May2026 19:17:40.728] [main/ERROR] [net.minecraft.Util/]: Entity illageandspillage:bone has no attributes
[11May2026 19:17:40.728] [main/ERROR] [net.minecraft.Util/]: Entity illageandspillage:axe has no attributes
[11May2026 19:17:40.728] [main/ERROR] [net.minecraft.Util/]: Entity illageandspillage:bone has no attributes
[11May2026 19:17:40.728] [main/ERROR] [net.minecraft.Util/]: Entity illageandspillage:axe has no attributes
[11May2026 19:17:40.729] [main/ERROR] [net.minecraft.Util/]: Entity illageandspillage:bone has no attributes
[11May2026 19:17:40.729] [main/ERROR] [net.minecraft.Util/]: Entity illageandspillage:axe has no attributes
[11May2026 19:17:40.729] [main/ERROR] [net.minecraft.Util/]: Entity illageandspillage:bone has no attributes
[11May2026 19:17:40.729] [main/ERROR] [net.minecraft.Util/]: Entity illageandspillage:axe has no attributes
[11May2026 19:17:40.729] [main/ERROR] [net.minecraft.Util/]: Entity illageandspillage:bone has no attributes
[11May2026 19:17:40.729] [main/ERROR] [net.minecraft.Util/]: Entity illageandspillage:axe has no attributes
[11May2026 19:17:40.729] [main/ERROR] [net.minecraft.Util/]: Entity illageandspillage:bone has no attributes
[11May2026 19:17:40.729] [main/ERROR] [net.minecraft.Util/]: Entity illageandspillage:axe has no attributes
[11May2026 19:17:40.730] [main/ERROR] [net.minecraft.Util/]: Entity illageandspillage:bone has no attributes
[11May2026 19:17:40.730] [main/ERROR] [net.minecraft.Util/]: Entity illageandspillage:axe has no attributes
[11May2026 19:17:40.730] [main/ERROR] [net.minecraft.Util/]: Entity illageandspillage:bone has no attributes
[11May2026 19:17:40.730] [main/ERROR] [net.minecraft.Util/]: Entity illageandspillage:axe has no attributes
[11May2026 19:17:40.730] [main/ERROR] [net.minecraft.Util/]: Entity illageandspillage:bone has no attributes
[11May2026 19:17:40.730] [main/ERROR] [net.minecraft.Util/]: Entity illageandspillage:axe has no attributes
[11May2026 19:17:40.731] [main/ERROR] [net.minecraft.Util/]: Entity illageandspillage:bone has no attributes
[11May2026 19:17:40.731] [main/ERROR] [net.minecraft.Util/]: Entity illageandspillage:axe has no attributes
[11May2026 19:17:40.731] [main/ERROR] [net.minecraft.Util/]: Entity illageandspillage:bone has no attributes
[11May2026 19:17:40.731] [main/ERROR] [net.minecraft.Util/]: Entity illageandspillage:axe has no attributes
[11May2026 19:17:40.731] [main/ERROR] [net.minecraft.Util/]: Entity illageandspillage:bone has no attributes
[11May2026 19:17:40.731] [main/ERROR] [net.minecraft.Util/]: Entity illageandspillage:axe has no attributes
[11May2026 19:17:40.732] [main/ERROR] [net.minecraft.Util/]: Entity illageandspillage:bone has no attributes
[11May2026 19:17:40.732] [main/ERROR] [net.minecraft.Util/]: Entity illageandspillage:axe has no attributes
[11May2026 19:17:40.732] [main/ERROR] [net.minecraft.Util/]: Entity illageandspillage:bone has no attributes
[11May2026 19:17:40.732] [main/ERROR] [net.minecraft.Util/]: Entity illageandspillage:axe has no attributes
[11May2026 19:17:40.732] [main/ERROR] [net.minecraft.Util/]: Entity illageandspillage:bone has no attributes
[11May2026 19:17:40.732] [main/ERROR] [net.minecraft.Util/]: Entity illageandspillage:axe has no attributes
[11May2026 19:17:40.733] [main/ERROR] [net.minecraft.Util/]: Entity illageandspillage:bone has no attributes
[11May2026 19:17:40.733] [main/ERROR] [net.minecraft.Util/]: Entity illageandspillage:axe has no attributes
[11May2026 19:17:40.733] [main/ERROR] [net.minecraft.Util/]: Entity illageandspillage:bone has no attributes
[11May2026 19:17:40.733] [main/ERROR] [net.minecraft.Util/]: Entity illageandspillage:axe has no attributes
[11May2026 19:17:40.733] [main/ERROR] [net.minecraft.Util/]: Entity illageandspillage:bone has no attributes
[11May2026 19:17:40.733] [main/ERROR] [net.minecraft.Util/]: Entity illageandspillage:axe has no attributes
[11May2026 19:17:40.734] [main/ERROR] [net.minecraft.Util/]: Entity illageandspillage:bone has no attributes
[11May2026 19:17:40.734] [main/ERROR] [net.minecraft.Util/]: Entity illageandspillage:axe has no attributes
[11May2026 19:17:40.734] [main/ERROR] [net.minecraft.Util/]: Entity illageandspillage:bone has no attributes
[11May2026 19:17:40.734] [main/ERROR] [net.minecraft.Util/]: Entity illageandspillage:axe has no attributes
[11May2026 19:17:40.734] [main/ERROR] [net.minecraft.Util/]: Entity illageandspillage:bone has no attributes
[11May2026 19:17:40.734] [main/ERROR] [net.minecraft.Util/]: Entity illageandspillage:axe has no attributes
[11May2026 19:17:40.734] [main/ERROR] [net.minecraft.Util/]: Entity illageandspillage:bone has no attributes
[11May2026 19:17:40.734] [main/ERROR] [net.minecraft.Util/]: Entity illageandspillage:axe has no attributes
[11May2026 19:17:40.735] [main/ERROR] [net.minecraft.Util/]: Entity illageandspillage:bone has no attributes
[11May2026 19:17:40.735] [main/ERROR] [net.minecraft.Util/]: Entity illageandspillage:axe has no attributes
[11May2026 19:17:40.735] [main/ERROR] [net.minecraft.Util/]: Entity illageandspillage:bone has no attributes
[11May2026 19:17:40.735] [main/ERROR] [net.minecraft.Util/]: Entity illageandspillage:axe has no attributes
[11May2026 19:17:40.735] [main/ERROR] [net.minecraft.Util/]: Entity illageandspillage:bone has no attributes
[11May2026 19:17:40.735] [main/ERROR] [net.minecraft.Util/]: Entity illageandspillage:axe has no attributes
[11May2026 19:17:40.736] [main/ERROR] [net.minecraft.Util/]: Entity illageandspillage:bone has no attributes
[11May2026 19:17:40.736] [main/ERROR] [net.minecraft.Util/]: Entity illageandspillage:axe has no attributes
[11May2026 19:17:40.736] [main/ERROR] [net.minecraft.Util/]: Entity illageandspillage:bone has no attributes
[11May2026 19:17:40.736] [main/ERROR] [net.minecraft.Util/]: Entity illageandspillage:axe has no attributes
[11May2026 19:17:40.736] [main/ERROR] [net.minecraft.Util/]: Entity illageandspillage:bone has no attributes
[11May2026 19:17:40.736] [main/ERROR] [net.minecraft.Util/]: Entity illageandspillage:axe has no attributes
[11May2026 19:17:40.736] [main/ERROR] [net.minecraft.Util/]: Entity illageandspillage:bone has no attributes
[11May2026 19:17:40.737] [main/ERROR] [net.minecraft.Util/]: Entity illageandspillage:axe has no attributes
[11May2026 19:17:40.737] [main/ERROR] [net.minecraft.Util/]: Entity illageandspillage:bone has no attributes
[11May2026 19:17:40.737] [main/ERROR] [net.minecraft.Util/]: Entity illageandspillage:axe has no attributes
[11May2026 19:17:40.737] [main/ERROR] [net.minecraft.Util/]: Entity illageandspillage:bone has no attributes
[11May2026 19:17:40.737] [main/ERROR] [net.minecraft.Util/]: Entity illageandspillage:axe has no attributes
[11May2026 19:17:40.737] [main/ERROR] [net.minecraft.Util/]: Entity illageandspillage:bone has no attributes
[11May2026 19:17:40.737] [main/ERROR] [net.minecraft.Util/]: Entity illageandspillage:axe has no attributes
[11May2026 19:17:40.738] [main/ERROR] [net.minecraft.Util/]: Entity illageandspillage:bone has no attributes
[11May2026 19:17:40.738] [main/ERROR] [net.minecraft.Util/]: Entity illageandspillage:axe has no attributes
[11May2026 19:17:40.738] [main/ERROR] [net.minecraft.Util/]: Entity illageandspillage:bone has no attributes
[11May2026 19:17:40.738] [main/ERROR] [net.minecraft.Util/]: Entity illageandspillage:axe has no attributes
[11May2026 19:17:40.738] [main/ERROR] [net.minecraft.Util/]: Entity illageandspillage:bone has no attributes
[11May2026 19:17:40.738] [main/ERROR] [net.minecraft.Util/]: Entity illageandspillage:axe has no attributes
[11May2026 19:17:40.738] [main/ERROR] [net.minecraft.Util/]: Entity illageandspillage:bone has no attributes
[11May2026 19:17:40.739] [main/ERROR] [net.minecraft.Util/]: Entity illageandspillage:axe has no attributes
[11May2026 19:17:40.739] [main/ERROR] [net.minecraft.Util/]: Entity illageandspillage:bone has no attributes
[11May2026 19:17:40.739] [main/ERROR] [net.minecraft.Util/]: Entity illageandspillage:axe has no attributes
[11May2026 19:17:40.739] [main/ERROR] [net.minecraft.Util/]: Entity illageandspillage:bone has no attributes
[11May2026 19:17:40.739] [main/ERROR] [net.minecraft.Util/]: Entity illageandspillage:axe has no attributes
[11May2026 19:17:40.740] [main/ERROR] [net.minecraft.Util/]: Entity illageandspillage:bone has no attributes
[11May2026 19:17:40.740] [main/ERROR] [net.minecraft.Util/]: Entity illageandspillage:axe has no attributes
[11May2026 19:17:40.740] [main/ERROR] [net.minecraft.Util/]: Entity illageandspillage:bone has no attributes
[11May2026 19:17:40.740] [main/ERROR] [net.minecraft.Util/]: Entity illageandspillage:axe has no attributes
[11May2026 19:17:40.741] [main/ERROR] [net.minecraft.Util/]: Entity illageandspillage:bone has no attributes
[11May2026 19:17:40.741] [main/ERROR] [net.minecraft.Util/]: Entity illageandspillage:axe has no attributes
[11May2026 19:17:40.741] [main/ERROR] [net.minecraft.Util/]: Entity illageandspillage:bone has no attributes
[11May2026 19:17:40.741] [main/ERROR] [net.minecraft.Util/]: Entity illageandspillage:axe has no attributes
[11May2026 19:17:40.741] [main/ERROR] [net.minecraft.Util/]: Entity illageandspillage:bone has no attributes
[11May2026 19:17:40.741] [main/ERROR] [net.minecraft.Util/]: Entity illageandspillage:axe has no attributes
[11May2026 19:17:40.742] [main/ERROR] [net.minecraft.Util/]: Entity illageandspillage:bone has no attributes
[11May2026 19:17:40.742] [main/ERROR] [net.minecraft.Util/]: Entity illageandspillage:axe has no attributes
[11May2026 19:17:40.742] [main/ERROR] [net.minecraft.Util/]: Entity illageandspillage:bone has no attributes
[11May2026 19:17:40.742] [main/ERROR] [net.minecraft.Util/]: Entity illageandspillage:axe has no attributes
[11May2026 19:17:40.742] [main/ERROR] [net.minecraft.Util/]: Entity illageandspillage:bone has no attributes
[11May2026 19:17:40.743] [main/ERROR] [net.minecraft.Util/]: Entity illageandspillage:axe has no attributes
[11May2026 19:17:40.743] [main/ERROR] [net.minecraft.Util/]: Entity illageandspillage:bone has no attributes
[11May2026 19:17:40.743] [main/ERROR] [net.minecraft.Util/]: Entity illageandspillage:axe has no attributes
[11May2026 19:17:40.743] [main/ERROR] [net.minecraft.Util/]: Entity illageandspillage:bone has no attributes
[11May2026 19:17:40.743] [main/ERROR] [net.minecraft.Util/]: Entity illageandspillage:axe has no attributes
[11May2026 19:17:40.743] [main/ERROR] [net.minecraft.Util/]: Entity illageandspillage:bone has no attributes
[11May2026 19:17:40.744] [main/ERROR] [net.minecraft.Util/]: Entity illageandspillage:axe has no attributes
[11May2026 19:17:40.744] [main/ERROR] [net.minecraft.Util/]: Entity illageandspillage:bone has no attributes
[11May2026 19:17:40.744] [main/ERROR] [net.minecraft.Util/]: Entity illageandspillage:axe has no attributes
[11May2026 19:17:40.744] [main/ERROR] [net.minecraft.Util/]: Entity illageandspillage:bone has no attributes
[11May2026 19:17:40.744] [main/ERROR] [net.minecraft.Util/]: Entity illageandspillage:axe has no attributes
[11May2026 19:17:40.744] [main/ERROR] [net.minecraft.Util/]: Entity illageandspillage:bone has no attributes
[11May2026 19:17:40.745] [main/ERROR] [net.minecraft.Util/]: Entity illageandspillage:axe has no attributes
[11May2026 19:17:40.745] [main/ERROR] [net.minecraft.Util/]: Entity illageandspillage:bone has no attributes
[11May2026 19:17:40.745] [main/ERROR] [net.minecraft.Util/]: Entity illageandspillage:axe has no attributes
[11May2026 19:17:40.745] [main/ERROR] [net.minecraft.Util/]: Entity illageandspillage:bone has no attributes
[11May2026 19:17:40.745] [main/ERROR] [net.minecraft.Util/]: Entity illageandspillage:axe has no attributes
[11May2026 19:17:40.745] [main/ERROR] [net.minecraft.Util/]: Entity illageandspillage:bone has no attributes
[11May2026 19:17:40.746] [main/ERROR] [net.minecraft.Util/]: Entity illageandspillage:axe has no attributes
[11May2026 19:17:40.746] [main/ERROR] [net.minecraft.Util/]: Entity illageandspillage:bone has no attributes
[11May2026 19:17:40.746] [main/ERROR] [net.minecraft.Util/]: Entity illageandspillage:axe has no attributes
[11May2026 19:17:40.746] [main/ERROR] [net.minecraft.Util/]: Entity illageandspillage:bone has no attributes
[11May2026 19:17:40.746] [main/ERROR] [net.minecraft.Util/]: Entity illageandspillage:axe has no attributes
[11May2026 19:17:40.746] [main/ERROR] [net.minecraft.Util/]: Entity illageandspillage:bone has no attributes
[11May2026 19:17:40.747] [main/ERROR] [net.minecraft.Util/]: Entity illageandspillage:axe has no attributes
[11May2026 19:17:40.747] [main/ERROR] [net.minecraft.Util/]: Entity illageandspillage:bone has no attributes
[11May2026 19:17:40.747] [main/ERROR] [net.minecraft.Util/]: Entity illageandspillage:axe has no attributes
[11May2026 19:17:40.747] [main/ERROR] [net.minecraft.Util/]: Entity illageandspillage:bone has no attributes
[11May2026 19:17:40.747] [main/ERROR] [net.minecraft.Util/]: Entity illageandspillage:axe has no attributes
[11May2026 19:17:40.752] [Forge Version Check/INFO] [net.minecraftforge.fml.VersionChecker/]: [clumps] Found status: BETA Current: 12.0.0.4 Target: 12.0.0.4
[11May2026 19:17:40.752] [Forge Version Check/INFO] [net.minecraftforge.fml.VersionChecker/]: [storagenetwork] Starting version check at https://raw.githubusercontent.com/Lothrazar/Storage-Network/trunk/1.19/update.json
[11May2026 19:17:40.762] [Forge Version Check/INFO] [net.minecraftforge.fml.VersionChecker/]: [storagenetwork] Found status: BETA Current: 1.12.2 Target: null
[11May2026 19:17:40.762] [Forge Version Check/INFO] [net.minecraftforge.fml.VersionChecker/]: [scuba_gear] Starting version check at http://changelogs.moddinglegacy.com/scuba-gear.json
[11May2026 19:17:40.815] [Forge Version Check/INFO] [net.minecraftforge.fml.VersionChecker/]: [scuba_gear] Found status: BETA Current: 1.0.6 Target: null
[11May2026 19:17:40.815] [Forge Version Check/INFO] [net.minecraftforge.fml.VersionChecker/]: [diagonalfences] Starting version check at https://raw.githubusercontent.com/Fuzss/modresources/main/update/diagonalfences.json
[11May2026 19:17:40.825] [Forge Version Check/INFO] [net.minecraftforge.fml.VersionChecker/]: [diagonalfences] Found status: UP_TO_DATE Current: 8.1.5 Target: null
[11May2026 19:17:40.825] [Forge Version Check/INFO] [net.minecraftforge.fml.VersionChecker/]: [easyanvils] Starting version check at https://raw.githubusercontent.com/Fuzss/modresources/main/update/easyanvils.json
[11May2026 19:17:40.846] [Forge Version Check/INFO] [net.minecraftforge.fml.VersionChecker/]: [easyanvils] Found status: UP_TO_DATE Current: 8.0.2 Target: null
[11May2026 19:17:40.847] [Forge Version Check/INFO] [net.minecraftforge.fml.VersionChecker/]: [mcwwindows] Starting version check at https://raw.githubusercontent.com/sketchmacaw/macawsmods/master/window.json
[11May2026 19:17:40.857] [Forge Version Check/INFO] [net.minecraftforge.fml.VersionChecker/]: [mcwwindows] Found status: UP_TO_DATE Current: 2.4.2 Target: null
[11May2026 19:17:40.857] [Forge Version Check/INFO] [net.minecraftforge.fml.VersionChecker/]: [sound_physics_remastered] Starting version check at https://update.maxhenkel.de/forge/sound_physics_remastered
[11May2026 19:17:41.447] [Forge Version Check/INFO] [net.minecraftforge.fml.VersionChecker/]: [sound_physics_remastered] Found status: OUTDATED Current: 1.20.1-1.4.10 Target: 1.20.1-1.5.1
[11May2026 19:17:41.447] [Forge Version Check/INFO] [net.minecraftforge.fml.VersionChecker/]: [resourcepackoverrides] Starting version check at https://raw.githubusercontent.com/Fuzss/modresources/main/update/resourcepackoverrides.json
[11May2026 19:17:41.460] [Forge Version Check/INFO] [net.minecraftforge.fml.VersionChecker/]: [resourcepackoverrides] Found status: UP_TO_DATE Current: 8.0.3 Target: null
[11May2026 19:17:41.461] [Forge Version Check/INFO] [net.minecraftforge.fml.VersionChecker/]: [ctov] Starting version check at https://api.modrinth.com/updates/fgmhI8kH/forge_updates.json
[11May2026 19:17:41.496] [Forge Version Check/INFO] [net.minecraftforge.fml.VersionChecker/]: [ctov] Found status: UP_TO_DATE Current: 3.4.14 Target: null
[11May2026 19:17:41.497] [Forge Version Check/INFO] [net.minecraftforge.fml.VersionChecker/]: [advancementplaques] Starting version check at https://mc-update-check.anthonyhilyard.com/499826
[11May2026 19:17:41.519] [Forge Version Check/INFO] [net.minecraftforge.fml.VersionChecker/]: [advancementplaques] Found status: UP_TO_DATE Current: 1.6.9 Target: null
[11May2026 19:17:41.519] [Forge Version Check/INFO] [net.minecraftforge.fml.VersionChecker/]: [botanytrees] Starting version check at https://updates.blamejared.com/get?n=botanytrees&gv=1.20.1
[11May2026 19:17:41.615] [Forge Version Check/INFO] [net.minecraftforge.fml.VersionChecker/]: [botanytrees] Found status: BETA Current: 9.0.20 Target: 9.0.20
[11May2026 19:17:41.615] [Forge Version Check/INFO] [net.minecraftforge.fml.VersionChecker/]: [mcwtrpdoors] Starting version check at https://raw.githubusercontent.com/sketchmacaw/macawsmods/master/trapdoors.json
[11May2026 19:17:41.643] [Forge Version Check/INFO] [net.minecraftforge.fml.VersionChecker/]: [mcwtrpdoors] Found status: UP_TO_DATE Current: 1.1.5 Target: null
[11May2026 19:17:41.643] [Forge Version Check/INFO] [net.minecraftforge.fml.VersionChecker/]: [searchables] Starting version check at https://updates.blamejared.com/get?n=searchables&gv=1.20.1
[11May2026 19:17:41.739] [Forge Version Check/INFO] [net.minecraftforge.fml.VersionChecker/]: [searchables] Found status: BETA Current: 1.0.3 Target: 1.0.3
[11May2026 19:17:41.739] [Forge Version Check/INFO] [net.minecraftforge.fml.VersionChecker/]: [mcwfurnitures] Starting version check at https://raw.githubusercontent.com/sketchmacaw/macawsmods/master/furniture.json
[11May2026 19:17:41.748] [Forge Version Check/INFO] [net.minecraftforge.fml.VersionChecker/]: [mcwfurnitures] Found status: UP_TO_DATE Current: 3.4.1 Target: null
[11May2026 19:17:41.748] [Forge Version Check/INFO] [net.minecraftforge.fml.VersionChecker/]: [effectdescriptions] Starting version check at https://raw.githubusercontent.com/Fuzss/modresources/main/update/effectdescriptions.json
[11May2026 19:17:41.760] [Forge Version Check/INFO] [net.minecraftforge.fml.VersionChecker/]: [effectdescriptions] Found status: UP_TO_DATE Current: 8.0.2 Target: null
[11May2026 19:17:41.760] [Forge Version Check/INFO] [net.minecraftforge.fml.VersionChecker/]: [puzzlesapi] Starting version check at https://raw.githubusercontent.com/Fuzss/modresources/main/update/puzzlesapi.json
[11May2026 19:17:41.769] [Forge Version Check/INFO] [net.minecraftforge.fml.VersionChecker/]: [puzzlesapi] Found status: BETA Current: 8.1.7 Target: null
[11May2026 19:17:41.770] [Forge Version Check/INFO] [net.minecraftforge.fml.VersionChecker/]: [universalbonemeal] Starting version check at https://raw.githubusercontent.com/Fuzss/modresources/main/update/universalbonemeal.json
[11May2026 19:17:41.778] [Forge Version Check/INFO] [net.minecraftforge.fml.VersionChecker/]: [universalbonemeal] Found status: UP_TO_DATE Current: 8.0.1 Target: null
[11May2026 19:17:41.778] [Forge Version Check/INFO] [net.minecraftforge.fml.VersionChecker/]: [stoneworks] Starting version check at https://raw.githubusercontent.com/Fuzss/modresources/main/update/stoneworks.json
[11May2026 19:17:41.788] [Forge Version Check/INFO] [net.minecraftforge.fml.VersionChecker/]: [stoneworks] Found status: UP_TO_DATE Current: 8.0.0 Target: null
[11May2026 19:17:41.788] [Forge Version Check/INFO] [net.minecraftforge.fml.VersionChecker/]: [travelersbackpack] Starting version check at https://gist.githubusercontent.com/Tiviacz1337/906937677aa472285dff9d6c2a189d5e/raw
[11May2026 19:17:41.821] [Forge Version Check/INFO] [net.minecraftforge.fml.VersionChecker/]: [travelersbackpack] Found status: AHEAD Current: 9.1.53 Target: null
[11May2026 19:17:41.821] [Forge Version Check/INFO] [net.minecraftforge.fml.VersionChecker/]: [puzzlesaccessapi] Starting version check at https://raw.githubusercontent.com/Fuzss/modresources/main/update/puzzlesaccessapi.json
[11May2026 19:17:41.830] [Forge Version Check/INFO] [net.minecraftforge.fml.VersionChecker/]: [puzzlesaccessapi] Found status: BETA Current: 20.1.1 Target: null
[11May2026 19:17:41.830] [Forge Version Check/INFO] [net.minecraftforge.fml.VersionChecker/]: [forge] Starting version check at https://files.minecraftforge.net/net/minecraftforge/forge/promotions_slim.json
[11May2026 19:17:41.917] [Forge Version Check/INFO] [net.minecraftforge.fml.VersionChecker/]: [forge] Found status: AHEAD Current: 47.4.20 Target: null
[11May2026 19:17:41.917] [Forge Version Check/INFO] [net.minecraftforge.fml.VersionChecker/]: [mcwpaths] Starting version check at https://raw.githubusercontent.com/sketchmacaw/macawsmods/master/paths.json
[11May2026 19:17:41.947] [Forge Version Check/INFO] [net.minecraftforge.fml.VersionChecker/]: [mcwpaths] Found status: UP_TO_DATE Current: 1.1.1 Target: null
[11May2026 19:17:41.947] [Forge Version Check/INFO] [net.minecraftforge.fml.VersionChecker/]: [puzzleslib] Starting version check at https://raw.githubusercontent.com/Fuzss/modresources/main/update/puzzleslib.json
[11May2026 19:17:41.949] [main/INFO] [com.mojang.authlib.yggdrasil.YggdrasilAuthenticationService/]: Environment: authHost='https://authserver.mojang.com', accountsHost='https://api.mojang.com', sessionHost='https://sessionserver.mojang.com', servicesHost='https://api.minecraftservices.com', name='PROD'
[11May2026 19:17:41.961] [Forge Version Check/INFO] [net.minecraftforge.fml.VersionChecker/]: [puzzleslib] Found status: UP_TO_DATE Current: 8.1.33 Target: null
[11May2026 19:17:41.962] [Forge Version Check/INFO] [net.minecraftforge.fml.VersionChecker/]: [aquamirae] Starting version check at https://raw.githubusercontent.com/ObscuriaLithium/modding/main/versions/aquamirae.json
[11May2026 19:17:41.974] [Forge Version Check/INFO] [net.minecraftforge.fml.VersionChecker/]: [aquamirae] Found status: OUTDATED Current: 6.3.3 Target: 6.4.0
[11May2026 19:17:41.975] [Forge Version Check/INFO] [net.minecraftforge.fml.VersionChecker/]: [blue_skies] Starting version check at http://changelogs.moddinglegacy.com/blue-skies.json
[11May2026 19:17:42.021] [Forge Version Check/INFO] [net.minecraftforge.fml.VersionChecker/]: [blue_skies] Found status: UP_TO_DATE Current: 1.3.31 Target: null
[11May2026 19:17:42.021] [Forge Version Check/INFO] [net.minecraftforge.fml.VersionChecker/]: [crittersandcompanions] Starting version check at https://api.modrinth.com/updates/critters-and-companions/forge_updates.json
[11May2026 19:17:42.053] [Forge Version Check/INFO] [net.minecraftforge.fml.VersionChecker/]: [crittersandcompanions] Found status: UP_TO_DATE Current: 1.20.1-2.3.5 Target: null
[11May2026 19:17:42.053] [Forge Version Check/INFO] [net.minecraftforge.fml.VersionChecker/]: [aether] Starting version check at https://github.com/The-Aether-Team/The-Aether/raw/1.20.1-develop/update.json
[11May2026 19:17:42.075] [Forge Version Check/INFO] [net.minecraftforge.fml.VersionChecker/]: [aether] Found status: UP_TO_DATE Current: 1.20.1-1.5.2-neoforge Target: null
[11May2026 19:17:42.075] [Forge Version Check/INFO] [net.minecraftforge.fml.VersionChecker/]: [lost_aether_content] Starting version check at http://changelogs.moddinglegacy.com/lost-content.json
[11May2026 19:17:42.119] [Forge Version Check/INFO] [net.minecraftforge.fml.VersionChecker/]: [lost_aether_content] Found status: UP_TO_DATE Current: 1.2.3 Target: null
[11May2026 19:17:42.119] [Forge Version Check/INFO] [net.minecraftforge.fml.VersionChecker/]: [deep_aether] Starting version check at https://github.com/RazorDevs/Deep-Aether/raw/1.20.1-1.1/update.json
[11May2026 19:17:42.138] [Forge Version Check/INFO] [net.minecraftforge.fml.VersionChecker/]: [deep_aether] Found status: UP_TO_DATE Current: 1.20.1-1.1.7 Target: null
[11May2026 19:17:42.138] [Forge Version Check/INFO] [net.minecraftforge.fml.VersionChecker/]: [horseexpert] Starting version check at https://raw.githubusercontent.com/Fuzss/modresources/main/update/horseexpert.json
[11May2026 19:17:42.185] [Forge Version Check/INFO] [net.minecraftforge.fml.VersionChecker/]: [horseexpert] Found status: UP_TO_DATE Current: 8.1.1 Target: null
[11May2026 19:17:42.186] [Forge Version Check/INFO] [net.minecraftforge.fml.VersionChecker/]: [additionalstructures] Starting version check at https://raw.githubusercontent.com/XxRexRaptorxX/Update-Checker/main/AdditionalStructures.json
[11May2026 19:17:42.196] [Forge Version Check/INFO] [net.minecraftforge.fml.VersionChecker/]: [additionalstructures] Found status: UP_TO_DATE Current: 4.2.2 Target: null
[11May2026 19:17:42.196] [Forge Version Check/INFO] [net.minecraftforge.fml.VersionChecker/]: [shulkerbox] Starting version check at https://maxhenkel.de/update/shulkerbox.json
[11May2026 19:17:42.339] [main/ERROR] [net.minecraft.Util/]: Entity illageandspillage:bone has no attributes
[11May2026 19:17:42.340] [main/ERROR] [net.minecraft.Util/]: Entity illageandspillage:axe has no attributes
[11May2026 19:17:42.340] [main/ERROR] [net.minecraft.Util/]: Entity illageandspillage:bone has no attributes
[11May2026 19:17:42.340] [main/ERROR] [net.minecraft.Util/]: Entity illageandspillage:axe has no attributes
[11May2026 19:17:42.340] [main/ERROR] [net.minecraft.Util/]: Entity illageandspillage:bone has no attributes
[11May2026 19:17:42.340] [main/ERROR] [net.minecraft.Util/]: Entity illageandspillage:axe has no attributes
[11May2026 19:17:42.340] [main/ERROR] [net.minecraft.Util/]: Entity illageandspillage:bone has no attributes
[11May2026 19:17:42.340] [main/ERROR] [net.minecraft.Util/]: Entity illageandspillage:axe has no attributes
[11May2026 19:17:42.341] [main/ERROR] [net.minecraft.Util/]: Entity illageandspillage:bone has no attributes
[11May2026 19:17:42.341] [main/ERROR] [net.minecraft.Util/]: Entity illageandspillage:axe has no attributes
[11May2026 19:17:42.341] [main/ERROR] [net.minecraft.Util/]: Entity illageandspillage:bone has no attributes
[11May2026 19:17:42.341] [main/ERROR] [net.minecraft.Util/]: Entity illageandspillage:axe has no attributes
[11May2026 19:17:42.341] [main/ERROR] [net.minecraft.Util/]: Entity illageandspillage:bone has no attributes
[11May2026 19:17:42.341] [main/ERROR] [net.minecraft.Util/]: Entity illageandspillage:axe has no attributes
[11May2026 19:17:42.341] [main/ERROR] [net.minecraft.Util/]: Entity illageandspillage:bone has no attributes
[11May2026 19:17:42.341] [main/ERROR] [net.minecraft.Util/]: Entity illageandspillage:axe has no attributes
[11May2026 19:17:42.341] [main/ERROR] [net.minecraft.Util/]: Entity illageandspillage:bone has no attributes
[11May2026 19:17:42.342] [main/ERROR] [net.minecraft.Util/]: Entity illageandspillage:axe has no attributes
[11May2026 19:17:42.342] [main/ERROR] [net.minecraft.Util/]: Entity illageandspillage:bone has no attributes
[11May2026 19:17:42.342] [main/ERROR] [net.minecraft.Util/]: Entity illageandspillage:axe has no attributes
[11May2026 19:17:42.342] [main/ERROR] [net.minecraft.Util/]: Entity illageandspillage:bone has no attributes
[11May2026 19:17:42.342] [main/ERROR] [net.minecraft.Util/]: Entity illageandspillage:axe has no attributes
[11May2026 19:17:42.342] [main/ERROR] [net.minecraft.Util/]: Entity illageandspillage:bone has no attributes
[11May2026 19:17:42.342] [main/ERROR] [net.minecraft.Util/]: Entity illageandspillage:axe has no attributes
[11May2026 19:17:42.342] [main/ERROR] [net.minecraft.Util/]: Entity illageandspillage:bone has no attributes
[11May2026 19:17:42.342] [main/ERROR] [net.minecraft.Util/]: Entity illageandspillage:axe has no attributes
[11May2026 19:17:42.343] [main/ERROR] [net.minecraft.Util/]: Entity illageandspillage:bone has no attributes
[11May2026 19:17:42.343] [main/ERROR] [net.minecraft.Util/]: Entity illageandspillage:axe has no attributes
[11May2026 19:17:42.343] [main/ERROR] [net.minecraft.Util/]: Entity illageandspillage:bone has no attributes
[11May2026 19:17:42.343] [main/ERROR] [net.minecraft.Util/]: Entity illageandspillage:axe has no attributes
[11May2026 19:17:42.343] [main/ERROR] [net.minecraft.Util/]: Entity illageandspillage:bone has no attributes
[11May2026 19:17:42.343] [main/ERROR] [net.minecraft.Util/]: Entity illageandspillage:axe has no attributes
[11May2026 19:17:42.343] [main/ERROR] [net.minecraft.Util/]: Entity illageandspillage:bone has no attributes
[11May2026 19:17:42.343] [main/ERROR] [net.minecraft.Util/]: Entity illageandspillage:axe has no attributes
[11May2026 19:17:42.343] [main/ERROR] [net.minecraft.Util/]: Entity illageandspillage:bone has no attributes
[11May2026 19:17:42.343] [main/ERROR] [net.minecraft.Util/]: Entity illageandspillage:axe has no attributes
[11May2026 19:17:42.344] [main/ERROR] [net.minecraft.Util/]: Entity illageandspillage:bone has no attributes
[11May2026 19:17:42.344] [main/ERROR] [net.minecraft.Util/]: Entity illageandspillage:axe has no attributes
[11May2026 19:17:42.344] [main/ERROR] [net.minecraft.Util/]: Entity illageandspillage:bone has no attributes
[11May2026 19:17:42.344] [main/ERROR] [net.minecraft.Util/]: Entity illageandspillage:axe has no attributes
[11May2026 19:17:42.344] [main/ERROR] [net.minecraft.Util/]: Entity illageandspillage:bone has no attributes
[11May2026 19:17:42.344] [main/ERROR] [net.minecraft.Util/]: Entity illageandspillage:axe has no attributes
[11May2026 19:17:42.344] [main/ERROR] [net.minecraft.Util/]: Entity illageandspillage:bone has no attributes
[11May2026 19:17:42.344] [main/ERROR] [net.minecraft.Util/]: Entity illageandspillage:axe has no attributes
[11May2026 19:17:42.345] [main/ERROR] [net.minecraft.Util/]: Entity illageandspillage:bone has no attributes
[11May2026 19:17:42.345] [main/ERROR] [net.minecraft.Util/]: Entity illageandspillage:axe has no attributes
[11May2026 19:17:42.345] [main/ERROR] [net.minecraft.Util/]: Entity illageandspillage:bone has no attributes
[11May2026 19:17:42.345] [main/ERROR] [net.minecraft.Util/]: Entity illageandspillage:axe has no attributes
[11May2026 19:17:42.345] [main/ERROR] [net.minecraft.Util/]: Entity illageandspillage:bone has no attributes
[11May2026 19:17:42.345] [main/ERROR] [net.minecraft.Util/]: Entity illageandspillage:axe has no attributes
[11May2026 19:17:42.345] [main/ERROR] [net.minecraft.Util/]: Entity illageandspillage:bone has no attributes
[11May2026 19:17:42.345] [main/ERROR] [net.minecraft.Util/]: Entity illageandspillage:axe has no attributes
[11May2026 19:17:42.345] [main/ERROR] [net.minecraft.Util/]: Entity illageandspillage:bone has no attributes
[11May2026 19:17:42.345] [main/ERROR] [net.minecraft.Util/]: Entity illageandspillage:axe has no attributes
[11May2026 19:17:42.346] [main/ERROR] [net.minecraft.Util/]: Entity illageandspillage:bone has no attributes
[11May2026 19:17:42.346] [main/ERROR] [net.minecraft.Util/]: Entity illageandspillage:axe has no attributes
[11May2026 19:17:42.346] [main/ERROR] [net.minecraft.Util/]: Entity illageandspillage:bone has no attributes
[11May2026 19:17:42.346] [main/ERROR] [net.minecraft.Util/]: Entity illageandspillage:axe has no attributes
[11May2026 19:17:42.346] [main/ERROR] [net.minecraft.Util/]: Entity illageandspillage:bone has no attributes
[11May2026 19:17:42.346] [main/ERROR] [net.minecraft.Util/]: Entity illageandspillage:axe has no attributes
[11May2026 19:17:42.346] [main/ERROR] [net.minecraft.Util/]: Entity illageandspillage:bone has no attributes
[11May2026 19:17:42.346] [main/ERROR] [net.minecraft.Util/]: Entity illageandspillage:axe has no attributes
[11May2026 19:17:42.347] [main/ERROR] [net.minecraft.Util/]: Entity illageandspillage:bone has no attributes
[11May2026 19:17:42.347] [main/ERROR] [net.minecraft.Util/]: Entity illageandspillage:axe has no attributes
[11May2026 19:17:42.347] [main/ERROR] [net.minecraft.Util/]: Entity illageandspillage:bone has no attributes
[11May2026 19:17:42.347] [main/ERROR] [net.minecraft.Util/]: Entity illageandspillage:axe has no attributes
[11May2026 19:17:42.347] [main/ERROR] [net.minecraft.Util/]: Entity illageandspillage:bone has no attributes
[11May2026 19:17:42.347] [main/ERROR] [net.minecraft.Util/]: Entity illageandspillage:axe has no attributes
[11May2026 19:17:42.347] [main/ERROR] [net.minecraft.Util/]: Entity illageandspillage:bone has no attributes
[11May2026 19:17:42.347] [main/ERROR] [net.minecraft.Util/]: Entity illageandspillage:axe has no attributes
[11May2026 19:17:42.347] [main/ERROR] [net.minecraft.Util/]: Entity illageandspillage:bone has no attributes
[11May2026 19:17:42.347] [main/ERROR] [net.minecraft.Util/]: Entity illageandspillage:axe has no attributes
[11May2026 19:17:42.348] [main/ERROR] [net.minecraft.Util/]: Entity illageandspillage:bone has no attributes
[11May2026 19:17:42.348] [main/ERROR] [net.minecraft.Util/]: Entity illageandspillage:axe has no attributes
[11May2026 19:17:42.348] [main/ERROR] [net.minecraft.Util/]: Entity illageandspillage:bone has no attributes
[11May2026 19:17:42.348] [main/ERROR] [net.minecraft.Util/]: Entity illageandspillage:axe has no attributes
[11May2026 19:17:42.348] [main/ERROR] [net.minecraft.Util/]: Entity illageandspillage:bone has no attributes
[11May2026 19:17:42.348] [main/ERROR] [net.minecraft.Util/]: Entity illageandspillage:axe has no attributes
[11May2026 19:17:42.348] [main/ERROR] [net.minecraft.Util/]: Entity illageandspillage:bone has no attributes
[11May2026 19:17:42.348] [main/ERROR] [net.minecraft.Util/]: Entity illageandspillage:axe has no attributes
[11May2026 19:17:42.349] [main/ERROR] [net.minecraft.Util/]: Entity illageandspillage:bone has no attributes
[11May2026 19:17:42.349] [main/ERROR] [net.minecraft.Util/]: Entity illageandspillage:axe has no attributes
[11May2026 19:17:42.349] [main/ERROR] [net.minecraft.Util/]: Entity illageandspillage:bone has no attributes
[11May2026 19:17:42.349] [main/ERROR] [net.minecraft.Util/]: Entity illageandspillage:axe has no attributes
[11May2026 19:17:42.349] [main/ERROR] [net.minecraft.Util/]: Entity illageandspillage:bone has no attributes
[11May2026 19:17:42.349] [main/ERROR] [net.minecraft.Util/]: Entity illageandspillage:axe has no attributes
[11May2026 19:17:42.349] [main/ERROR] [net.minecraft.Util/]: Entity illageandspillage:bone has no attributes
[11May2026 19:17:42.349] [main/ERROR] [net.minecraft.Util/]: Entity illageandspillage:axe has no attributes
[11May2026 19:17:42.350] [main/ERROR] [net.minecraft.Util/]: Entity illageandspillage:bone has no attributes
[11May2026 19:17:42.350] [main/ERROR] [net.minecraft.Util/]: Entity illageandspillage:axe has no attributes
[11May2026 19:17:42.350] [main/ERROR] [net.minecraft.Util/]: Entity illageandspillage:bone has no attributes
[11May2026 19:17:42.350] [main/ERROR] [net.minecraft.Util/]: Entity illageandspillage:axe has no attributes
[11May2026 19:17:42.350] [main/ERROR] [net.minecraft.Util/]: Entity illageandspillage:bone has no attributes
[11May2026 19:17:42.350] [main/ERROR] [net.minecraft.Util/]: Entity illageandspillage:axe has no attributes
[11May2026 19:17:42.351] [main/ERROR] [net.minecraft.Util/]: Entity illageandspillage:bone has no attributes
[11May2026 19:17:42.351] [main/ERROR] [net.minecraft.Util/]: Entity illageandspillage:axe has no attributes
[11May2026 19:17:42.351] [main/ERROR] [net.minecraft.Util/]: Entity illageandspillage:bone has no attributes
[11May2026 19:17:42.351] [main/ERROR] [net.minecraft.Util/]: Entity illageandspillage:axe has no attributes
[11May2026 19:17:42.351] [main/ERROR] [net.minecraft.Util/]: Entity illageandspillage:bone has no attributes
[11May2026 19:17:42.351] [main/ERROR] [net.minecraft.Util/]: Entity illageandspillage:axe has no attributes
[11May2026 19:17:42.351] [main/ERROR] [net.minecraft.Util/]: Entity illageandspillage:bone has no attributes
[11May2026 19:17:42.351] [main/ERROR] [net.minecraft.Util/]: Entity illageandspillage:axe has no attributes
[11May2026 19:17:42.352] [main/ERROR] [net.minecraft.Util/]: Entity illageandspillage:bone has no attributes
[11May2026 19:17:42.352] [main/ERROR] [net.minecraft.Util/]: Entity illageandspillage:axe has no attributes
[11May2026 19:17:42.352] [main/ERROR] [net.minecraft.Util/]: Entity illageandspillage:bone has no attributes
[11May2026 19:17:42.352] [main/ERROR] [net.minecraft.Util/]: Entity illageandspillage:axe has no attributes
[11May2026 19:17:42.352] [main/ERROR] [net.minecraft.Util/]: Entity illageandspillage:bone has no attributes
[11May2026 19:17:42.352] [main/ERROR] [net.minecraft.Util/]: Entity illageandspillage:axe has no attributes
[11May2026 19:17:42.353] [main/ERROR] [net.minecraft.Util/]: Entity illageandspillage:bone has no attributes
[11May2026 19:17:42.353] [main/ERROR] [net.minecraft.Util/]: Entity illageandspillage:axe has no attributes
[11May2026 19:17:42.353] [main/ERROR] [net.minecraft.Util/]: Entity illageandspillage:bone has no attributes
[11May2026 19:17:42.353] [main/ERROR] [net.minecraft.Util/]: Entity illageandspillage:axe has no attributes
[11May2026 19:17:42.353] [main/ERROR] [net.minecraft.Util/]: Entity illageandspillage:bone has no attributes
[11May2026 19:17:42.353] [main/ERROR] [net.minecraft.Util/]: Entity illageandspillage:axe has no attributes
[11May2026 19:17:42.353] [main/ERROR] [net.minecraft.Util/]: Entity illageandspillage:bone has no attributes
[11May2026 19:17:42.353] [main/ERROR] [net.minecraft.Util/]: Entity illageandspillage:axe has no attributes
[11May2026 19:17:42.354] [main/ERROR] [net.minecraft.Util/]: Entity illageandspillage:bone has no attributes
[11May2026 19:17:42.354] [main/ERROR] [net.minecraft.Util/]: Entity illageandspillage:axe has no attributes
[11May2026 19:17:42.354] [main/ERROR] [net.minecraft.Util/]: Entity illageandspillage:bone has no attributes
[11May2026 19:17:42.354] [main/ERROR] [net.minecraft.Util/]: Entity illageandspillage:axe has no attributes
[11May2026 19:17:42.354] [main/ERROR] [net.minecraft.Util/]: Entity illageandspillage:bone has no attributes
[11May2026 19:17:42.354] [main/ERROR] [net.minecraft.Util/]: Entity illageandspillage:axe has no attributes
[11May2026 19:17:42.354] [main/ERROR] [net.minecraft.Util/]: Entity illageandspillage:bone has no attributes
[11May2026 19:17:42.354] [main/ERROR] [net.minecraft.Util/]: Entity illageandspillage:axe has no attributes
[11May2026 19:17:42.355] [main/ERROR] [net.minecraft.Util/]: Entity illageandspillage:bone has no attributes
[11May2026 19:17:42.355] [main/ERROR] [net.minecraft.Util/]: Entity illageandspillage:axe has no attributes
[11May2026 19:17:42.355] [main/ERROR] [net.minecraft.Util/]: Entity illageandspillage:bone has no attributes
[11May2026 19:17:42.355] [main/ERROR] [net.minecraft.Util/]: Entity illageandspillage:axe has no attributes
[11May2026 19:17:42.355] [main/ERROR] [net.minecraft.Util/]: Entity illageandspillage:bone has no attributes
[11May2026 19:17:42.355] [main/ERROR] [net.minecraft.Util/]: Entity illageandspillage:axe has no attributes
[11May2026 19:17:42.355] [main/ERROR] [net.minecraft.Util/]: Entity illageandspillage:bone has no attributes
[11May2026 19:17:42.355] [main/ERROR] [net.minecraft.Util/]: Entity illageandspillage:axe has no attributes
[11May2026 19:17:42.355] [main/ERROR] [net.minecraft.Util/]: Entity illageandspillage:bone has no attributes
[11May2026 19:17:42.356] [main/ERROR] [net.minecraft.Util/]: Entity illageandspillage:axe has no attributes
[11May2026 19:17:42.789] [Forge Version Check/INFO] [net.minecraftforge.fml.VersionChecker/]: [shulkerbox] Found status: UP_TO_DATE Current: 1.20.1-1.0.1 Target: null
[11May2026 19:17:42.789] [Forge Version Check/INFO] [net.minecraftforge.fml.VersionChecker/]: [twilightforest] Starting version check at https://gh.tamaized.com/TeamTwilight/twilightforest/update.json
[11May2026 19:17:43.023] [main/ERROR] [net.minecraft.Util/]: Entity illageandspillage:bone has no attributes
[11May2026 19:17:43.024] [main/ERROR] [net.minecraft.Util/]: Entity illageandspillage:axe has no attributes
[11May2026 19:17:43.024] [main/ERROR] [net.minecraft.Util/]: Entity illageandspillage:bone has no attributes
[11May2026 19:17:43.024] [main/ERROR] [net.minecraft.Util/]: Entity illageandspillage:axe has no attributes
[11May2026 19:17:43.024] [main/ERROR] [net.minecraft.Util/]: Entity illageandspillage:bone has no attributes
[11May2026 19:17:43.024] [main/ERROR] [net.minecraft.Util/]: Entity illageandspillage:axe has no attributes
[11May2026 19:17:43.025] [main/ERROR] [net.minecraft.Util/]: Entity illageandspillage:bone has no attributes
[11May2026 19:17:43.025] [main/ERROR] [net.minecraft.Util/]: Entity illageandspillage:axe has no attributes
[11May2026 19:17:43.025] [main/ERROR] [net.minecraft.Util/]: Entity illageandspillage:bone has no attributes
[11May2026 19:17:43.025] [main/ERROR] [net.minecraft.Util/]: Entity illageandspillage:axe has no attributes
[11May2026 19:17:43.025] [main/ERROR] [net.minecraft.Util/]: Entity illageandspillage:bone has no attributes
[11May2026 19:17:43.025] [main/ERROR] [net.minecraft.Util/]: Entity illageandspillage:axe has no attributes
[11May2026 19:17:43.026] [main/ERROR] [net.minecraft.Util/]: Entity illageandspillage:bone has no attributes
[11May2026 19:17:43.026] [main/ERROR] [net.minecraft.Util/]: Entity illageandspillage:axe has no attributes
[11May2026 19:17:43.029] [main/ERROR] [net.minecraft.Util/]: Entity illageandspillage:bone has no attributes
[11May2026 19:17:43.029] [main/ERROR] [net.minecraft.Util/]: Entity illageandspillage:axe has no attributes
[11May2026 19:17:43.030] [main/ERROR] [net.minecraft.Util/]: Entity illageandspillage:bone has no attributes
[11May2026 19:17:43.030] [main/ERROR] [net.minecraft.Util/]: Entity illageandspillage:axe has no attributes
[11May2026 19:17:43.031] [main/ERROR] [net.minecraft.Util/]: Entity illageandspillage:bone has no attributes
[11May2026 19:17:43.031] [main/ERROR] [net.minecraft.Util/]: Entity illageandspillage:axe has no attributes
[11May2026 19:17:43.031] [main/ERROR] [net.minecraft.Util/]: Entity illageandspillage:bone has no attributes
[11May2026 19:17:43.031] [main/ERROR] [net.minecraft.Util/]: Entity illageandspillage:axe has no attributes
[11May2026 19:17:43.031] [main/ERROR] [net.minecraft.Util/]: Entity illageandspillage:bone has no attributes
[11May2026 19:17:43.031] [main/ERROR] [net.minecraft.Util/]: Entity illageandspillage:axe has no attributes
[11May2026 19:17:43.031] [main/ERROR] [net.minecraft.Util/]: Entity illageandspillage:bone has no attributes
[11May2026 19:17:43.031] [main/ERROR] [net.minecraft.Util/]: Entity illageandspillage:axe has no attributes
[11May2026 19:17:43.032] [main/ERROR] [net.minecraft.Util/]: Entity illageandspillage:bone has no attributes
[11May2026 19:17:43.032] [main/ERROR] [net.minecraft.Util/]: Entity illageandspillage:axe has no attributes
[11May2026 19:17:43.032] [main/ERROR] [net.minecraft.Util/]: Entity illageandspillage:bone has no attributes
[11May2026 19:17:43.032] [main/ERROR] [net.minecraft.Util/]: Entity illageandspillage:axe has no attributes
[11May2026 19:17:43.032] [main/ERROR] [net.minecraft.Util/]: Entity illageandspillage:bone has no attributes
[11May2026 19:17:43.032] [main/ERROR] [net.minecraft.Util/]: Entity illageandspillage:axe has no attributes
[11May2026 19:17:43.033] [main/ERROR] [net.minecraft.Util/]: Entity illageandspillage:bone has no attributes
[11May2026 19:17:43.033] [main/ERROR] [net.minecraft.Util/]: Entity illageandspillage:axe has no attributes
[11May2026 19:17:43.033] [main/ERROR] [net.minecraft.Util/]: Entity illageandspillage:bone has no attributes
[11May2026 19:17:43.033] [main/ERROR] [net.minecraft.Util/]: Entity illageandspillage:axe has no attributes
[11May2026 19:17:43.033] [main/ERROR] [net.minecraft.Util/]: Entity illageandspillage:bone has no attributes
[11May2026 19:17:43.033] [main/ERROR] [net.minecraft.Util/]: Entity illageandspillage:axe has no attributes
[11May2026 19:17:43.033] [main/ERROR] [net.minecraft.Util/]: Entity illageandspillage:bone has no attributes
[11May2026 19:17:43.034] [main/ERROR] [net.minecraft.Util/]: Entity illageandspillage:axe has no attributes
[11May2026 19:17:43.034] [main/ERROR] [net.minecraft.Util/]: Entity illageandspillage:bone has no attributes
[11May2026 19:17:43.034] [main/ERROR] [net.minecraft.Util/]: Entity illageandspillage:axe has no attributes
[11May2026 19:17:43.034] [main/ERROR] [net.minecraft.Util/]: Entity illageandspillage:bone has no attributes
[11May2026 19:17:43.034] [main/ERROR] [net.minecraft.Util/]: Entity illageandspillage:axe has no attributes
[11May2026 19:17:43.034] [main/ERROR] [net.minecraft.Util/]: Entity illageandspillage:bone has no attributes
[11May2026 19:17:43.035] [main/ERROR] [net.minecraft.Util/]: Entity illageandspillage:axe has no attributes
[11May2026 19:17:43.035] [main/ERROR] [net.minecraft.Util/]: Entity illageandspillage:bone has no attributes
[11May2026 19:17:43.037] [main/ERROR] [net.minecraft.Util/]: Entity illageandspillage:axe has no attributes
[11May2026 19:17:43.038] [main/ERROR] [net.minecraft.Util/]: Entity illageandspillage:bone has no attributes
[11May2026 19:17:43.038] [main/ERROR] [net.minecraft.Util/]: Entity illageandspillage:axe has no attributes
[11May2026 19:17:43.038] [main/ERROR] [net.minecraft.Util/]: Entity illageandspillage:bone has no attributes
[11May2026 19:17:43.039] [main/ERROR] [net.minecraft.Util/]: Entity illageandspillage:axe has no attributes
[11May2026 19:17:43.039] [main/ERROR] [net.minecraft.Util/]: Entity illageandspillage:bone has no attributes
[11May2026 19:17:43.039] [main/ERROR] [net.minecraft.Util/]: Entity illageandspillage:axe has no attributes
[11May2026 19:17:43.039] [main/ERROR] [net.minecraft.Util/]: Entity illageandspillage:bone has no attributes
[11May2026 19:17:43.040] [main/ERROR] [net.minecraft.Util/]: Entity illageandspillage:axe has no attributes
[11May2026 19:17:43.040] [main/ERROR] [net.minecraft.Util/]: Entity illageandspillage:bone has no attributes
[11May2026 19:17:43.041] [main/ERROR] [net.minecraft.Util/]: Entity illageandspillage:axe has no attributes
[11May2026 19:17:43.042] [main/ERROR] [net.minecraft.Util/]: Entity illageandspillage:bone has no attributes
[11May2026 19:17:43.042] [main/ERROR] [net.minecraft.Util/]: Entity illageandspillage:axe has no attributes
[11May2026 19:17:43.042] [main/ERROR] [net.minecraft.Util/]: Entity illageandspillage:bone has no attributes
[11May2026 19:17:43.045] [main/ERROR] [net.minecraft.Util/]: Entity illageandspillage:axe has no attributes
[11May2026 19:17:43.045] [main/ERROR] [net.minecraft.Util/]: Entity illageandspillage:bone has no attributes
[11May2026 19:17:43.046] [main/ERROR] [net.minecraft.Util/]: Entity illageandspillage:axe has no attributes
[11May2026 19:17:43.047] [main/ERROR] [net.minecraft.Util/]: Entity illageandspillage:bone has no attributes
[11May2026 19:17:43.050] [main/ERROR] [net.minecraft.Util/]: Entity illageandspillage:axe has no attributes
[11May2026 19:17:43.050] [main/ERROR] [net.minecraft.Util/]: Entity illageandspillage:bone has no attributes
[11May2026 19:17:43.050] [main/ERROR] [net.minecraft.Util/]: Entity illageandspillage:axe has no attributes
[11May2026 19:17:43.051] [main/ERROR] [net.minecraft.Util/]: Entity illageandspillage:bone has no attributes
[11May2026 19:17:43.051] [main/ERROR] [net.minecraft.Util/]: Entity illageandspillage:axe has no attributes
[11May2026 19:17:43.051] [main/ERROR] [net.minecraft.Util/]: Entity illageandspillage:bone has no attributes
[11May2026 19:17:43.051] [main/ERROR] [net.minecraft.Util/]: Entity illageandspillage:axe has no attributes
[11May2026 19:17:43.051] [main/ERROR] [net.minecraft.Util/]: Entity illageandspillage:bone has no attributes
[11May2026 19:17:43.051] [main/ERROR] [net.minecraft.Util/]: Entity illageandspillage:axe has no attributes
[11May2026 19:17:43.051] [main/ERROR] [net.minecraft.Util/]: Entity illageandspillage:bone has no attributes
[11May2026 19:17:43.052] [main/ERROR] [net.minecraft.Util/]: Entity illageandspillage:axe has no attributes
[11May2026 19:17:43.052] [main/ERROR] [net.minecraft.Util/]: Entity illageandspillage:bone has no attributes
[11May2026 19:17:43.052] [main/ERROR] [net.minecraft.Util/]: Entity illageandspillage:axe has no attributes
[11May2026 19:17:43.052] [main/ERROR] [net.minecraft.Util/]: Entity illageandspillage:bone has no attributes
[11May2026 19:17:43.053] [main/ERROR] [net.minecraft.Util/]: Entity illageandspillage:axe has no attributes
[11May2026 19:17:43.053] [main/ERROR] [net.minecraft.Util/]: Entity illageandspillage:bone has no attributes
[11May2026 19:17:43.053] [main/ERROR] [net.minecraft.Util/]: Entity illageandspillage:axe has no attributes
[11May2026 19:17:43.053] [main/ERROR] [net.minecraft.Util/]: Entity illageandspillage:bone has no attributes
[11May2026 19:17:43.053] [main/ERROR] [net.minecraft.Util/]: Entity illageandspillage:axe has no attributes
[11May2026 19:17:43.054] [main/ERROR] [net.minecraft.Util/]: Entity illageandspillage:bone has no attributes
[11May2026 19:17:43.054] [main/ERROR] [net.minecraft.Util/]: Entity illageandspillage:axe has no attributes
[11May2026 19:17:43.054] [main/ERROR] [net.minecraft.Util/]: Entity illageandspillage:bone has no attributes
[11May2026 19:17:43.054] [main/ERROR] [net.minecraft.Util/]: Entity illageandspillage:axe has no attributes
[11May2026 19:17:43.054] [main/ERROR] [net.minecraft.Util/]: Entity illageandspillage:bone has no attributes
[11May2026 19:17:43.054] [main/ERROR] [net.minecraft.Util/]: Entity illageandspillage:axe has no attributes
[11May2026 19:17:43.055] [main/ERROR] [net.minecraft.Util/]: Entity illageandspillage:bone has no attributes
[11May2026 19:17:43.055] [main/ERROR] [net.minecraft.Util/]: Entity illageandspillage:axe has no attributes
[11May2026 19:17:43.055] [main/ERROR] [net.minecraft.Util/]: Entity illageandspillage:bone has no attributes
[11May2026 19:17:43.055] [main/ERROR] [net.minecraft.Util/]: Entity illageandspillage:axe has no attributes
[11May2026 19:17:43.055] [main/ERROR] [net.minecraft.Util/]: Entity illageandspillage:bone has no attributes
[11May2026 19:17:43.055] [main/ERROR] [net.minecraft.Util/]: Entity illageandspillage:axe has no attributes
[11May2026 19:17:43.056] [main/ERROR] [net.minecraft.Util/]: Entity illageandspillage:bone has no attributes
[11May2026 19:17:43.056] [main/ERROR] [net.minecraft.Util/]: Entity illageandspillage:axe has no attributes
[11May2026 19:17:43.056] [main/ERROR] [net.minecraft.Util/]: Entity illageandspillage:bone has no attributes
[11May2026 19:17:43.056] [main/ERROR] [net.minecraft.Util/]: Entity illageandspillage:axe has no attributes
[11May2026 19:17:43.056] [main/ERROR] [net.minecraft.Util/]: Entity illageandspillage:bone has no attributes
[11May2026 19:17:43.056] [main/ERROR] [net.minecraft.Util/]: Entity illageandspillage:axe has no attributes
[11May2026 19:17:43.057] [main/ERROR] [net.minecraft.Util/]: Entity illageandspillage:bone has no attributes
[11May2026 19:17:43.057] [main/ERROR] [net.minecraft.Util/]: Entity illageandspillage:axe has no attributes
[11May2026 19:17:43.057] [main/ERROR] [net.minecraft.Util/]: Entity illageandspillage:bone has no attributes
[11May2026 19:17:43.057] [main/ERROR] [net.minecraft.Util/]: Entity illageandspillage:axe has no attributes
[11May2026 19:17:43.058] [main/ERROR] [net.minecraft.Util/]: Entity illageandspillage:bone has no attributes
[11May2026 19:17:43.058] [main/ERROR] [net.minecraft.Util/]: Entity illageandspillage:axe has no attributes
[11May2026 19:17:43.058] [main/ERROR] [net.minecraft.Util/]: Entity illageandspillage:bone has no attributes
[11May2026 19:17:43.058] [main/ERROR] [net.minecraft.Util/]: Entity illageandspillage:axe has no attributes
[11May2026 19:17:43.059] [main/ERROR] [net.minecraft.Util/]: Entity illageandspillage:bone has no attributes
[11May2026 19:17:43.059] [main/ERROR] [net.minecraft.Util/]: Entity illageandspillage:axe has no attributes
[11May2026 19:17:43.059] [main/ERROR] [net.minecraft.Util/]: Entity illageandspillage:bone has no attributes
[11May2026 19:17:43.059] [main/ERROR] [net.minecraft.Util/]: Entity illageandspillage:axe has no attributes
[11May2026 19:17:43.059] [main/ERROR] [net.minecraft.Util/]: Entity illageandspillage:bone has no attributes
[11May2026 19:17:43.059] [main/ERROR] [net.minecraft.Util/]: Entity illageandspillage:axe has no attributes
[11May2026 19:17:43.060] [main/ERROR] [net.minecraft.Util/]: Entity illageandspillage:bone has no attributes
[11May2026 19:17:43.060] [main/ERROR] [net.minecraft.Util/]: Entity illageandspillage:axe has no attributes
[11May2026 19:17:43.060] [main/ERROR] [net.minecraft.Util/]: Entity illageandspillage:bone has no attributes
[11May2026 19:17:43.060] [main/ERROR] [net.minecraft.Util/]: Entity illageandspillage:axe has no attributes
[11May2026 19:17:43.061] [main/ERROR] [net.minecraft.Util/]: Entity illageandspillage:bone has no attributes
[11May2026 19:17:43.061] [main/ERROR] [net.minecraft.Util/]: Entity illageandspillage:axe has no attributes
[11May2026 19:17:43.061] [main/ERROR] [net.minecraft.Util/]: Entity illageandspillage:bone has no attributes
[11May2026 19:17:43.061] [main/ERROR] [net.minecraft.Util/]: Entity illageandspillage:axe has no attributes
[11May2026 19:17:43.061] [main/ERROR] [net.minecraft.Util/]: Entity illageandspillage:bone has no attributes
[11May2026 19:17:43.062] [main/ERROR] [net.minecraft.Util/]: Entity illageandspillage:axe has no attributes
[11May2026 19:17:43.062] [main/ERROR] [net.minecraft.Util/]: Entity illageandspillage:bone has no attributes
[11May2026 19:17:43.062] [main/ERROR] [net.minecraft.Util/]: Entity illageandspillage:axe has no attributes
[11May2026 19:17:43.062] [main/ERROR] [net.minecraft.Util/]: Entity illageandspillage:bone has no attributes
[11May2026 19:17:43.062] [main/ERROR] [net.minecraft.Util/]: Entity illageandspillage:axe has no attributes
[11May2026 19:17:43.063] [main/ERROR] [net.minecraft.Util/]: Entity illageandspillage:bone has no attributes
[11May2026 19:17:43.063] [main/ERROR] [net.minecraft.Util/]: Entity illageandspillage:axe has no attributes
[11May2026 19:17:43.063] [main/ERROR] [net.minecraft.Util/]: Entity illageandspillage:bone has no attributes
[11May2026 19:17:43.063] [main/ERROR] [net.minecraft.Util/]: Entity illageandspillage:axe has no attributes
[11May2026 19:17:43.100] [Forge Version Check/INFO] [net.minecraftforge.fml.VersionChecker/]: [twilightforest] Found status: AHEAD Current: 4.3.2508 Target: null
[11May2026 19:17:43.101] [Forge Version Check/INFO] [net.minecraftforge.fml.VersionChecker/]: [mcwfences] Starting version check at https://raw.githubusercontent.com/sketchmacaw/macawsmods/master/fences.json
[11May2026 19:17:43.116] [Forge Version Check/INFO] [net.minecraftforge.fml.VersionChecker/]: [mcwfences] Found status: UP_TO_DATE Current: 1.2.1 Target: null
[11May2026 19:17:43.117] [Forge Version Check/INFO] [net.minecraftforge.fml.VersionChecker/]: [dungeons_enhanced] Starting version check at https://raw.githubusercontent.com/Ametrin-Studios/DungeonsEnhanced/refs/heads/master/update.json
[11May2026 19:17:43.150] [Forge Version Check/INFO] [net.minecraftforge.fml.VersionChecker/]: [dungeons_enhanced] Found status: UP_TO_DATE Current: 5.4.3 Target: null
[11May2026 19:17:43.153] [Forge Version Check/INFO] [net.minecraftforge.fml.VersionChecker/]: [witherstormmod] Starting version check at https://raw.githubusercontent.com/nonamecrackers2/cwsm-update-info/main/update_checker.json
[11May2026 19:17:43.167] [Forge Version Check/INFO] [net.minecraftforge.fml.VersionChecker/]: [witherstormmod] Found status: UP_TO_DATE Current: 4.2.1 Target: null
[11May2026 19:17:43.169] [Forge Version Check/INFO] [net.minecraftforge.fml.VersionChecker/]: [smallships] Starting version check at https://raw.githubusercontent.com/talhanation/smallships/main/update.json
[11May2026 19:17:43.183] [Forge Version Check/INFO] [net.minecraftforge.fml.VersionChecker/]: [smallships] Found status: UP_TO_DATE Current: 2.0.0-b1.4 Target: null
[11May2026 19:17:43.184] [Forge Version Check/INFO] [net.minecraftforge.fml.VersionChecker/]: [tradingpost] Starting version check at https://raw.githubusercontent.com/Fuzss/modresources/main/update/tradingpost.json
[11May2026 19:17:43.198] [Forge Version Check/INFO] [net.minecraftforge.fml.VersionChecker/]: [tradingpost] Found status: UP_TO_DATE Current: 8.0.2 Target: null
[11May2026 19:17:43.204] [Forge Version Check/INFO] [net.minecraftforge.fml.VersionChecker/]: [cucumber] Starting version check at https://api.blakesmods.com/v2/mods/cucumber/1.20/updates
[11May2026 19:17:43.329] [Forge Version Check/INFO] [net.minecraftforge.fml.VersionChecker/]: [cucumber] Found status: UP_TO_DATE Current: 7.0.16 Target: null
[11May2026 19:17:43.330] [Forge Version Check/INFO] [net.minecraftforge.fml.VersionChecker/]: [journeymap] Starting version check at https://forge.curseupdate.com/32274/journeymap
[11May2026 19:17:43.346] [Forge Version Check/INFO] [net.minecraftforge.fml.VersionChecker/]: [journeymap] Found status: UP_TO_DATE Current: 5.10.3 Target: null
[11May2026 19:17:43.346] [Forge Version Check/INFO] [net.minecraftforge.fml.VersionChecker/]: [charginggadgets] Starting version check at https://raw.githubusercontent.com/Direwolf20-MC/ChargingGadgets/master/update.json
[11May2026 19:17:43.358] [Forge Version Check/INFO] [net.minecraftforge.fml.VersionChecker/]: [charginggadgets] Found status: BETA Current: 1.11.0 Target: null
[11May2026 19:17:43.358] [Forge Version Check/INFO] [net.minecraftforge.fml.VersionChecker/]: [cutthrough] Starting version check at https://raw.githubusercontent.com/Fuzss/modresources/main/update/cutthrough.json
[11May2026 19:17:43.374] [Forge Version Check/INFO] [net.minecraftforge.fml.VersionChecker/]: [cutthrough] Found status: UP_TO_DATE Current: 8.0.2 Target: null
[11May2026 19:17:43.374] [Forge Version Check/INFO] [net.minecraftforge.fml.VersionChecker/]: [moonlight] Starting version check at https://api.modrinth.com/updates/moonlight/forge_updates.json
[11May2026 19:17:43.435] [Forge Version Check/INFO] [net.minecraftforge.fml.VersionChecker/]: [moonlight] Found status: OUTDATED Current: 1.20-2.16.28 Target: 1.20-2.16.31-forge
[11May2026 19:17:43.435] [Forge Version Check/INFO] [net.minecraftforge.fml.VersionChecker/]: [barteringstation] Starting version check at https://raw.githubusercontent.com/Fuzss/modresources/main/update/barteringstation.json
[11May2026 19:17:43.453] [Forge Version Check/INFO] [net.minecraftforge.fml.VersionChecker/]: [barteringstation] Found status: UP_TO_DATE Current: 8.0.0 Target: null
[11May2026 19:17:43.454] [Forge Version Check/INFO] [net.minecraftforge.fml.VersionChecker/]: [iceberg] Starting version check at https://mc-update-check.anthonyhilyard.com/520110
[11May2026 19:17:43.478] [Forge Version Check/INFO] [net.minecraftforge.fml.VersionChecker/]: [iceberg] Found status: UP_TO_DATE Current: 1.1.25 Target: null
[11May2026 19:17:43.478] [Forge Version Check/INFO] [net.minecraftforge.fml.VersionChecker/]: [supplementaries] Starting version check at https://api.modrinth.com/updates/supplementaries/forge_updates.json
[11May2026 19:17:43.531] [Forge Version Check/INFO] [net.minecraftforge.fml.VersionChecker/]: [supplementaries] Found status: OUTDATED Current: 1.20-3.1.43 Target: 1.20-3.1.43-forge
[11May2026 19:17:43.534] [Forge Version Check/INFO] [net.minecraftforge.fml.VersionChecker/]: [delightful] Starting version check at https://raw.githubusercontent.com/brnbrd/Delightful/1.20.1/update/update.json
[11May2026 19:17:43.547] [Forge Version Check/INFO] [net.minecraftforge.fml.VersionChecker/]: [delightful] Found status: UP_TO_DATE Current: 3.7.8 Target: null
[11May2026 19:17:43.849] [main/WARN] [supermartijn642corelib/]: Could not find value 'formations:template_editor' in registry 'minecraft:item' for @RegistryEntryAcceptor!
[11May2026 19:17:44.096] [main/WARN] [net.minecraft.server.packs.VanillaPackResourcesBuilder/]: Assets URL 'union:/workspaces/literate-garbanzo/servidor_minecraft/libraries/net/minecraft/server/1.20.1-20230612.114412/server-1.20.1-20230612.114412-srg.jar%23775!/assets/.mcassetsroot' uses unexpected schema
[11May2026 19:17:44.097] [main/WARN] [net.minecraft.server.packs.VanillaPackResourcesBuilder/]: Assets URL 'union:/workspaces/literate-garbanzo/servidor_minecraft/libraries/net/minecraft/server/1.20.1-20230612.114412/server-1.20.1-20230612.114412-srg.jar%23775!/data/.mcassetsroot' uses unexpected schema
[11May2026 19:17:44.812] [main/INFO] [com.simibubi.create.Create/]: Created 1352 recipes which will be injected into the game
[11May2026 19:17:44.834] [main/INFO] [com.simibubi.create.Create/]: Created 53 tags which will be injected into the game
[11May2026 19:17:45.166] [main/INFO] [End's Phantasm/]: [Phantasm] Loading Configs for Phantasm
[11May2026 19:17:45.167] [main/WARN] [End's Phantasm/]: [Phantasm] Couldn't find config value for path : "[generation, raw_purpur, enable]", defaulting to true
[11May2026 19:17:45.167] [main/WARN] [End's Phantasm/]: [Phantasm] Couldn't find config value for path : "[generation, raw_purpur, first_stripe]", defaulting to 29
[11May2026 19:17:45.167] [main/WARN] [End's Phantasm/]: [Phantasm] Couldn't find config value for path : "[generation, fallen_stars, enable]", defaulting to true
[11May2026 19:17:45.167] [main/WARN] [End's Phantasm/]: [Phantasm] Couldn't find config value for path : "[generation, biomes, datapack_compatibility]", defaulting to automatic
[11May2026 19:17:45.167] [main/WARN] [End's Phantasm/]: [Phantasm] Couldn't find config value for path : "[generation, biomes, noise_scale]", defaulting to 2
[11May2026 19:17:45.167] [main/WARN] [End's Phantasm/]: [Phantasm] Couldn't find config value for path : "[generation, biomes, weights, end_highlands]", defaulting to 1.2
[11May2026 19:17:45.167] [main/WARN] [End's Phantasm/]: [Phantasm] Couldn't find config value for path : "[generation, biomes, weights, dreaming_den]", defaulting to 1.5
[11May2026 19:17:45.167] [main/WARN] [End's Phantasm/]: [Phantasm] Couldn't find config value for path : "[generation, biomes, weights, acidburnt_abysses]", defaulting to 1.2
[11May2026 19:17:45.167] [main/WARN] [End's Phantasm/]: [Phantasm] Couldn't find config value for path : "[general, outer_end_before_dragon]", defaulting to true
[11May2026 19:17:45.167] [main/WARN] [End's Phantasm/]: [Phantasm] Couldn't find config value for path : "[general, show_cutscene]", defaulting to true
[11May2026 19:17:45.167] [main/WARN] [End's Phantasm/]: [Phantasm] Couldn't find config value for path : "[general, dark_end]", defaulting to false
[11May2026 19:17:45.167] [main/WARN] [End's Phantasm/]: [Phantasm] Couldn't find config value for path : "[general, challenge, alternate_barrier]", defaulting to false
[11May2026 19:17:45.167] [main/WARN] [End's Phantasm/]: [Phantasm] Couldn't find config value for path : "[general, challenge, radius]", defaulting to 16
[11May2026 19:17:45.167] [main/WARN] [End's Phantasm/]: [Phantasm] Couldn't find config value for path : "[general, dragon_fight, explosive_fireballs]", defaulting to true
[11May2026 19:17:45.167] [main/WARN] [End's Phantasm/]: [Phantasm] Couldn't find config value for path : "[general, dragon_fight, passive_endermen]", defaulting to false
[11May2026 19:17:45.167] [main/WARN] [End's Phantasm/]: [Phantasm] Couldn't find config value for path : "[general, dragon_fight, obsidian_tower, beautify]", defaulting to true
[11May2026 19:17:45.167] [main/WARN] [End's Phantasm/]: [Phantasm] Couldn't find config value for path : "[general, dragon_fight, obsidian_tower, no_crystal_cages]", defaulting to false
[11May2026 19:17:45.167] [main/WARN] [End's Phantasm/]: [Phantasm] Couldn't find config value for path : "[general, dragon_fight, obsidian_tower, extra_height]", defaulting to 0
[11May2026 19:17:45.167] [main/WARN] [End's Phantasm/]: [Phantasm] Couldn't find config value for path : "[general, equipment, elytra, boost_advancement]", defaulting to minecraft:end/kill_dragon
[11May2026 19:17:45.167] [main/WARN] [End's Phantasm/]: [Phantasm] Couldn't find config value for path : "[general, equipment, elytra, has_challenge]", defaulting to true
[11May2026 19:17:45.167] [main/WARN] [End's Phantasm/]: [Phantasm] Couldn't find config value for path : "[general, equipment, elytra, challenge_rune_offset]", defaulting to [0.0, 2.0, 8.0]
[11May2026 19:17:45.167] [main/WARN] [End's Phantasm/]: [Phantasm] Couldn't find config value for path : "[general, equipment, shattered_pendant, durability]", defaulting to 6
[11May2026 19:17:45.167] [main/WARN] [End's Phantasm/]: [Phantasm] Couldn't find config value for path : "[dreaming_den, entities, behemoth, aggro_range]", defaulting to 6
[11May2026 19:17:45.167] [main/WARN] [End's Phantasm/]: [Phantasm] Couldn't find config value for path : "[dreaming_den, entities, behemoth, sneaking_aggro_range]", defaulting to 0
[11May2026 19:17:45.168] [main/WARN] [End's Phantasm/]: [Phantasm] Couldn't find config value for path : "[dreaming_den, equipment, chorus_fruit_salad, teleportation]", defaulting to true
[11May2026 19:17:45.168] [main/WARN] [End's Phantasm/]: [Phantasm] Couldn't find config value for path : "[dreaming_den, equipment, chorus_fruit_salad, stack_size]", defaulting to 4
[11May2026 19:17:45.168] [main/WARN] [End's Phantasm/]: [Phantasm] Couldn't find config value for path : "[dreaming_den, equipment, crystalline_tools, durability]", defaulting to 712
[11May2026 19:17:45.168] [main/WARN] [End's Phantasm/]: [Phantasm] Couldn't find config value for path : "[dreaming_den, equipment, crystalline_tools, efficiency_boost]", defaulting to 3
[11May2026 19:17:45.168] [main/WARN] [End's Phantasm/]: [Phantasm] Couldn't find config value for path : "[acidburnt_abysses, equipment, choral_arrow, crossbow_range]", defaulting to 10
[11May2026 19:17:45.168] [main/WARN] [End's Phantasm/]: [Phantasm] Couldn't find config value for path : "[acidburnt_abysses, equipment, choral_arrow, charm_duration]", defaulting to 20
[11May2026 19:17:45.168] [main/WARN] [End's Phantasm/]: [Phantasm] Couldn't find config value for path : "[acidburnt_abysses, equipment, choral_arrow, player_charm_duration]", defaulting to 40
[11May2026 19:17:45.168] [main/WARN] [End's Phantasm/]: [Phantasm] Couldn't find config value for path : "[acidburnt_abysses, equipment, subwoofer, range]", defaulting to 8
[11May2026 19:17:45.168] [main/WARN] [End's Phantasm/]: [Phantasm] Couldn't find config value for path : "[acidburnt_abysses, equipment, corrosion, damage_multiplier]", defaulting to 0.2
[11May2026 19:17:45.168] [main/WARN] [End's Phantasm/]: [Phantasm] Couldn't find config value for path : "[acidburnt_abysses, equipment, corrosion, corrosive_food, pomb_slice]", defaulting to 60
[11May2026 19:17:45.168] [main/WARN] [End's Phantasm/]: [Phantasm] Couldn't find config value for path : "[acidburnt_abysses, equipment, corrosion, corrosive_food, pop_rock_candy]", defaulting to 120
[11May2026 19:17:45.168] [main/WARN] [End's Phantasm/]: [Phantasm] Couldn't find config value for path : "[acidburnt_abysses, equipment, corrosion, corrosive_food, duration]", defaulting to 80
[11May2026 19:17:45.168] [main/WARN] [End's Phantasm/]: [Phantasm] Couldn't find config value for path : "[acidburnt_abysses, equipment, corrosion, corrosive_food, amplifier]", defaulting to 0
[11May2026 19:17:45.168] [main/WARN] [End's Phantasm/]: [Phantasm] Couldn't find config value for path : "[acidburnt_abysses, equipment, corrosion, falling_pomb, damage]", defaulting to 5
[11May2026 19:17:45.168] [main/WARN] [End's Phantasm/]: [Phantasm] Couldn't find config value for path : "[acidburnt_abysses, equipment, corrosion, falling_pomb, duration]", defaulting to 200
[11May2026 19:17:45.168] [main/WARN] [End's Phantasm/]: [Phantasm] Couldn't find config value for path : "[acidburnt_abysses, equipment, corrosion, falling_pomb, amplifier]", defaulting to 0
[11May2026 19:17:45.168] [main/WARN] [End's Phantasm/]: [Phantasm] Your Phantasm configs are outdated! Consider deleting them so they can refresh
[11May2026 19:17:46.767] [main/INFO] [com.teamabnormals.blueprint.core.Blueprint/]: Successfully loaded 0 data remolders!
[11May2026 19:17:46.773] [main/INFO] [Moonlight/]: Starting runtime resource generation for pack type SERVER_DATA with generators from mods [supplementaries, goated, suppsquared]: [net.mehvahdjukaar.supplementaries.dynamicpack.ServerDynamicResourcesGenerator@79fa7159, net.mehvahdjukaar.goated.common.PackProvider@3772f5a7, net.mehvahdjukaar.suppsquared.common.ServerPackProvider@7ca3029b]
[11May2026 19:17:46.774] [main/INFO] [Moonlight/]: Generating runtime assets for pack Supplementaries Generated Pack (supplementaries)
[11May2026 19:17:46.818] [main/INFO] [Supplementaries/]: Generated runtime SERVER_DATA for pack Supplementaries Generated Pack (supplementaries) in: 42 ms (multithreaded)
[11May2026 19:17:46.818] [main/INFO] [Moonlight/]: Generating runtime assets for pack Goated Generated Pack (goated)
[11May2026 19:17:46.820] [main/INFO] [net.mehvahdjukaar.goated.Goated/]: Generated runtime SERVER_DATA for pack Goated Generated Pack (goated) in: 2 ms (multithreaded)
[11May2026 19:17:46.820] [main/INFO] [Moonlight/]: Generating runtime assets for pack Suppsquared Generated Pack (suppsquared)
[11May2026 19:17:46.844] [main/INFO] [suppsquared/]: Generated runtime SERVER_DATA for pack Suppsquared Generated Pack (suppsquared) in: 23 ms (multithreaded)
[11May2026 19:17:46.844] [main/INFO] [Moonlight/]: Finished runtime resources generation for 3 packs in a total of 70 ms
[11May2026 19:17:48.200] [main/INFO] [com.cupboard.Cupboard/]: Loaded config for: connectivity.json
[11May2026 19:17:48.629] [main/INFO] [End's Phantasm/]: [Phantasm] Applying configured data: minecraft:worldgen/noise_settings/end.json
[11May2026 19:17:49.472] [main/INFO] [End's Phantasm/]: [Phantasm] Applying configured data: minecraft:dimension/the_end.json
[11May2026 19:17:49.475] [main/INFO] [End's Phantasm/]: [Phantasm] Adding phantasm:dreaming_den to the End biome source at slice 1 out of 2
[11May2026 19:17:49.475] [main/INFO] [End's Phantasm/]: [Phantasm] Adding phantasm:acidburnt_abysses to the End biome source at slice 2 out of 2
[11May2026 19:17:50.811] [main/INFO] [bountiful/]: Adding serverside commands..
[11May2026 19:17:50.820] [main/INFO] [Spartan Weaponry/]: Finished registering commands for Spartan Weaponry!
[11May2026 19:17:50.921] [main/INFO] [com.github.alexthe666.alexsmobs.AlexsMobs/]: Adding datapack listener capsid_recipes
[11May2026 19:17:51.363] [Worker-Main-3/WARN] [artifacts.Artifacts/]: Tag entries for curios:tags/items/magic_book.json cleared by tombstone-1.20.1-9.0.9.jar
[11May2026 19:17:51.682] [Worker-Main-3/ERROR] [net.minecraft.tags.TagLoader/]: Couldn't load tag quark:vertical_slabs as it is missing following references: outer_end:azure_vertical_slab (from TheOuterEnd-1.0.13.jar), 
	outer_end:himmel_vertical_slab (from TheOuterEnd-1.0.13.jar), 
	outer_end:violite_vertical_slab (from TheOuterEnd-1.0.13.jar), 
	outer_end:violite_brick_vertical_slab (from TheOuterEnd-1.0.13.jar), 
	outer_end:mossy_violite_brick_vertical_slab (from TheOuterEnd-1.0.13.jar), 
	outer_end:violite_tile_vertical_slab (from TheOuterEnd-1.0.13.jar), 
	outer_end:mossy_violite_tile_vertical_slab (from TheOuterEnd-1.0.13.jar)
[11May2026 19:17:51.706] [Worker-Main-3/ERROR] [net.minecraft.tags.TagLoader/]: Couldn't load tag ctov:wares/cardboard_box as it is missing following references: wares:cardboard_box (from [forge]ctov-3.4.14.jar)
[11May2026 19:17:51.716] [Worker-Main-3/ERROR] [net.minecraft.tags.TagLoader/]: Couldn't load tag aether_redux:swet_jelly as it is missing following references: aether_genesis:blue_swet_jelly (from aether-redux-2.0.19-1.20.1-neoforge.jar), 
	aether_genesis:golden_swet_jelly (from aether-redux-2.0.19-1.20.1-neoforge.jar), 
	aether_genesis:dark_swet_jelly (from aether-redux-2.0.19-1.20.1-neoforge.jar)
[11May2026 19:17:51.748] [Worker-Main-3/ERROR] [net.minecraft.tags.TagLoader/]: Couldn't load tag ctov:wares/sealed_delivery_agreement as it is missing following references: wares:sealed_delivery_agreement (from [forge]ctov-3.4.14.jar)
[11May2026 19:17:51.957] [Worker-Main-1/ERROR] [net.minecraft.tags.TagLoader/]: Couldn't load tag fabric:needs_tool_level_1 as it is missing following references: nordic_structures:dwarfcavernspawner_1 (from nordic_structures-1.6.9-forge-1.20.1.jar), 
	nordic_structures:dwarfcavernspawner_2 (from nordic_structures-1.6.9-forge-1.20.1.jar), 
	nordic_structures:abandonednordicmine_1spawner (from nordic_structures-1.6.9-forge-1.20.1.jar), 
	nordic_structures:abandonednordicmine_2spawner (from nordic_structures-1.6.9-forge-1.20.1.jar), 
	nordic_structures:steelore (from nordic_structures-1.6.9-forge-1.20.1.jar)
[11May2026 19:17:51.987] [Worker-Main-1/ERROR] [net.minecraft.tags.TagLoader/]: Couldn't load tag quark:wraith_spawnable as it is missing following references: quark:soul_stone (from bygonenether-1.3.2-1.20.x.jar)
[11May2026 19:17:52.005] [Worker-Main-1/ERROR] [net.minecraft.tags.TagLoader/]: Couldn't load tag quark:vertical_slabs as it is missing following references: outer_end:azure_vertical_slab (from TheOuterEnd-1.0.13.jar), 
	outer_end:himmel_vertical_slab (from TheOuterEnd-1.0.13.jar), 
	outer_end:violite_vertical_slab (from TheOuterEnd-1.0.13.jar), 
	outer_end:violite_brick_vertical_slab (from TheOuterEnd-1.0.13.jar), 
	outer_end:mossy_violite_brick_vertical_slab (from TheOuterEnd-1.0.13.jar), 
	outer_end:violite_tile_vertical_slab (from TheOuterEnd-1.0.13.jar), 
	outer_end:mossy_violite_tile_vertical_slab (from TheOuterEnd-1.0.13.jar)
[11May2026 19:17:52.734] [Worker-Main-1/INFO] [End's Phantasm/]: [Phantasm] Applying configured data: minecraft:advancements/end/elytra.json
[11May2026 19:17:53.555] [Worker-Main-2/INFO] [dev.foxgirl.crabclaws.CrabclawsMod/]: Added crab claw loot pool to minecraft:chests/underwater_ruin_small
[11May2026 19:17:53.607] [Worker-Main-2/ERROR] [net.minecraftforge.common.ForgeHooks/]: Couldn't parse element loot_tables:outer_end:blocks/azure_vertical_slab
java.lang.IllegalArgumentException: Can't find block outer_end:azure_vertical_slab
	at net.minecraft.world.level.storage.loot.predicates.LootItemBlockStatePropertyCondition$Serializer.m_81802_(LootItemBlockStatePropertyCondition.java:79) ~[server-1.20.1-20230612.114412-srg.jar%23775!/:?]
	at java.util.Optional.orElseThrow(Optional.java:403) ~[?:?]
	at net.minecraft.world.level.storage.loot.predicates.LootItemBlockStatePropertyCondition$Serializer.m_7561_(LootItemBlockStatePropertyCondition.java:79) ~[server-1.20.1-20230612.114412-srg.jar%23775!/:?]
	at net.minecraft.world.level.storage.loot.predicates.LootItemBlockStatePropertyCondition$Serializer.m_7561_(LootItemBlockStatePropertyCondition.java:68) ~[server-1.20.1-20230612.114412-srg.jar%23775!/:?]
	at net.minecraft.world.level.storage.loot.GsonAdapterFactory$JsonAdapter.deserialize(GsonAdapterFactory.java:102) ~[server-1.20.1-20230612.114412-srg.jar%23775!/:?]
	at com.google.gson.internal.bind.TreeTypeAdapter.read(TreeTypeAdapter.java:76) ~[gson-2.10.jar%2370!/:?]
	at com.google.gson.internal.bind.TypeAdapterRuntimeTypeWrapper.read(TypeAdapterRuntimeTypeWrapper.java:40) ~[gson-2.10.jar%2370!/:?]
	at com.google.gson.internal.bind.ArrayTypeAdapter.read(ArrayTypeAdapter.java:72) ~[gson-2.10.jar%2370!/:?]
	at com.google.gson.Gson.fromJson(Gson.java:1214) ~[gson-2.10.jar%2370!/:?]
	at com.google.gson.Gson.fromJson(Gson.java:1319) ~[gson-2.10.jar%2370!/:?]
	at com.google.gson.Gson.fromJson(Gson.java:1290) ~[gson-2.10.jar%2370!/:?]
	at com.google.gson.internal.bind.TreeTypeAdapter$GsonContextImpl.deserialize(TreeTypeAdapter.java:179) ~[gson-2.10.jar%2370!/:?]
	at net.minecraft.util.GsonHelper.m_13808_(GsonHelper.java:463) ~[server-1.20.1-20230612.114412-srg.jar%23775!/:?]
	at net.minecraft.util.GsonHelper.m_13845_(GsonHelper.java:481) ~[server-1.20.1-20230612.114412-srg.jar%23775!/:?]
	at net.minecraft.world.level.storage.loot.functions.LootItemConditionalFunction$Serializer.m_7561_(LootItemConditionalFunction.java:98) ~[server-1.20.1-20230612.114412-srg.jar%23775!/:?]
	at net.minecraft.world.level.storage.loot.functions.LootItemConditionalFunction$Serializer.m_7561_(LootItemConditionalFunction.java:88) ~[server-1.20.1-20230612.114412-srg.jar%23775!/:?]
	at net.minecraft.world.level.storage.loot.GsonAdapterFactory$JsonAdapter.deserialize(GsonAdapterFactory.java:102) ~[server-1.20.1-20230612.114412-srg.jar%23775!/:?]
	at com.google.gson.internal.bind.TreeTypeAdapter.read(TreeTypeAdapter.java:76) ~[gson-2.10.jar%2370!/:?]
	at com.google.gson.internal.bind.TypeAdapterRuntimeTypeWrapper.read(TypeAdapterRuntimeTypeWrapper.java:40) ~[gson-2.10.jar%2370!/:?]
	at com.google.gson.internal.bind.ArrayTypeAdapter.read(ArrayTypeAdapter.java:72) ~[gson-2.10.jar%2370!/:?]
	at com.google.gson.Gson.fromJson(Gson.java:1214) ~[gson-2.10.jar%2370!/:?]
	at com.google.gson.Gson.fromJson(Gson.java:1319) ~[gson-2.10.jar%2370!/:?]
	at com.google.gson.Gson.fromJson(Gson.java:1290) ~[gson-2.10.jar%2370!/:?]
	at com.google.gson.internal.bind.TreeTypeAdapter$GsonContextImpl.deserialize(TreeTypeAdapter.java:179) ~[gson-2.10.jar%2370!/:?]
	at net.minecraft.util.GsonHelper.m_13808_(GsonHelper.java:463) ~[server-1.20.1-20230612.114412-srg.jar%23775!/:?]
	at net.minecraft.util.GsonHelper.m_13845_(GsonHelper.java:481) ~[server-1.20.1-20230612.114412-srg.jar%23775!/:?]
	at net.minecraft.world.level.storage.loot.entries.LootPoolSingletonContainer$Serializer.m_5921_(LootPoolSingletonContainer.java:149) ~[server-1.20.1-20230612.114412-srg.jar%23775!/:?]
	at net.minecraft.world.level.storage.loot.entries.LootPoolSingletonContainer$Serializer.m_5921_(LootPoolSingletonContainer.java:129) ~[server-1.20.1-20230612.114412-srg.jar%23775!/:?]
	at net.minecraft.world.level.storage.loot.entries.LootPoolEntryContainer$Serializer.m_7561_(LootPoolEntryContainer.java:86) ~[server-1.20.1-20230612.114412-srg.jar%23775!/:?]
	at net.minecraft.world.level.storage.loot.entries.LootPoolEntryContainer$Serializer.m_7561_(LootPoolEntryContainer.java:74) ~[server-1.20.1-20230612.114412-srg.jar%23775!/:?]
	at net.minecraft.world.level.storage.loot.GsonAdapterFactory$JsonAdapter.deserialize(GsonAdapterFactory.java:102) ~[server-1.20.1-20230612.114412-srg.jar%23775!/:?]
	at com.google.gson.internal.bind.TreeTypeAdapter.read(TreeTypeAdapter.java:76) ~[gson-2.10.jar%2370!/:?]
	at com.google.gson.internal.bind.TypeAdapterRuntimeTypeWrapper.read(TypeAdapterRuntimeTypeWrapper.java:40) ~[gson-2.10.jar%2370!/:?]
	at com.google.gson.internal.bind.ArrayTypeAdapter.read(ArrayTypeAdapter.java:72) ~[gson-2.10.jar%2370!/:?]
	at com.google.gson.Gson.fromJson(Gson.java:1214) ~[gson-2.10.jar%2370!/:?]
	at com.google.gson.Gson.fromJson(Gson.java:1319) ~[gson-2.10.jar%2370!/:?]
	at com.google.gson.Gson.fromJson(Gson.java:1290) ~[gson-2.10.jar%2370!/:?]
	at com.google.gson.internal.bind.TreeTypeAdapter$GsonContextImpl.deserialize(TreeTypeAdapter.java:179) ~[gson-2.10.jar%2370!/:?]
	at net.minecraft.util.GsonHelper.m_13808_(GsonHelper.java:463) ~[server-1.20.1-20230612.114412-srg.jar%23775!/:?]
	at net.minecraft.util.GsonHelper.m_13836_(GsonHelper.java:471) ~[server-1.20.1-20230612.114412-srg.jar%23775!/:?]
	at net.minecraft.world.level.storage.loot.LootPool$Serializer.deserialize(LootPool.java:192) ~[server-1.20.1-20230612.114412-srg.jar%23775!/:?]
	at net.minecraft.world.level.storage.loot.LootPool$Serializer.deserialize(LootPool.java:189) ~[server-1.20.1-20230612.114412-srg.jar%23775!/:?]
	at com.google.gson.internal.bind.TreeTypeAdapter.read(TreeTypeAdapter.java:76) ~[gson-2.10.jar%2370!/:?]
	at com.google.gson.internal.bind.TypeAdapterRuntimeTypeWrapper.read(TypeAdapterRuntimeTypeWrapper.java:40) ~[gson-2.10.jar%2370!/:?]
	at com.google.gson.internal.bind.ArrayTypeAdapter.read(ArrayTypeAdapter.java:72) ~[gson-2.10.jar%2370!/:?]
	at com.google.gson.Gson.fromJson(Gson.java:1214) ~[gson-2.10.jar%2370!/:?]
	at com.google.gson.Gson.fromJson(Gson.java:1319) ~[gson-2.10.jar%2370!/:?]
	at com.google.gson.Gson.fromJson(Gson.java:1290) ~[gson-2.10.jar%2370!/:?]
	at com.google.gson.internal.bind.TreeTypeAdapter$GsonContextImpl.deserialize(TreeTypeAdapter.java:179) ~[gson-2.10.jar%2370!/:?]
	at net.minecraft.util.GsonHelper.m_13808_(GsonHelper.java:463) ~[server-1.20.1-20230612.114412-srg.jar%23775!/:?]
	at net.minecraft.util.GsonHelper.m_13845_(GsonHelper.java:481) ~[server-1.20.1-20230612.114412-srg.jar%23775!/:?]
	at net.minecraft.world.level.storage.loot.LootTable$Serializer.deserialize(LootTable.java:294) ~[server-1.20.1-20230612.114412-srg.jar%23775!/:?]
	at net.minecraft.world.level.storage.loot.LootTable$Serializer.deserialize(LootTable.java:291) ~[server-1.20.1-20230612.114412-srg.jar%23775!/:?]
	at com.google.gson.internal.bind.TreeTypeAdapter.read(TreeTypeAdapter.java:76) ~[gson-2.10.jar%2370!/:?]
	at com.google.gson.Gson.fromJson(Gson.java:1214) ~[gson-2.10.jar%2370!/:?]
	at com.google.gson.Gson.fromJson(Gson.java:1319) ~[gson-2.10.jar%2370!/:?]
	at com.google.gson.Gson.fromJson(Gson.java:1261) ~[gson-2.10.jar%2370!/:?]
	at net.minecraftforge.common.ForgeHooks.loadLootTable(ForgeHooks.java:872) ~[forge-1.20.1-47.4.20-universal.jar%23780!/:?]
	at net.minecraftforge.common.ForgeHooks.lambda$getLootTableDeserializer$3(ForgeHooks.java:849) ~[forge-1.20.1-47.4.20-universal.jar%23780!/:?]
	at net.minecraft.world.level.storage.loot.LootDataType.deserialize(LootDataType.java:45) ~[server-1.20.1-20230612.114412-srg.jar%23775!/:?]
	at net.minecraft.world.level.storage.loot.LootDataManager.lambda$scheduleElementParse$4(LootDataManager.java:56) ~[server-1.20.1-20230612.114412-srg.jar%23775!/:?]
	at java.util.HashMap.forEach(HashMap.java:1421) ~[?:?]
	at net.minecraft.world.level.storage.loot.LootDataManager.m_278660_(LootDataManager.java:55) ~[server-1.20.1-20230612.114412-srg.jar%23775!/:?]
	at java.util.concurrent.CompletableFuture$AsyncRun.run(CompletableFuture.java:1804) ~[?:?]
	at java.util.concurrent.CompletableFuture$AsyncRun.exec(CompletableFuture.java:1796) ~[?:?]
	at java.util.concurrent.ForkJoinTask.doExec(ForkJoinTask.java:373) ~[?:?]
	at java.util.concurrent.ForkJoinPool$WorkQueue.topLevelExec(ForkJoinPool.java:1182) ~[?:?]
	at java.util.concurrent.ForkJoinPool.scan(ForkJoinPool.java:1655) ~[?:?]
	at java.util.concurrent.ForkJoinPool.runWorker(ForkJoinPool.java:1622) ~[?:?]
	at java.util.concurrent.ForkJoinWorkerThread.run(ForkJoinWorkerThread.java:165) ~[?:?]
[11May2026 19:17:53.659] [Worker-Main-2/INFO] [Spartan Weaponry/]: Adding Diamond Weapons to the End City Treasure Loot Table!
[11May2026 19:17:53.751] [Worker-Main-2/ERROR] [net.minecraftforge.common.ForgeHooks/]: Couldn't parse element loot_tables:outer_end:blocks/azure_post
com.google.gson.JsonSyntaxException: Expected name to be an item, was unknown string 'outer_end:azure_post'
	at net.minecraft.util.GsonHelper.m_13866_(GsonHelper.java:145) ~[server-1.20.1-20230612.114412-srg.jar%23775!/:?]
	at java.util.Optional.orElseThrow(Optional.java:403) ~[?:?]
	at net.minecraft.util.GsonHelper.m_13874_(GsonHelper.java:145) ~[server-1.20.1-20230612.114412-srg.jar%23775!/:?]
	at net.minecraft.util.GsonHelper.m_13909_(GsonHelper.java:153) ~[server-1.20.1-20230612.114412-srg.jar%23775!/:?]
	at net.minecraft.world.level.storage.loot.entries.LootItem$Serializer.m_7267_(LootItem.java:55) ~[server-1.20.1-20230612.114412-srg.jar%23775!/:?]
	at net.minecraft.world.level.storage.loot.entries.LootItem$Serializer.m_7267_(LootItem.java:40) ~[server-1.20.1-20230612.114412-srg.jar%23775!/:?]
	at net.minecraft.world.level.storage.loot.entries.LootPoolSingletonContainer$Serializer.m_5921_(LootPoolSingletonContainer.java:151) ~[server-1.20.1-20230612.114412-srg.jar%23775!/:?]
	at net.minecraft.world.level.storage.loot.entries.LootPoolSingletonContainer$Serializer.m_5921_(LootPoolSingletonContainer.java:129) ~[server-1.20.1-20230612.114412-srg.jar%23775!/:?]
	at net.minecraft.world.level.storage.loot.entries.LootPoolEntryContainer$Serializer.m_7561_(LootPoolEntryContainer.java:86) ~[server-1.20.1-20230612.114412-srg.jar%23775!/:?]
	at net.minecraft.world.level.storage.loot.entries.LootPoolEntryContainer$Serializer.m_7561_(LootPoolEntryContainer.java:74) ~[server-1.20.1-20230612.114412-srg.jar%23775!/:?]
	at net.minecraft.world.level.storage.loot.GsonAdapterFactory$JsonAdapter.deserialize(GsonAdapterFactory.java:102) ~[server-1.20.1-20230612.114412-srg.jar%23775!/:?]
	at com.google.gson.internal.bind.TreeTypeAdapter.read(TreeTypeAdapter.java:76) ~[gson-2.10.jar%2370!/:?]
	at com.google.gson.internal.bind.TypeAdapterRuntimeTypeWrapper.read(TypeAdapterRuntimeTypeWrapper.java:40) ~[gson-2.10.jar%2370!/:?]
	at com.google.gson.internal.bind.ArrayTypeAdapter.read(ArrayTypeAdapter.java:72) ~[gson-2.10.jar%2370!/:?]
	at com.google.gson.Gson.fromJson(Gson.java:1214) ~[gson-2.10.jar%2370!/:?]
	at com.google.gson.Gson.fromJson(Gson.java:1319) ~[gson-2.10.jar%2370!/:?]
	at com.google.gson.Gson.fromJson(Gson.java:1290) ~[gson-2.10.jar%2370!/:?]
	at com.google.gson.internal.bind.TreeTypeAdapter$GsonContextImpl.deserialize(TreeTypeAdapter.java:179) ~[gson-2.10.jar%2370!/:?]
	at net.minecraft.util.GsonHelper.m_13808_(GsonHelper.java:463) ~[server-1.20.1-20230612.114412-srg.jar%23775!/:?]
	at net.minecraft.util.GsonHelper.m_13836_(GsonHelper.java:471) ~[server-1.20.1-20230612.114412-srg.jar%23775!/:?]
	at net.minecraft.world.level.storage.loot.LootPool$Serializer.deserialize(LootPool.java:192) ~[server-1.20.1-20230612.114412-srg.jar%23775!/:?]
	at net.minecraft.world.level.storage.loot.LootPool$Serializer.deserialize(LootPool.java:189) ~[server-1.20.1-20230612.114412-srg.jar%23775!/:?]
	at com.google.gson.internal.bind.TreeTypeAdapter.read(TreeTypeAdapter.java:76) ~[gson-2.10.jar%2370!/:?]
	at com.google.gson.internal.bind.TypeAdapterRuntimeTypeWrapper.read(TypeAdapterRuntimeTypeWrapper.java:40) ~[gson-2.10.jar%2370!/:?]
	at com.google.gson.internal.bind.ArrayTypeAdapter.read(ArrayTypeAdapter.java:72) ~[gson-2.10.jar%2370!/:?]
	at com.google.gson.Gson.fromJson(Gson.java:1214) ~[gson-2.10.jar%2370!/:?]
	at com.google.gson.Gson.fromJson(Gson.java:1319) ~[gson-2.10.jar%2370!/:?]
	at com.google.gson.Gson.fromJson(Gson.java:1290) ~[gson-2.10.jar%2370!/:?]
	at com.google.gson.internal.bind.TreeTypeAdapter$GsonContextImpl.deserialize(TreeTypeAdapter.java:179) ~[gson-2.10.jar%2370!/:?]
	at net.minecraft.util.GsonHelper.m_13808_(GsonHelper.java:463) ~[server-1.20.1-20230612.114412-srg.jar%23775!/:?]
	at net.minecraft.util.GsonHelper.m_13845_(GsonHelper.java:481) ~[server-1.20.1-20230612.114412-srg.jar%23775!/:?]
	at net.minecraft.world.level.storage.loot.LootTable$Serializer.deserialize(LootTable.java:294) ~[server-1.20.1-20230612.114412-srg.jar%23775!/:?]
	at net.minecraft.world.level.storage.loot.LootTable$Serializer.deserialize(LootTable.java:291) ~[server-1.20.1-20230612.114412-srg.jar%23775!/:?]
	at com.google.gson.internal.bind.TreeTypeAdapter.read(TreeTypeAdapter.java:76) ~[gson-2.10.jar%2370!/:?]
	at com.google.gson.Gson.fromJson(Gson.java:1214) ~[gson-2.10.jar%2370!/:?]
	at com.google.gson.Gson.fromJson(Gson.java:1319) ~[gson-2.10.jar%2370!/:?]
	at com.google.gson.Gson.fromJson(Gson.java:1261) ~[gson-2.10.jar%2370!/:?]
	at net.minecraftforge.common.ForgeHooks.loadLootTable(ForgeHooks.java:872) ~[forge-1.20.1-47.4.20-universal.jar%23780!/:?]
	at net.minecraftforge.common.ForgeHooks.lambda$getLootTableDeserializer$3(ForgeHooks.java:849) ~[forge-1.20.1-47.4.20-universal.jar%23780!/:?]
	at net.minecraft.world.level.storage.loot.LootDataType.deserialize(LootDataType.java:45) ~[server-1.20.1-20230612.114412-srg.jar%23775!/:?]
	at net.minecraft.world.level.storage.loot.LootDataManager.lambda$scheduleElementParse$4(LootDataManager.java:56) ~[server-1.20.1-20230612.114412-srg.jar%23775!/:?]
	at java.util.HashMap.forEach(HashMap.java:1421) ~[?:?]
	at net.minecraft.world.level.storage.loot.LootDataManager.m_278660_(LootDataManager.java:55) ~[server-1.20.1-20230612.114412-srg.jar%23775!/:?]
	at java.util.concurrent.CompletableFuture$AsyncRun.run(CompletableFuture.java:1804) ~[?:?]
	at java.util.concurrent.CompletableFuture$AsyncRun.exec(CompletableFuture.java:1796) ~[?:?]
	at java.util.concurrent.ForkJoinTask.doExec(ForkJoinTask.java:373) ~[?:?]
	at java.util.concurrent.ForkJoinPool$WorkQueue.topLevelExec(ForkJoinPool.java:1182) ~[?:?]
	at java.util.concurrent.ForkJoinPool.scan(ForkJoinPool.java:1655) ~[?:?]
	at java.util.concurrent.ForkJoinPool.runWorker(ForkJoinPool.java:1622) ~[?:?]
	at java.util.concurrent.ForkJoinWorkerThread.run(ForkJoinWorkerThread.java:165) ~[?:?]
[11May2026 19:17:54.378] [Worker-Main-2/ERROR] [net.minecraftforge.common.ForgeHooks/]: Couldn't parse element loot_tables:adorable_eggs:blocks/armadillo_egg
com.google.gson.JsonSyntaxException: Expected name to be an item, was unknown string 'minecraft:armadillo_spawn_egg'
	at net.minecraft.util.GsonHelper.m_13866_(GsonHelper.java:145) ~[server-1.20.1-20230612.114412-srg.jar%23775!/:?]
	at java.util.Optional.orElseThrow(Optional.java:403) ~[?:?]
	at net.minecraft.util.GsonHelper.m_13874_(GsonHelper.java:145) ~[server-1.20.1-20230612.114412-srg.jar%23775!/:?]
	at net.minecraft.util.GsonHelper.m_13909_(GsonHelper.java:153) ~[server-1.20.1-20230612.114412-srg.jar%23775!/:?]
	at net.minecraft.world.level.storage.loot.entries.LootItem$Serializer.m_7267_(LootItem.java:55) ~[server-1.20.1-20230612.114412-srg.jar%23775!/:?]
	at net.minecraft.world.level.storage.loot.entries.LootItem$Serializer.m_7267_(LootItem.java:40) ~[server-1.20.1-20230612.114412-srg.jar%23775!/:?]
	at net.minecraft.world.level.storage.loot.entries.LootPoolSingletonContainer$Serializer.m_5921_(LootPoolSingletonContainer.java:151) ~[server-1.20.1-20230612.114412-srg.jar%23775!/:?]
	at net.minecraft.world.level.storage.loot.entries.LootPoolSingletonContainer$Serializer.m_5921_(LootPoolSingletonContainer.java:129) ~[server-1.20.1-20230612.114412-srg.jar%23775!/:?]
	at net.minecraft.world.level.storage.loot.entries.LootPoolEntryContainer$Serializer.m_7561_(LootPoolEntryContainer.java:86) ~[server-1.20.1-20230612.114412-srg.jar%23775!/:?]
	at net.minecraft.world.level.storage.loot.entries.LootPoolEntryContainer$Serializer.m_7561_(LootPoolEntryContainer.java:74) ~[server-1.20.1-20230612.114412-srg.jar%23775!/:?]
	at net.minecraft.world.level.storage.loot.GsonAdapterFactory$JsonAdapter.deserialize(GsonAdapterFactory.java:102) ~[server-1.20.1-20230612.114412-srg.jar%23775!/:?]
	at com.google.gson.internal.bind.TreeTypeAdapter.read(TreeTypeAdapter.java:76) ~[gson-2.10.jar%2370!/:?]
	at com.google.gson.internal.bind.TypeAdapterRuntimeTypeWrapper.read(TypeAdapterRuntimeTypeWrapper.java:40) ~[gson-2.10.jar%2370!/:?]
	at com.google.gson.internal.bind.ArrayTypeAdapter.read(ArrayTypeAdapter.java:72) ~[gson-2.10.jar%2370!/:?]
	at com.google.gson.Gson.fromJson(Gson.java:1214) ~[gson-2.10.jar%2370!/:?]
	at com.google.gson.Gson.fromJson(Gson.java:1319) ~[gson-2.10.jar%2370!/:?]
	at com.google.gson.Gson.fromJson(Gson.java:1290) ~[gson-2.10.jar%2370!/:?]
	at com.google.gson.internal.bind.TreeTypeAdapter$GsonContextImpl.deserialize(TreeTypeAdapter.java:179) ~[gson-2.10.jar%2370!/:?]
	at net.minecraft.util.GsonHelper.m_13808_(GsonHelper.java:463) ~[server-1.20.1-20230612.114412-srg.jar%23775!/:?]
	at net.minecraft.util.GsonHelper.m_13836_(GsonHelper.java:471) ~[server-1.20.1-20230612.114412-srg.jar%23775!/:?]
	at net.minecraft.world.level.storage.loot.LootPool$Serializer.deserialize(LootPool.java:192) ~[server-1.20.1-20230612.114412-srg.jar%23775!/:?]
	at net.minecraft.world.level.storage.loot.LootPool$Serializer.deserialize(LootPool.java:189) ~[server-1.20.1-20230612.114412-srg.jar%23775!/:?]
	at com.google.gson.internal.bind.TreeTypeAdapter.read(TreeTypeAdapter.java:76) ~[gson-2.10.jar%2370!/:?]
	at com.google.gson.internal.bind.TypeAdapterRuntimeTypeWrapper.read(TypeAdapterRuntimeTypeWrapper.java:40) ~[gson-2.10.jar%2370!/:?]
	at com.google.gson.internal.bind.ArrayTypeAdapter.read(ArrayTypeAdapter.java:72) ~[gson-2.10.jar%2370!/:?]
	at com.google.gson.Gson.fromJson(Gson.java:1214) ~[gson-2.10.jar%2370!/:?]
	at com.google.gson.Gson.fromJson(Gson.java:1319) ~[gson-2.10.jar%2370!/:?]
	at com.google.gson.Gson.fromJson(Gson.java:1290) ~[gson-2.10.jar%2370!/:?]
	at com.google.gson.internal.bind.TreeTypeAdapter$GsonContextImpl.deserialize(TreeTypeAdapter.java:179) ~[gson-2.10.jar%2370!/:?]
	at net.minecraft.util.GsonHelper.m_13808_(GsonHelper.java:463) ~[server-1.20.1-20230612.114412-srg.jar%23775!/:?]
	at net.minecraft.util.GsonHelper.m_13845_(GsonHelper.java:481) ~[server-1.20.1-20230612.114412-srg.jar%23775!/:?]
	at net.minecraft.world.level.storage.loot.LootTable$Serializer.deserialize(LootTable.java:294) ~[server-1.20.1-20230612.114412-srg.jar%23775!/:?]
	at net.minecraft.world.level.storage.loot.LootTable$Serializer.deserialize(LootTable.java:291) ~[server-1.20.1-20230612.114412-srg.jar%23775!/:?]
	at com.google.gson.internal.bind.TreeTypeAdapter.read(TreeTypeAdapter.java:76) ~[gson-2.10.jar%2370!/:?]
	at com.google.gson.Gson.fromJson(Gson.java:1214) ~[gson-2.10.jar%2370!/:?]
	at com.google.gson.Gson.fromJson(Gson.java:1319) ~[gson-2.10.jar%2370!/:?]
	at com.google.gson.Gson.fromJson(Gson.java:1261) ~[gson-2.10.jar%2370!/:?]
	at net.minecraftforge.common.ForgeHooks.loadLootTable(ForgeHooks.java:872) ~[forge-1.20.1-47.4.20-universal.jar%23780!/:?]
	at net.minecraftforge.common.ForgeHooks.lambda$getLootTableDeserializer$3(ForgeHooks.java:849) ~[forge-1.20.1-47.4.20-universal.jar%23780!/:?]
	at net.minecraft.world.level.storage.loot.LootDataType.deserialize(LootDataType.java:45) ~[server-1.20.1-20230612.114412-srg.jar%23775!/:?]
	at net.minecraft.world.level.storage.loot.LootDataManager.lambda$scheduleElementParse$4(LootDataManager.java:56) ~[server-1.20.1-20230612.114412-srg.jar%23775!/:?]
	at java.util.HashMap.forEach(HashMap.java:1421) ~[?:?]
	at net.minecraft.world.level.storage.loot.LootDataManager.m_278660_(LootDataManager.java:55) ~[server-1.20.1-20230612.114412-srg.jar%23775!/:?]
	at java.util.concurrent.CompletableFuture$AsyncRun.run(CompletableFuture.java:1804) ~[?:?]
	at java.util.concurrent.CompletableFuture$AsyncRun.exec(CompletableFuture.java:1796) ~[?:?]
	at java.util.concurrent.ForkJoinTask.doExec(ForkJoinTask.java:373) ~[?:?]
	at java.util.concurrent.ForkJoinPool$WorkQueue.topLevelExec(ForkJoinPool.java:1182) ~[?:?]
	at java.util.concurrent.ForkJoinPool.scan(ForkJoinPool.java:1655) ~[?:?]
	at java.util.concurrent.ForkJoinPool.runWorker(ForkJoinPool.java:1622) ~[?:?]
	at java.util.concurrent.ForkJoinWorkerThread.run(ForkJoinWorkerThread.java:165) ~[?:?]
[11May2026 19:17:54.879] [Worker-Main-2/INFO] [dev.foxgirl.crabclaws.CrabclawsMod/]: Added crab claw loot pool to minecraft:chests/underwater_ruin_big
[11May2026 19:17:54.966] [Worker-Main-2/ERROR] [net.minecraftforge.common.ForgeHooks/]: Couldn't parse element loot_tables:ancient_aether:selectors/aerogetic_vase_loot
com.google.gson.JsonSyntaxException: Expected name to be an item, was unknown string 'ancient_aether:grapes'
	at net.minecraft.util.GsonHelper.m_13866_(GsonHelper.java:145) ~[server-1.20.1-20230612.114412-srg.jar%23775!/:?]
	at java.util.Optional.orElseThrow(Optional.java:403) ~[?:?]
	at net.minecraft.util.GsonHelper.m_13874_(GsonHelper.java:145) ~[server-1.20.1-20230612.114412-srg.jar%23775!/:?]
	at net.minecraft.util.GsonHelper.m_13909_(GsonHelper.java:153) ~[server-1.20.1-20230612.114412-srg.jar%23775!/:?]
	at net.minecraft.world.level.storage.loot.entries.LootItem$Serializer.m_7267_(LootItem.java:55) ~[server-1.20.1-20230612.114412-srg.jar%23775!/:?]
	at net.minecraft.world.level.storage.loot.entries.LootItem$Serializer.m_7267_(LootItem.java:40) ~[server-1.20.1-20230612.114412-srg.jar%23775!/:?]
	at net.minecraft.world.level.storage.loot.entries.LootPoolSingletonContainer$Serializer.m_5921_(LootPoolSingletonContainer.java:151) ~[server-1.20.1-20230612.114412-srg.jar%23775!/:?]
	at net.minecraft.world.level.storage.loot.entries.LootPoolSingletonContainer$Serializer.m_5921_(LootPoolSingletonContainer.java:129) ~[server-1.20.1-20230612.114412-srg.jar%23775!/:?]
	at net.minecraft.world.level.storage.loot.entries.LootPoolEntryContainer$Serializer.m_7561_(LootPoolEntryContainer.java:86) ~[server-1.20.1-20230612.114412-srg.jar%23775!/:?]
	at net.minecraft.world.level.storage.loot.entries.LootPoolEntryContainer$Serializer.m_7561_(LootPoolEntryContainer.java:74) ~[server-1.20.1-20230612.114412-srg.jar%23775!/:?]
	at net.minecraft.world.level.storage.loot.GsonAdapterFactory$JsonAdapter.deserialize(GsonAdapterFactory.java:102) ~[server-1.20.1-20230612.114412-srg.jar%23775!/:?]
	at com.google.gson.internal.bind.TreeTypeAdapter.read(TreeTypeAdapter.java:76) ~[gson-2.10.jar%2370!/:?]
	at com.google.gson.internal.bind.TypeAdapterRuntimeTypeWrapper.read(TypeAdapterRuntimeTypeWrapper.java:40) ~[gson-2.10.jar%2370!/:?]
	at com.google.gson.internal.bind.ArrayTypeAdapter.read(ArrayTypeAdapter.java:72) ~[gson-2.10.jar%2370!/:?]
	at com.google.gson.Gson.fromJson(Gson.java:1214) ~[gson-2.10.jar%2370!/:?]
	at com.google.gson.Gson.fromJson(Gson.java:1319) ~[gson-2.10.jar%2370!/:?]
	at com.google.gson.Gson.fromJson(Gson.java:1290) ~[gson-2.10.jar%2370!/:?]
	at com.google.gson.internal.bind.TreeTypeAdapter$GsonContextImpl.deserialize(TreeTypeAdapter.java:179) ~[gson-2.10.jar%2370!/:?]
	at net.minecraft.util.GsonHelper.m_13808_(GsonHelper.java:463) ~[server-1.20.1-20230612.114412-srg.jar%23775!/:?]
	at net.minecraft.util.GsonHelper.m_13836_(GsonHelper.java:471) ~[server-1.20.1-20230612.114412-srg.jar%23775!/:?]
	at net.minecraft.world.level.storage.loot.LootPool$Serializer.deserialize(LootPool.java:192) ~[server-1.20.1-20230612.114412-srg.jar%23775!/:?]
	at net.minecraft.world.level.storage.loot.LootPool$Serializer.deserialize(LootPool.java:189) ~[server-1.20.1-20230612.114412-srg.jar%23775!/:?]
	at com.google.gson.internal.bind.TreeTypeAdapter.read(TreeTypeAdapter.java:76) ~[gson-2.10.jar%2370!/:?]
	at com.google.gson.internal.bind.TypeAdapterRuntimeTypeWrapper.read(TypeAdapterRuntimeTypeWrapper.java:40) ~[gson-2.10.jar%2370!/:?]
	at com.google.gson.internal.bind.ArrayTypeAdapter.read(ArrayTypeAdapter.java:72) ~[gson-2.10.jar%2370!/:?]
	at com.google.gson.Gson.fromJson(Gson.java:1214) ~[gson-2.10.jar%2370!/:?]
	at com.google.gson.Gson.fromJson(Gson.java:1319) ~[gson-2.10.jar%2370!/:?]
	at com.google.gson.Gson.fromJson(Gson.java:1290) ~[gson-2.10.jar%2370!/:?]
	at com.google.gson.internal.bind.TreeTypeAdapter$GsonContextImpl.deserialize(TreeTypeAdapter.java:179) ~[gson-2.10.jar%2370!/:?]
	at net.minecraft.util.GsonHelper.m_13808_(GsonHelper.java:463) ~[server-1.20.1-20230612.114412-srg.jar%23775!/:?]
	at net.minecraft.util.GsonHelper.m_13845_(GsonHelper.java:481) ~[server-1.20.1-20230612.114412-srg.jar%23775!/:?]
	at net.minecraft.world.level.storage.loot.LootTable$Serializer.deserialize(LootTable.java:294) ~[server-1.20.1-20230612.114412-srg.jar%23775!/:?]
	at net.minecraft.world.level.storage.loot.LootTable$Serializer.deserialize(LootTable.java:291) ~[server-1.20.1-20230612.114412-srg.jar%23775!/:?]
	at com.google.gson.internal.bind.TreeTypeAdapter.read(TreeTypeAdapter.java:76) ~[gson-2.10.jar%2370!/:?]
	at com.google.gson.Gson.fromJson(Gson.java:1214) ~[gson-2.10.jar%2370!/:?]
	at com.google.gson.Gson.fromJson(Gson.java:1319) ~[gson-2.10.jar%2370!/:?]
	at com.google.gson.Gson.fromJson(Gson.java:1261) ~[gson-2.10.jar%2370!/:?]
	at net.minecraftforge.common.ForgeHooks.loadLootTable(ForgeHooks.java:872) ~[forge-1.20.1-47.4.20-universal.jar%23780!/:?]
	at net.minecraftforge.common.ForgeHooks.lambda$getLootTableDeserializer$3(ForgeHooks.java:849) ~[forge-1.20.1-47.4.20-universal.jar%23780!/:?]
	at net.minecraft.world.level.storage.loot.LootDataType.deserialize(LootDataType.java:45) ~[server-1.20.1-20230612.114412-srg.jar%23775!/:?]
	at net.minecraft.world.level.storage.loot.LootDataManager.lambda$scheduleElementParse$4(LootDataManager.java:56) ~[server-1.20.1-20230612.114412-srg.jar%23775!/:?]
	at java.util.HashMap.forEach(HashMap.java:1421) ~[?:?]
	at net.minecraft.world.level.storage.loot.LootDataManager.m_278660_(LootDataManager.java:55) ~[server-1.20.1-20230612.114412-srg.jar%23775!/:?]
	at java.util.concurrent.CompletableFuture$AsyncRun.run(CompletableFuture.java:1804) ~[?:?]
	at java.util.concurrent.CompletableFuture$AsyncRun.exec(CompletableFuture.java:1796) ~[?:?]
	at java.util.concurrent.ForkJoinTask.doExec(ForkJoinTask.java:373) ~[?:?]
	at java.util.concurrent.ForkJoinPool$WorkQueue.topLevelExec(ForkJoinPool.java:1182) ~[?:?]
	at java.util.concurrent.ForkJoinPool.scan(ForkJoinPool.java:1655) ~[?:?]
	at java.util.concurrent.ForkJoinPool.runWorker(ForkJoinPool.java:1622) ~[?:?]
	at java.util.concurrent.ForkJoinWorkerThread.run(ForkJoinWorkerThread.java:165) ~[?:?]
[11May2026 19:17:55.063] [Worker-Main-2/INFO] [Spartan Weaponry/]: Adding Longbow and Heavy Crossbow related loot to the Village Fletcher Loot Table!
[11May2026 19:17:55.134] [Worker-Main-2/ERROR] [net.minecraftforge.common.ForgeHooks/]: Couldn't parse element loot_tables:adorable_eggs:blocks/breeze_egg
com.google.gson.JsonSyntaxException: Expected name to be an item, was unknown string 'minecraft:breeze_spawn_egg'
	at net.minecraft.util.GsonHelper.m_13866_(GsonHelper.java:145) ~[server-1.20.1-20230612.114412-srg.jar%23775!/:?]
	at java.util.Optional.orElseThrow(Optional.java:403) ~[?:?]
	at net.minecraft.util.GsonHelper.m_13874_(GsonHelper.java:145) ~[server-1.20.1-20230612.114412-srg.jar%23775!/:?]
	at net.minecraft.util.GsonHelper.m_13909_(GsonHelper.java:153) ~[server-1.20.1-20230612.114412-srg.jar%23775!/:?]
	at net.minecraft.world.level.storage.loot.entries.LootItem$Serializer.m_7267_(LootItem.java:55) ~[server-1.20.1-20230612.114412-srg.jar%23775!/:?]
	at net.minecraft.world.level.storage.loot.entries.LootItem$Serializer.m_7267_(LootItem.java:40) ~[server-1.20.1-20230612.114412-srg.jar%23775!/:?]
	at net.minecraft.world.level.storage.loot.entries.LootPoolSingletonContainer$Serializer.m_5921_(LootPoolSingletonContainer.java:151) ~[server-1.20.1-20230612.114412-srg.jar%23775!/:?]
	at net.minecraft.world.level.storage.loot.entries.LootPoolSingletonContainer$Serializer.m_5921_(LootPoolSingletonContainer.java:129) ~[server-1.20.1-20230612.114412-srg.jar%23775!/:?]
	at net.minecraft.world.level.storage.loot.entries.LootPoolEntryContainer$Serializer.m_7561_(LootPoolEntryContainer.java:86) ~[server-1.20.1-20230612.114412-srg.jar%23775!/:?]
	at net.minecraft.world.level.storage.loot.entries.LootPoolEntryContainer$Serializer.m_7561_(LootPoolEntryContainer.java:74) ~[server-1.20.1-20230612.114412-srg.jar%23775!/:?]
	at net.minecraft.world.level.storage.loot.GsonAdapterFactory$JsonAdapter.deserialize(GsonAdapterFactory.java:102) ~[server-1.20.1-20230612.114412-srg.jar%23775!/:?]
	at com.google.gson.internal.bind.TreeTypeAdapter.read(TreeTypeAdapter.java:76) ~[gson-2.10.jar%2370!/:?]
	at com.google.gson.internal.bind.TypeAdapterRuntimeTypeWrapper.read(TypeAdapterRuntimeTypeWrapper.java:40) ~[gson-2.10.jar%2370!/:?]
	at com.google.gson.internal.bind.ArrayTypeAdapter.read(ArrayTypeAdapter.java:72) ~[gson-2.10.jar%2370!/:?]
	at com.google.gson.Gson.fromJson(Gson.java:1214) ~[gson-2.10.jar%2370!/:?]
	at com.google.gson.Gson.fromJson(Gson.java:1319) ~[gson-2.10.jar%2370!/:?]
	at com.google.gson.Gson.fromJson(Gson.java:1290) ~[gson-2.10.jar%2370!/:?]
	at com.google.gson.internal.bind.TreeTypeAdapter$GsonContextImpl.deserialize(TreeTypeAdapter.java:179) ~[gson-2.10.jar%2370!/:?]
	at net.minecraft.util.GsonHelper.m_13808_(GsonHelper.java:463) ~[server-1.20.1-20230612.114412-srg.jar%23775!/:?]
	at net.minecraft.util.GsonHelper.m_13836_(GsonHelper.java:471) ~[server-1.20.1-20230612.114412-srg.jar%23775!/:?]
	at net.minecraft.world.level.storage.loot.LootPool$Serializer.deserialize(LootPool.java:192) ~[server-1.20.1-20230612.114412-srg.jar%23775!/:?]
	at net.minecraft.world.level.storage.loot.LootPool$Serializer.deserialize(LootPool.java:189) ~[server-1.20.1-20230612.114412-srg.jar%23775!/:?]
	at com.google.gson.internal.bind.TreeTypeAdapter.read(TreeTypeAdapter.java:76) ~[gson-2.10.jar%2370!/:?]
	at com.google.gson.internal.bind.TypeAdapterRuntimeTypeWrapper.read(TypeAdapterRuntimeTypeWrapper.java:40) ~[gson-2.10.jar%2370!/:?]
	at com.google.gson.internal.bind.ArrayTypeAdapter.read(ArrayTypeAdapter.java:72) ~[gson-2.10.jar%2370!/:?]
	at com.google.gson.Gson.fromJson(Gson.java:1214) ~[gson-2.10.jar%2370!/:?]
	at com.google.gson.Gson.fromJson(Gson.java:1319) ~[gson-2.10.jar%2370!/:?]
	at com.google.gson.Gson.fromJson(Gson.java:1290) ~[gson-2.10.jar%2370!/:?]
	at com.google.gson.internal.bind.TreeTypeAdapter$GsonContextImpl.deserialize(TreeTypeAdapter.java:179) ~[gson-2.10.jar%2370!/:?]
	at net.minecraft.util.GsonHelper.m_13808_(GsonHelper.java:463) ~[server-1.20.1-20230612.114412-srg.jar%23775!/:?]
	at net.minecraft.util.GsonHelper.m_13845_(GsonHelper.java:481) ~[server-1.20.1-20230612.114412-srg.jar%23775!/:?]
	at net.minecraft.world.level.storage.loot.LootTable$Serializer.deserialize(LootTable.java:294) ~[server-1.20.1-20230612.114412-srg.jar%23775!/:?]
	at net.minecraft.world.level.storage.loot.LootTable$Serializer.deserialize(LootTable.java:291) ~[server-1.20.1-20230612.114412-srg.jar%23775!/:?]
	at com.google.gson.internal.bind.TreeTypeAdapter.read(TreeTypeAdapter.java:76) ~[gson-2.10.jar%2370!/:?]
	at com.google.gson.Gson.fromJson(Gson.java:1214) ~[gson-2.10.jar%2370!/:?]
	at com.google.gson.Gson.fromJson(Gson.java:1319) ~[gson-2.10.jar%2370!/:?]
	at com.google.gson.Gson.fromJson(Gson.java:1261) ~[gson-2.10.jar%2370!/:?]
	at net.minecraftforge.common.ForgeHooks.loadLootTable(ForgeHooks.java:872) ~[forge-1.20.1-47.4.20-universal.jar%23780!/:?]
	at net.minecraftforge.common.ForgeHooks.lambda$getLootTableDeserializer$3(ForgeHooks.java:849) ~[forge-1.20.1-47.4.20-universal.jar%23780!/:?]
	at net.minecraft.world.level.storage.loot.LootDataType.deserialize(LootDataType.java:45) ~[server-1.20.1-20230612.114412-srg.jar%23775!/:?]
	at net.minecraft.world.level.storage.loot.LootDataManager.lambda$scheduleElementParse$4(LootDataManager.java:56) ~[server-1.20.1-20230612.114412-srg.jar%23775!/:?]
	at java.util.HashMap.forEach(HashMap.java:1421) ~[?:?]
	at net.minecraft.world.level.storage.loot.LootDataManager.m_278660_(LootDataManager.java:55) ~[server-1.20.1-20230612.114412-srg.jar%23775!/:?]
	at java.util.concurrent.CompletableFuture$AsyncRun.run(CompletableFuture.java:1804) ~[?:?]
	at java.util.concurrent.CompletableFuture$AsyncRun.exec(CompletableFuture.java:1796) ~[?:?]
	at java.util.concurrent.ForkJoinTask.doExec(ForkJoinTask.java:373) ~[?:?]
	at java.util.concurrent.ForkJoinPool$WorkQueue.topLevelExec(ForkJoinPool.java:1182) ~[?:?]
	at java.util.concurrent.ForkJoinPool.scan(ForkJoinPool.java:1655) ~[?:?]
	at java.util.concurrent.ForkJoinPool.runWorker(ForkJoinPool.java:1622) ~[?:?]
	at java.util.concurrent.ForkJoinWorkerThread.run(ForkJoinWorkerThread.java:165) ~[?:?]
[11May2026 19:17:55.276] [Worker-Main-2/ERROR] [net.minecraftforge.common.ForgeHooks/]: Couldn't parse element loot_tables:irons_spellbooks:chests/citadel/citadel_tomes
com.google.gson.JsonSyntaxException: Unknown type 'minecraft:set_written_book_pages'
	at net.minecraft.world.level.storage.loot.GsonAdapterFactory$JsonAdapter.deserialize(GsonAdapterFactory.java:99) ~[server-1.20.1-20230612.114412-srg.jar%23775!/:?]
	at com.google.gson.internal.bind.TreeTypeAdapter.read(TreeTypeAdapter.java:76) ~[gson-2.10.jar%2370!/:?]
	at com.google.gson.internal.bind.TypeAdapterRuntimeTypeWrapper.read(TypeAdapterRuntimeTypeWrapper.java:40) ~[gson-2.10.jar%2370!/:?]
	at com.google.gson.internal.bind.ArrayTypeAdapter.read(ArrayTypeAdapter.java:72) ~[gson-2.10.jar%2370!/:?]
	at com.google.gson.Gson.fromJson(Gson.java:1214) ~[gson-2.10.jar%2370!/:?]
	at com.google.gson.Gson.fromJson(Gson.java:1319) ~[gson-2.10.jar%2370!/:?]
	at com.google.gson.Gson.fromJson(Gson.java:1290) ~[gson-2.10.jar%2370!/:?]
	at com.google.gson.internal.bind.TreeTypeAdapter$GsonContextImpl.deserialize(TreeTypeAdapter.java:179) ~[gson-2.10.jar%2370!/:?]
	at net.minecraft.util.GsonHelper.m_13808_(GsonHelper.java:463) ~[server-1.20.1-20230612.114412-srg.jar%23775!/:?]
	at net.minecraft.util.GsonHelper.m_13845_(GsonHelper.java:481) ~[server-1.20.1-20230612.114412-srg.jar%23775!/:?]
	at net.minecraft.world.level.storage.loot.entries.LootPoolSingletonContainer$Serializer.m_5921_(LootPoolSingletonContainer.java:149) ~[server-1.20.1-20230612.114412-srg.jar%23775!/:?]
	at net.minecraft.world.level.storage.loot.entries.LootPoolSingletonContainer$Serializer.m_5921_(LootPoolSingletonContainer.java:129) ~[server-1.20.1-20230612.114412-srg.jar%23775!/:?]
	at net.minecraft.world.level.storage.loot.entries.LootPoolEntryContainer$Serializer.m_7561_(LootPoolEntryContainer.java:86) ~[server-1.20.1-20230612.114412-srg.jar%23775!/:?]
	at net.minecraft.world.level.storage.loot.entries.LootPoolEntryContainer$Serializer.m_7561_(LootPoolEntryContainer.java:74) ~[server-1.20.1-20230612.114412-srg.jar%23775!/:?]
	at net.minecraft.world.level.storage.loot.GsonAdapterFactory$JsonAdapter.deserialize(GsonAdapterFactory.java:102) ~[server-1.20.1-20230612.114412-srg.jar%23775!/:?]
	at com.google.gson.internal.bind.TreeTypeAdapter.read(TreeTypeAdapter.java:76) ~[gson-2.10.jar%2370!/:?]
	at com.google.gson.internal.bind.TypeAdapterRuntimeTypeWrapper.read(TypeAdapterRuntimeTypeWrapper.java:40) ~[gson-2.10.jar%2370!/:?]
	at com.google.gson.internal.bind.ArrayTypeAdapter.read(ArrayTypeAdapter.java:72) ~[gson-2.10.jar%2370!/:?]
	at com.google.gson.Gson.fromJson(Gson.java:1214) ~[gson-2.10.jar%2370!/:?]
	at com.google.gson.Gson.fromJson(Gson.java:1319) ~[gson-2.10.jar%2370!/:?]
	at com.google.gson.Gson.fromJson(Gson.java:1290) ~[gson-2.10.jar%2370!/:?]
	at com.google.gson.internal.bind.TreeTypeAdapter$GsonContextImpl.deserialize(TreeTypeAdapter.java:179) ~[gson-2.10.jar%2370!/:?]
	at net.minecraft.util.GsonHelper.m_13808_(GsonHelper.java:463) ~[server-1.20.1-20230612.114412-srg.jar%23775!/:?]
	at net.minecraft.util.GsonHelper.m_13836_(GsonHelper.java:471) ~[server-1.20.1-20230612.114412-srg.jar%23775!/:?]
	at net.minecraft.world.level.storage.loot.LootPool$Serializer.deserialize(LootPool.java:192) ~[server-1.20.1-20230612.114412-srg.jar%23775!/:?]
	at net.minecraft.world.level.storage.loot.LootPool$Serializer.deserialize(LootPool.java:189) ~[server-1.20.1-20230612.114412-srg.jar%23775!/:?]
	at com.google.gson.internal.bind.TreeTypeAdapter.read(TreeTypeAdapter.java:76) ~[gson-2.10.jar%2370!/:?]
	at com.google.gson.internal.bind.TypeAdapterRuntimeTypeWrapper.read(TypeAdapterRuntimeTypeWrapper.java:40) ~[gson-2.10.jar%2370!/:?]
	at com.google.gson.internal.bind.ArrayTypeAdapter.read(ArrayTypeAdapter.java:72) ~[gson-2.10.jar%2370!/:?]
	at com.google.gson.Gson.fromJson(Gson.java:1214) ~[gson-2.10.jar%2370!/:?]
	at com.google.gson.Gson.fromJson(Gson.java:1319) ~[gson-2.10.jar%2370!/:?]
	at com.google.gson.Gson.fromJson(Gson.java:1290) ~[gson-2.10.jar%2370!/:?]
	at com.google.gson.internal.bind.TreeTypeAdapter$GsonContextImpl.deserialize(TreeTypeAdapter.java:179) ~[gson-2.10.jar%2370!/:?]
	at net.minecraft.util.GsonHelper.m_13808_(GsonHelper.java:463) ~[server-1.20.1-20230612.114412-srg.jar%23775!/:?]
	at net.minecraft.util.GsonHelper.m_13845_(GsonHelper.java:481) ~[server-1.20.1-20230612.114412-srg.jar%23775!/:?]
	at net.minecraft.world.level.storage.loot.LootTable$Serializer.deserialize(LootTable.java:294) ~[server-1.20.1-20230612.114412-srg.jar%23775!/:?]
	at net.minecraft.world.level.storage.loot.LootTable$Serializer.deserialize(LootTable.java:291) ~[server-1.20.1-20230612.114412-srg.jar%23775!/:?]
	at com.google.gson.internal.bind.TreeTypeAdapter.read(TreeTypeAdapter.java:76) ~[gson-2.10.jar%2370!/:?]
	at com.google.gson.Gson.fromJson(Gson.java:1214) ~[gson-2.10.jar%2370!/:?]
	at com.google.gson.Gson.fromJson(Gson.java:1319) ~[gson-2.10.jar%2370!/:?]
	at com.google.gson.Gson.fromJson(Gson.java:1261) ~[gson-2.10.jar%2370!/:?]
	at net.minecraftforge.common.ForgeHooks.loadLootTable(ForgeHooks.java:872) ~[forge-1.20.1-47.4.20-universal.jar%23780!/:?]
	at net.minecraftforge.common.ForgeHooks.lambda$getLootTableDeserializer$3(ForgeHooks.java:849) ~[forge-1.20.1-47.4.20-universal.jar%23780!/:?]
	at net.minecraft.world.level.storage.loot.LootDataType.deserialize(LootDataType.java:45) ~[server-1.20.1-20230612.114412-srg.jar%23775!/:?]
	at net.minecraft.world.level.storage.loot.LootDataManager.lambda$scheduleElementParse$4(LootDataManager.java:56) ~[server-1.20.1-20230612.114412-srg.jar%23775!/:?]
	at java.util.HashMap.forEach(HashMap.java:1421) ~[?:?]
	at net.minecraft.world.level.storage.loot.LootDataManager.m_278660_(LootDataManager.java:55) ~[server-1.20.1-20230612.114412-srg.jar%23775!/:?]
	at java.util.concurrent.CompletableFuture$AsyncRun.run(CompletableFuture.java:1804) ~[?:?]
	at java.util.concurrent.CompletableFuture$AsyncRun.exec(CompletableFuture.java:1796) ~[?:?]
	at java.util.concurrent.ForkJoinTask.doExec(ForkJoinTask.java:373) ~[?:?]
	at java.util.concurrent.ForkJoinPool$WorkQueue.topLevelExec(ForkJoinPool.java:1182) ~[?:?]
	at java.util.concurrent.ForkJoinPool.scan(ForkJoinPool.java:1655) ~[?:?]
	at java.util.concurrent.ForkJoinPool.runWorker(ForkJoinPool.java:1622) ~[?:?]
	at java.util.concurrent.ForkJoinWorkerThread.run(ForkJoinWorkerThread.java:165) ~[?:?]
[11May2026 19:17:55.312] [Worker-Main-2/ERROR] [net.minecraftforge.common.ForgeHooks/]: Couldn't parse element loot_tables:outer_end:blocks/stripped_azure_post
com.google.gson.JsonSyntaxException: Expected name to be an item, was unknown string 'outer_end:stripped_azure_post'
	at net.minecraft.util.GsonHelper.m_13866_(GsonHelper.java:145) ~[server-1.20.1-20230612.114412-srg.jar%23775!/:?]
	at java.util.Optional.orElseThrow(Optional.java:403) ~[?:?]
	at net.minecraft.util.GsonHelper.m_13874_(GsonHelper.java:145) ~[server-1.20.1-20230612.114412-srg.jar%23775!/:?]
	at net.minecraft.util.GsonHelper.m_13909_(GsonHelper.java:153) ~[server-1.20.1-20230612.114412-srg.jar%23775!/:?]
	at net.minecraft.world.level.storage.loot.entries.LootItem$Serializer.m_7267_(LootItem.java:55) ~[server-1.20.1-20230612.114412-srg.jar%23775!/:?]
	at net.minecraft.world.level.storage.loot.entries.LootItem$Serializer.m_7267_(LootItem.java:40) ~[server-1.20.1-20230612.114412-srg.jar%23775!/:?]
	at net.minecraft.world.level.storage.loot.entries.LootPoolSingletonContainer$Serializer.m_5921_(LootPoolSingletonContainer.java:151) ~[server-1.20.1-20230612.114412-srg.jar%23775!/:?]
	at net.minecraft.world.level.storage.loot.entries.LootPoolSingletonContainer$Serializer.m_5921_(LootPoolSingletonContainer.java:129) ~[server-1.20.1-20230612.114412-srg.jar%23775!/:?]
	at net.minecraft.world.level.storage.loot.entries.LootPoolEntryContainer$Serializer.m_7561_(LootPoolEntryContainer.java:86) ~[server-1.20.1-20230612.114412-srg.jar%23775!/:?]
	at net.minecraft.world.level.storage.loot.entries.LootPoolEntryContainer$Serializer.m_7561_(LootPoolEntryContainer.java:74) ~[server-1.20.1-20230612.114412-srg.jar%23775!/:?]
	at net.minecraft.world.level.storage.loot.GsonAdapterFactory$JsonAdapter.deserialize(GsonAdapterFactory.java:102) ~[server-1.20.1-20230612.114412-srg.jar%23775!/:?]
	at com.google.gson.internal.bind.TreeTypeAdapter.read(TreeTypeAdapter.java:76) ~[gson-2.10.jar%2370!/:?]
	at com.google.gson.internal.bind.TypeAdapterRuntimeTypeWrapper.read(TypeAdapterRuntimeTypeWrapper.java:40) ~[gson-2.10.jar%2370!/:?]
	at com.google.gson.internal.bind.ArrayTypeAdapter.read(ArrayTypeAdapter.java:72) ~[gson-2.10.jar%2370!/:?]
	at com.google.gson.Gson.fromJson(Gson.java:1214) ~[gson-2.10.jar%2370!/:?]
	at com.google.gson.Gson.fromJson(Gson.java:1319) ~[gson-2.10.jar%2370!/:?]
	at com.google.gson.Gson.fromJson(Gson.java:1290) ~[gson-2.10.jar%2370!/:?]
	at com.google.gson.internal.bind.TreeTypeAdapter$GsonContextImpl.deserialize(TreeTypeAdapter.java:179) ~[gson-2.10.jar%2370!/:?]
	at net.minecraft.util.GsonHelper.m_13808_(GsonHelper.java:463) ~[server-1.20.1-20230612.114412-srg.jar%23775!/:?]
	at net.minecraft.util.GsonHelper.m_13836_(GsonHelper.java:471) ~[server-1.20.1-20230612.114412-srg.jar%23775!/:?]
	at net.minecraft.world.level.storage.loot.LootPool$Serializer.deserialize(LootPool.java:192) ~[server-1.20.1-20230612.114412-srg.jar%23775!/:?]
	at net.minecraft.world.level.storage.loot.LootPool$Serializer.deserialize(LootPool.java:189) ~[server-1.20.1-20230612.114412-srg.jar%23775!/:?]
	at com.google.gson.internal.bind.TreeTypeAdapter.read(TreeTypeAdapter.java:76) ~[gson-2.10.jar%2370!/:?]
	at com.google.gson.internal.bind.TypeAdapterRuntimeTypeWrapper.read(TypeAdapterRuntimeTypeWrapper.java:40) ~[gson-2.10.jar%2370!/:?]
	at com.google.gson.internal.bind.ArrayTypeAdapter.read(ArrayTypeAdapter.java:72) ~[gson-2.10.jar%2370!/:?]
	at com.google.gson.Gson.fromJson(Gson.java:1214) ~[gson-2.10.jar%2370!/:?]
	at com.google.gson.Gson.fromJson(Gson.java:1319) ~[gson-2.10.jar%2370!/:?]
	at com.google.gson.Gson.fromJson(Gson.java:1290) ~[gson-2.10.jar%2370!/:?]
	at com.google.gson.internal.bind.TreeTypeAdapter$GsonContextImpl.deserialize(TreeTypeAdapter.java:179) ~[gson-2.10.jar%2370!/:?]
	at net.minecraft.util.GsonHelper.m_13808_(GsonHelper.java:463) ~[server-1.20.1-20230612.114412-srg.jar%23775!/:?]
	at net.minecraft.util.GsonHelper.m_13845_(GsonHelper.java:481) ~[server-1.20.1-20230612.114412-srg.jar%23775!/:?]
	at net.minecraft.world.level.storage.loot.LootTable$Serializer.deserialize(LootTable.java:294) ~[server-1.20.1-20230612.114412-srg.jar%23775!/:?]
	at net.minecraft.world.level.storage.loot.LootTable$Serializer.deserialize(LootTable.java:291) ~[server-1.20.1-20230612.114412-srg.jar%23775!/:?]
	at com.google.gson.internal.bind.TreeTypeAdapter.read(TreeTypeAdapter.java:76) ~[gson-2.10.jar%2370!/:?]
	at com.google.gson.Gson.fromJson(Gson.java:1214) ~[gson-2.10.jar%2370!/:?]
	at com.google.gson.Gson.fromJson(Gson.java:1319) ~[gson-2.10.jar%2370!/:?]
	at com.google.gson.Gson.fromJson(Gson.java:1261) ~[gson-2.10.jar%2370!/:?]
	at net.minecraftforge.common.ForgeHooks.loadLootTable(ForgeHooks.java:872) ~[forge-1.20.1-47.4.20-universal.jar%23780!/:?]
	at net.minecraftforge.common.ForgeHooks.lambda$getLootTableDeserializer$3(ForgeHooks.java:849) ~[forge-1.20.1-47.4.20-universal.jar%23780!/:?]
	at net.minecraft.world.level.storage.loot.LootDataType.deserialize(LootDataType.java:45) ~[server-1.20.1-20230612.114412-srg.jar%23775!/:?]
	at net.minecraft.world.level.storage.loot.LootDataManager.lambda$scheduleElementParse$4(LootDataManager.java:56) ~[server-1.20.1-20230612.114412-srg.jar%23775!/:?]
	at java.util.HashMap.forEach(HashMap.java:1421) ~[?:?]
	at net.minecraft.world.level.storage.loot.LootDataManager.m_278660_(LootDataManager.java:55) ~[server-1.20.1-20230612.114412-srg.jar%23775!/:?]
	at java.util.concurrent.CompletableFuture$AsyncRun.run(CompletableFuture.java:1804) ~[?:?]
	at java.util.concurrent.CompletableFuture$AsyncRun.exec(CompletableFuture.java:1796) ~[?:?]
	at java.util.concurrent.ForkJoinTask.doExec(ForkJoinTask.java:373) ~[?:?]
	at java.util.concurrent.ForkJoinPool$WorkQueue.topLevelExec(ForkJoinPool.java:1182) ~[?:?]
	at java.util.concurrent.ForkJoinPool.scan(ForkJoinPool.java:1655) ~[?:?]
	at java.util.concurrent.ForkJoinPool.runWorker(ForkJoinPool.java:1622) ~[?:?]
	at java.util.concurrent.ForkJoinWorkerThread.run(ForkJoinWorkerThread.java:165) ~[?:?]
[11May2026 19:17:55.372] [Worker-Main-2/ERROR] [net.minecraftforge.common.ForgeHooks/]: Couldn't parse element loot_tables:adorable_eggs:blocks/bogged_egg
com.google.gson.JsonSyntaxException: Expected name to be an item, was unknown string 'minecraft:bogged_spawn_egg'
	at net.minecraft.util.GsonHelper.m_13866_(GsonHelper.java:145) ~[server-1.20.1-20230612.114412-srg.jar%23775!/:?]
	at java.util.Optional.orElseThrow(Optional.java:403) ~[?:?]
	at net.minecraft.util.GsonHelper.m_13874_(GsonHelper.java:145) ~[server-1.20.1-20230612.114412-srg.jar%23775!/:?]
	at net.minecraft.util.GsonHelper.m_13909_(GsonHelper.java:153) ~[server-1.20.1-20230612.114412-srg.jar%23775!/:?]
	at net.minecraft.world.level.storage.loot.entries.LootItem$Serializer.m_7267_(LootItem.java:55) ~[server-1.20.1-20230612.114412-srg.jar%23775!/:?]
	at net.minecraft.world.level.storage.loot.entries.LootItem$Serializer.m_7267_(LootItem.java:40) ~[server-1.20.1-20230612.114412-srg.jar%23775!/:?]
	at net.minecraft.world.level.storage.loot.entries.LootPoolSingletonContainer$Serializer.m_5921_(LootPoolSingletonContainer.java:151) ~[server-1.20.1-20230612.114412-srg.jar%23775!/:?]
	at net.minecraft.world.level.storage.loot.entries.LootPoolSingletonContainer$Serializer.m_5921_(LootPoolSingletonContainer.java:129) ~[server-1.20.1-20230612.114412-srg.jar%23775!/:?]
	at net.minecraft.world.level.storage.loot.entries.LootPoolEntryContainer$Serializer.m_7561_(LootPoolEntryContainer.java:86) ~[server-1.20.1-20230612.114412-srg.jar%23775!/:?]
	at net.minecraft.world.level.storage.loot.entries.LootPoolEntryContainer$Serializer.m_7561_(LootPoolEntryContainer.java:74) ~[server-1.20.1-20230612.114412-srg.jar%23775!/:?]
	at net.minecraft.world.level.storage.loot.GsonAdapterFactory$JsonAdapter.deserialize(GsonAdapterFactory.java:102) ~[server-1.20.1-20230612.114412-srg.jar%23775!/:?]
	at com.google.gson.internal.bind.TreeTypeAdapter.read(TreeTypeAdapter.java:76) ~[gson-2.10.jar%2370!/:?]
	at com.google.gson.internal.bind.TypeAdapterRuntimeTypeWrapper.read(TypeAdapterRuntimeTypeWrapper.java:40) ~[gson-2.10.jar%2370!/:?]
	at com.google.gson.internal.bind.ArrayTypeAdapter.read(ArrayTypeAdapter.java:72) ~[gson-2.10.jar%2370!/:?]
	at com.google.gson.Gson.fromJson(Gson.java:1214) ~[gson-2.10.jar%2370!/:?]
	at com.google.gson.Gson.fromJson(Gson.java:1319) ~[gson-2.10.jar%2370!/:?]
	at com.google.gson.Gson.fromJson(Gson.java:1290) ~[gson-2.10.jar%2370!/:?]
	at com.google.gson.internal.bind.TreeTypeAdapter$GsonContextImpl.deserialize(TreeTypeAdapter.java:179) ~[gson-2.10.jar%2370!/:?]
	at net.minecraft.util.GsonHelper.m_13808_(GsonHelper.java:463) ~[server-1.20.1-20230612.114412-srg.jar%23775!/:?]
	at net.minecraft.util.GsonHelper.m_13836_(GsonHelper.java:471) ~[server-1.20.1-20230612.114412-srg.jar%23775!/:?]
	at net.minecraft.world.level.storage.loot.LootPool$Serializer.deserialize(LootPool.java:192) ~[server-1.20.1-20230612.114412-srg.jar%23775!/:?]
	at net.minecraft.world.level.storage.loot.LootPool$Serializer.deserialize(LootPool.java:189) ~[server-1.20.1-20230612.114412-srg.jar%23775!/:?]
	at com.google.gson.internal.bind.TreeTypeAdapter.read(TreeTypeAdapter.java:76) ~[gson-2.10.jar%2370!/:?]
	at com.google.gson.internal.bind.TypeAdapterRuntimeTypeWrapper.read(TypeAdapterRuntimeTypeWrapper.java:40) ~[gson-2.10.jar%2370!/:?]
	at com.google.gson.internal.bind.ArrayTypeAdapter.read(ArrayTypeAdapter.java:72) ~[gson-2.10.jar%2370!/:?]
	at com.google.gson.Gson.fromJson(Gson.java:1214) ~[gson-2.10.jar%2370!/:?]
	at com.google.gson.Gson.fromJson(Gson.java:1319) ~[gson-2.10.jar%2370!/:?]
	at com.google.gson.Gson.fromJson(Gson.java:1290) ~[gson-2.10.jar%2370!/:?]
	at com.google.gson.internal.bind.TreeTypeAdapter$GsonContextImpl.deserialize(TreeTypeAdapter.java:179) ~[gson-2.10.jar%2370!/:?]
	at net.minecraft.util.GsonHelper.m_13808_(GsonHelper.java:463) ~[server-1.20.1-20230612.114412-srg.jar%23775!/:?]
	at net.minecraft.util.GsonHelper.m_13845_(GsonHelper.java:481) ~[server-1.20.1-20230612.114412-srg.jar%23775!/:?]
	at net.minecraft.world.level.storage.loot.LootTable$Serializer.deserialize(LootTable.java:294) ~[server-1.20.1-20230612.114412-srg.jar%23775!/:?]
	at net.minecraft.world.level.storage.loot.LootTable$Serializer.deserialize(LootTable.java:291) ~[server-1.20.1-20230612.114412-srg.jar%23775!/:?]
	at com.google.gson.internal.bind.TreeTypeAdapter.read(TreeTypeAdapter.java:76) ~[gson-2.10.jar%2370!/:?]
	at com.google.gson.Gson.fromJson(Gson.java:1214) ~[gson-2.10.jar%2370!/:?]
	at com.google.gson.Gson.fromJson(Gson.java:1319) ~[gson-2.10.jar%2370!/:?]
	at com.google.gson.Gson.fromJson(Gson.java:1261) ~[gson-2.10.jar%2370!/:?]
	at net.minecraftforge.common.ForgeHooks.loadLootTable(ForgeHooks.java:872) ~[forge-1.20.1-47.4.20-universal.jar%23780!/:?]
	at net.minecraftforge.common.ForgeHooks.lambda$getLootTableDeserializer$3(ForgeHooks.java:849) ~[forge-1.20.1-47.4.20-universal.jar%23780!/:?]
	at net.minecraft.world.level.storage.loot.LootDataType.deserialize(LootDataType.java:45) ~[server-1.20.1-20230612.114412-srg.jar%23775!/:?]
	at net.minecraft.world.level.storage.loot.LootDataManager.lambda$scheduleElementParse$4(LootDataManager.java:56) ~[server-1.20.1-20230612.114412-srg.jar%23775!/:?]
	at java.util.HashMap.forEach(HashMap.java:1421) ~[?:?]
	at net.minecraft.world.level.storage.loot.LootDataManager.m_278660_(LootDataManager.java:55) ~[server-1.20.1-20230612.114412-srg.jar%23775!/:?]
	at java.util.concurrent.CompletableFuture$AsyncRun.run(CompletableFuture.java:1804) ~[?:?]
	at java.util.concurrent.CompletableFuture$AsyncRun.exec(CompletableFuture.java:1796) ~[?:?]
	at java.util.concurrent.ForkJoinTask.doExec(ForkJoinTask.java:373) ~[?:?]
	at java.util.concurrent.ForkJoinPool$WorkQueue.topLevelExec(ForkJoinPool.java:1182) ~[?:?]
	at java.util.concurrent.ForkJoinPool.scan(ForkJoinPool.java:1655) ~[?:?]
	at java.util.concurrent.ForkJoinPool.runWorker(ForkJoinPool.java:1622) ~[?:?]
	at java.util.concurrent.ForkJoinWorkerThread.run(ForkJoinWorkerThread.java:165) ~[?:?]
[11May2026 19:17:55.587] [Worker-Main-2/ERROR] [net.minecraftforge.common.ForgeHooks/]: Couldn't parse element loot_tables:outer_end:blocks/himmel_vertical_slab
java.lang.IllegalArgumentException: Can't find block outer_end:himmel_vertical_slab
	at net.minecraft.world.level.storage.loot.predicates.LootItemBlockStatePropertyCondition$Serializer.m_81802_(LootItemBlockStatePropertyCondition.java:79) ~[server-1.20.1-20230612.114412-srg.jar%23775!/:?]
	at java.util.Optional.orElseThrow(Optional.java:403) ~[?:?]
	at net.minecraft.world.level.storage.loot.predicates.LootItemBlockStatePropertyCondition$Serializer.m_7561_(LootItemBlockStatePropertyCondition.java:79) ~[server-1.20.1-20230612.114412-srg.jar%23775!/:?]
	at net.minecraft.world.level.storage.loot.predicates.LootItemBlockStatePropertyCondition$Serializer.m_7561_(LootItemBlockStatePropertyCondition.java:68) ~[server-1.20.1-20230612.114412-srg.jar%23775!/:?]
	at net.minecraft.world.level.storage.loot.GsonAdapterFactory$JsonAdapter.deserialize(GsonAdapterFactory.java:102) ~[server-1.20.1-20230612.114412-srg.jar%23775!/:?]
	at com.google.gson.internal.bind.TreeTypeAdapter.read(TreeTypeAdapter.java:76) ~[gson-2.10.jar%2370!/:?]
	at com.google.gson.internal.bind.TypeAdapterRuntimeTypeWrapper.read(TypeAdapterRuntimeTypeWrapper.java:40) ~[gson-2.10.jar%2370!/:?]
	at com.google.gson.internal.bind.ArrayTypeAdapter.read(ArrayTypeAdapter.java:72) ~[gson-2.10.jar%2370!/:?]
	at com.google.gson.Gson.fromJson(Gson.java:1214) ~[gson-2.10.jar%2370!/:?]
	at com.google.gson.Gson.fromJson(Gson.java:1319) ~[gson-2.10.jar%2370!/:?]
	at com.google.gson.Gson.fromJson(Gson.java:1290) ~[gson-2.10.jar%2370!/:?]
	at com.google.gson.internal.bind.TreeTypeAdapter$GsonContextImpl.deserialize(TreeTypeAdapter.java:179) ~[gson-2.10.jar%2370!/:?]
	at net.minecraft.util.GsonHelper.m_13808_(GsonHelper.java:463) ~[server-1.20.1-20230612.114412-srg.jar%23775!/:?]
	at net.minecraft.util.GsonHelper.m_13845_(GsonHelper.java:481) ~[server-1.20.1-20230612.114412-srg.jar%23775!/:?]
	at net.minecraft.world.level.storage.loot.functions.LootItemConditionalFunction$Serializer.m_7561_(LootItemConditionalFunction.java:98) ~[server-1.20.1-20230612.114412-srg.jar%23775!/:?]
	at net.minecraft.world.level.storage.loot.functions.LootItemConditionalFunction$Serializer.m_7561_(LootItemConditionalFunction.java:88) ~[server-1.20.1-20230612.114412-srg.jar%23775!/:?]
	at net.minecraft.world.level.storage.loot.GsonAdapterFactory$JsonAdapter.deserialize(GsonAdapterFactory.java:102) ~[server-1.20.1-20230612.114412-srg.jar%23775!/:?]
	at com.google.gson.internal.bind.TreeTypeAdapter.read(TreeTypeAdapter.java:76) ~[gson-2.10.jar%2370!/:?]
	at com.google.gson.internal.bind.TypeAdapterRuntimeTypeWrapper.read(TypeAdapterRuntimeTypeWrapper.java:40) ~[gson-2.10.jar%2370!/:?]
	at com.google.gson.internal.bind.ArrayTypeAdapter.read(ArrayTypeAdapter.java:72) ~[gson-2.10.jar%2370!/:?]
	at com.google.gson.Gson.fromJson(Gson.java:1214) ~[gson-2.10.jar%2370!/:?]
	at com.google.gson.Gson.fromJson(Gson.java:1319) ~[gson-2.10.jar%2370!/:?]
	at com.google.gson.Gson.fromJson(Gson.java:1290) ~[gson-2.10.jar%2370!/:?]
	at com.google.gson.internal.bind.TreeTypeAdapter$GsonContextImpl.deserialize(TreeTypeAdapter.java:179) ~[gson-2.10.jar%2370!/:?]
	at net.minecraft.util.GsonHelper.m_13808_(GsonHelper.java:463) ~[server-1.20.1-20230612.114412-srg.jar%23775!/:?]
	at net.minecraft.util.GsonHelper.m_13845_(GsonHelper.java:481) ~[server-1.20.1-20230612.114412-srg.jar%23775!/:?]
	at net.minecraft.world.level.storage.loot.entries.LootPoolSingletonContainer$Serializer.m_5921_(LootPoolSingletonContainer.java:149) ~[server-1.20.1-20230612.114412-srg.jar%23775!/:?]
	at net.minecraft.world.level.storage.loot.entries.LootPoolSingletonContainer$Serializer.m_5921_(LootPoolSingletonContainer.java:129) ~[server-1.20.1-20230612.114412-srg.jar%23775!/:?]
	at net.minecraft.world.level.storage.loot.entries.LootPoolEntryContainer$Serializer.m_7561_(LootPoolEntryContainer.java:86) ~[server-1.20.1-20230612.114412-srg.jar%23775!/:?]
	at net.minecraft.world.level.storage.loot.entries.LootPoolEntryContainer$Serializer.m_7561_(LootPoolEntryContainer.java:74) ~[server-1.20.1-20230612.114412-srg.jar%23775!/:?]
	at net.minecraft.world.level.storage.loot.GsonAdapterFactory$JsonAdapter.deserialize(GsonAdapterFactory.java:102) ~[server-1.20.1-20230612.114412-srg.jar%23775!/:?]
	at com.google.gson.internal.bind.TreeTypeAdapter.read(TreeTypeAdapter.java:76) ~[gson-2.10.jar%2370!/:?]
	at com.google.gson.internal.bind.TypeAdapterRuntimeTypeWrapper.read(TypeAdapterRuntimeTypeWrapper.java:40) ~[gson-2.10.jar%2370!/:?]
	at com.google.gson.internal.bind.ArrayTypeAdapter.read(ArrayTypeAdapter.java:72) ~[gson-2.10.jar%2370!/:?]
	at com.google.gson.Gson.fromJson(Gson.java:1214) ~[gson-2.10.jar%2370!/:?]
	at com.google.gson.Gson.fromJson(Gson.java:1319) ~[gson-2.10.jar%2370!/:?]
	at com.google.gson.Gson.fromJson(Gson.java:1290) ~[gson-2.10.jar%2370!/:?]
	at com.google.gson.internal.bind.TreeTypeAdapter$GsonContextImpl.deserialize(TreeTypeAdapter.java:179) ~[gson-2.10.jar%2370!/:?]
	at net.minecraft.util.GsonHelper.m_13808_(GsonHelper.java:463) ~[server-1.20.1-20230612.114412-srg.jar%23775!/:?]
	at net.minecraft.util.GsonHelper.m_13836_(GsonHelper.java:471) ~[server-1.20.1-20230612.114412-srg.jar%23775!/:?]
	at net.minecraft.world.level.storage.loot.LootPool$Serializer.deserialize(LootPool.java:192) ~[server-1.20.1-20230612.114412-srg.jar%23775!/:?]
	at net.minecraft.world.level.storage.loot.LootPool$Serializer.deserialize(LootPool.java:189) ~[server-1.20.1-20230612.114412-srg.jar%23775!/:?]
	at com.google.gson.internal.bind.TreeTypeAdapter.read(TreeTypeAdapter.java:76) ~[gson-2.10.jar%2370!/:?]
	at com.google.gson.internal.bind.TypeAdapterRuntimeTypeWrapper.read(TypeAdapterRuntimeTypeWrapper.java:40) ~[gson-2.10.jar%2370!/:?]
	at com.google.gson.internal.bind.ArrayTypeAdapter.read(ArrayTypeAdapter.java:72) ~[gson-2.10.jar%2370!/:?]
	at com.google.gson.Gson.fromJson(Gson.java:1214) ~[gson-2.10.jar%2370!/:?]
	at com.google.gson.Gson.fromJson(Gson.java:1319) ~[gson-2.10.jar%2370!/:?]
	at com.google.gson.Gson.fromJson(Gson.java:1290) ~[gson-2.10.jar%2370!/:?]
	at com.google.gson.internal.bind.TreeTypeAdapter$GsonContextImpl.deserialize(TreeTypeAdapter.java:179) ~[gson-2.10.jar%2370!/:?]
	at net.minecraft.util.GsonHelper.m_13808_(GsonHelper.java:463) ~[server-1.20.1-20230612.114412-srg.jar%23775!/:?]
	at net.minecraft.util.GsonHelper.m_13845_(GsonHelper.java:481) ~[server-1.20.1-20230612.114412-srg.jar%23775!/:?]
	at net.minecraft.world.level.storage.loot.LootTable$Serializer.deserialize(LootTable.java:294) ~[server-1.20.1-20230612.114412-srg.jar%23775!/:?]
	at net.minecraft.world.level.storage.loot.LootTable$Serializer.deserialize(LootTable.java:291) ~[server-1.20.1-20230612.114412-srg.jar%23775!/:?]
	at com.google.gson.internal.bind.TreeTypeAdapter.read(TreeTypeAdapter.java:76) ~[gson-2.10.jar%2370!/:?]
	at com.google.gson.Gson.fromJson(Gson.java:1214) ~[gson-2.10.jar%2370!/:?]
	at com.google.gson.Gson.fromJson(Gson.java:1319) ~[gson-2.10.jar%2370!/:?]
	at com.google.gson.Gson.fromJson(Gson.java:1261) ~[gson-2.10.jar%2370!/:?]
	at net.minecraftforge.common.ForgeHooks.loadLootTable(ForgeHooks.java:872) ~[forge-1.20.1-47.4.20-universal.jar%23780!/:?]
	at net.minecraftforge.common.ForgeHooks.lambda$getLootTableDeserializer$3(ForgeHooks.java:849) ~[forge-1.20.1-47.4.20-universal.jar%23780!/:?]
	at net.minecraft.world.level.storage.loot.LootDataType.deserialize(LootDataType.java:45) ~[server-1.20.1-20230612.114412-srg.jar%23775!/:?]
	at net.minecraft.world.level.storage.loot.LootDataManager.lambda$scheduleElementParse$4(LootDataManager.java:56) ~[server-1.20.1-20230612.114412-srg.jar%23775!/:?]
	at java.util.HashMap.forEach(HashMap.java:1421) ~[?:?]
	at net.minecraft.world.level.storage.loot.LootDataManager.m_278660_(LootDataManager.java:55) ~[server-1.20.1-20230612.114412-srg.jar%23775!/:?]
	at java.util.concurrent.CompletableFuture$AsyncRun.run(CompletableFuture.java:1804) ~[?:?]
	at java.util.concurrent.CompletableFuture$AsyncRun.exec(CompletableFuture.java:1796) ~[?:?]
	at java.util.concurrent.ForkJoinTask.doExec(ForkJoinTask.java:373) ~[?:?]
	at java.util.concurrent.ForkJoinPool$WorkQueue.topLevelExec(ForkJoinPool.java:1182) ~[?:?]
	at java.util.concurrent.ForkJoinPool.scan(ForkJoinPool.java:1655) ~[?:?]
	at java.util.concurrent.ForkJoinPool.runWorker(ForkJoinPool.java:1622) ~[?:?]
	at java.util.concurrent.ForkJoinWorkerThread.run(ForkJoinWorkerThread.java:165) ~[?:?]
[11May2026 19:17:55.693] [Worker-Main-2/INFO] [Spartan Weaponry/]: Adding Iron Weapons to the Village Weaponsmith Loot Table!
[11May2026 19:17:55.749] [Worker-Main-2/ERROR] [net.minecraftforge.common.ForgeHooks/]: Couldn't parse element loot_tables:adorable_eggs:blocks/creaking_egg
com.google.gson.JsonSyntaxException: Expected name to be an item, was unknown string 'minecraft:creaking_spawn_egg'
	at net.minecraft.util.GsonHelper.m_13866_(GsonHelper.java:145) ~[server-1.20.1-20230612.114412-srg.jar%23775!/:?]
	at java.util.Optional.orElseThrow(Optional.java:403) ~[?:?]
	at net.minecraft.util.GsonHelper.m_13874_(GsonHelper.java:145) ~[server-1.20.1-20230612.114412-srg.jar%23775!/:?]
	at net.minecraft.util.GsonHelper.m_13909_(GsonHelper.java:153) ~[server-1.20.1-20230612.114412-srg.jar%23775!/:?]
	at net.minecraft.world.level.storage.loot.entries.LootItem$Serializer.m_7267_(LootItem.java:55) ~[server-1.20.1-20230612.114412-srg.jar%23775!/:?]
	at net.minecraft.world.level.storage.loot.entries.LootItem$Serializer.m_7267_(LootItem.java:40) ~[server-1.20.1-20230612.114412-srg.jar%23775!/:?]
	at net.minecraft.world.level.storage.loot.entries.LootPoolSingletonContainer$Serializer.m_5921_(LootPoolSingletonContainer.java:151) ~[server-1.20.1-20230612.114412-srg.jar%23775!/:?]
	at net.minecraft.world.level.storage.loot.entries.LootPoolSingletonContainer$Serializer.m_5921_(LootPoolSingletonContainer.java:129) ~[server-1.20.1-20230612.114412-srg.jar%23775!/:?]
	at net.minecraft.world.level.storage.loot.entries.LootPoolEntryContainer$Serializer.m_7561_(LootPoolEntryContainer.java:86) ~[server-1.20.1-20230612.114412-srg.jar%23775!/:?]
	at net.minecraft.world.level.storage.loot.entries.LootPoolEntryContainer$Serializer.m_7561_(LootPoolEntryContainer.java:74) ~[server-1.20.1-20230612.114412-srg.jar%23775!/:?]
	at net.minecraft.world.level.storage.loot.GsonAdapterFactory$JsonAdapter.deserialize(GsonAdapterFactory.java:102) ~[server-1.20.1-20230612.114412-srg.jar%23775!/:?]
	at com.google.gson.internal.bind.TreeTypeAdapter.read(TreeTypeAdapter.java:76) ~[gson-2.10.jar%2370!/:?]
	at com.google.gson.internal.bind.TypeAdapterRuntimeTypeWrapper.read(TypeAdapterRuntimeTypeWrapper.java:40) ~[gson-2.10.jar%2370!/:?]
	at com.google.gson.internal.bind.ArrayTypeAdapter.read(ArrayTypeAdapter.java:72) ~[gson-2.10.jar%2370!/:?]
	at com.google.gson.Gson.fromJson(Gson.java:1214) ~[gson-2.10.jar%2370!/:?]
	at com.google.gson.Gson.fromJson(Gson.java:1319) ~[gson-2.10.jar%2370!/:?]
	at com.google.gson.Gson.fromJson(Gson.java:1290) ~[gson-2.10.jar%2370!/:?]
	at com.google.gson.internal.bind.TreeTypeAdapter$GsonContextImpl.deserialize(TreeTypeAdapter.java:179) ~[gson-2.10.jar%2370!/:?]
	at net.minecraft.util.GsonHelper.m_13808_(GsonHelper.java:463) ~[server-1.20.1-20230612.114412-srg.jar%23775!/:?]
	at net.minecraft.util.GsonHelper.m_13836_(GsonHelper.java:471) ~[server-1.20.1-20230612.114412-srg.jar%23775!/:?]
	at net.minecraft.world.level.storage.loot.LootPool$Serializer.deserialize(LootPool.java:192) ~[server-1.20.1-20230612.114412-srg.jar%23775!/:?]
	at net.minecraft.world.level.storage.loot.LootPool$Serializer.deserialize(LootPool.java:189) ~[server-1.20.1-20230612.114412-srg.jar%23775!/:?]
	at com.google.gson.internal.bind.TreeTypeAdapter.read(TreeTypeAdapter.java:76) ~[gson-2.10.jar%2370!/:?]
	at com.google.gson.internal.bind.TypeAdapterRuntimeTypeWrapper.read(TypeAdapterRuntimeTypeWrapper.java:40) ~[gson-2.10.jar%2370!/:?]
	at com.google.gson.internal.bind.ArrayTypeAdapter.read(ArrayTypeAdapter.java:72) ~[gson-2.10.jar%2370!/:?]
	at com.google.gson.Gson.fromJson(Gson.java:1214) ~[gson-2.10.jar%2370!/:?]
	at com.google.gson.Gson.fromJson(Gson.java:1319) ~[gson-2.10.jar%2370!/:?]
	at com.google.gson.Gson.fromJson(Gson.java:1290) ~[gson-2.10.jar%2370!/:?]
	at com.google.gson.internal.bind.TreeTypeAdapter$GsonContextImpl.deserialize(TreeTypeAdapter.java:179) ~[gson-2.10.jar%2370!/:?]
	at net.minecraft.util.GsonHelper.m_13808_(GsonHelper.java:463) ~[server-1.20.1-20230612.114412-srg.jar%23775!/:?]
	at net.minecraft.util.GsonHelper.m_13845_(GsonHelper.java:481) ~[server-1.20.1-20230612.114412-srg.jar%23775!/:?]
	at net.minecraft.world.level.storage.loot.LootTable$Serializer.deserialize(LootTable.java:294) ~[server-1.20.1-20230612.114412-srg.jar%23775!/:?]
	at net.minecraft.world.level.storage.loot.LootTable$Serializer.deserialize(LootTable.java:291) ~[server-1.20.1-20230612.114412-srg.jar%23775!/:?]
	at com.google.gson.internal.bind.TreeTypeAdapter.read(TreeTypeAdapter.java:76) ~[gson-2.10.jar%2370!/:?]
	at com.google.gson.Gson.fromJson(Gson.java:1214) ~[gson-2.10.jar%2370!/:?]
	at com.google.gson.Gson.fromJson(Gson.java:1319) ~[gson-2.10.jar%2370!/:?]
	at com.google.gson.Gson.fromJson(Gson.java:1261) ~[gson-2.10.jar%2370!/:?]
	at net.minecraftforge.common.ForgeHooks.loadLootTable(ForgeHooks.java:872) ~[forge-1.20.1-47.4.20-universal.jar%23780!/:?]
	at net.minecraftforge.common.ForgeHooks.lambda$getLootTableDeserializer$3(ForgeHooks.java:849) ~[forge-1.20.1-47.4.20-universal.jar%23780!/:?]
	at net.minecraft.world.level.storage.loot.LootDataType.deserialize(LootDataType.java:45) ~[server-1.20.1-20230612.114412-srg.jar%23775!/:?]
	at net.minecraft.world.level.storage.loot.LootDataManager.lambda$scheduleElementParse$4(LootDataManager.java:56) ~[server-1.20.1-20230612.114412-srg.jar%23775!/:?]
	at java.util.HashMap.forEach(HashMap.java:1421) ~[?:?]
	at net.minecraft.world.level.storage.loot.LootDataManager.m_278660_(LootDataManager.java:55) ~[server-1.20.1-20230612.114412-srg.jar%23775!/:?]
	at java.util.concurrent.CompletableFuture$AsyncRun.run(CompletableFuture.java:1804) ~[?:?]
	at java.util.concurrent.CompletableFuture$AsyncRun.exec(CompletableFuture.java:1796) ~[?:?]
	at java.util.concurrent.ForkJoinTask.doExec(ForkJoinTask.java:373) ~[?:?]
	at java.util.concurrent.ForkJoinPool$WorkQueue.topLevelExec(ForkJoinPool.java:1182) ~[?:?]
	at java.util.concurrent.ForkJoinPool.scan(ForkJoinPool.java:1655) ~[?:?]
	at java.util.concurrent.ForkJoinPool.runWorker(ForkJoinPool.java:1622) ~[?:?]
	at java.util.concurrent.ForkJoinWorkerThread.run(ForkJoinWorkerThread.java:165) ~[?:?]
[11May2026 19:17:55.779] [main/INFO] [com.teamabnormals.blueprint.core.Blueprint/]: Loot Modification Manager has loaded 0 modifier groups
[11May2026 19:17:55.790] [main/WARN] [net.minecraft.world.level.storage.loot.LootDataManager/]: Datapack tried to redefine minecraft:empty loot table, ignoring
[11May2026 19:17:55.939] [main/WARN] [net.minecraft.world.level.storage.loot.LootDataManager/]: Found loot table element validation problem in {loot_tables:mutantmonsters:entities/mutant_skeleton/rib}.pools[1].entries[0]->{botania:elementium_axe_beheading}.pools[3].condition[1].term[1]: Parameters [<parameter minecraft:origin>] are not provided in this context
[11May2026 19:17:55.939] [main/WARN] [net.minecraft.world.level.storage.loot.LootDataManager/]: Found loot table element validation problem in {loot_tables:mutantmonsters:entities/mutant_skeleton/shoulder_pad}.pools[1].entries[0]->{botania:elementium_axe_beheading}.pools[2].condition[1].term[0]: Parameters [<parameter minecraft:origin>] are not provided in this context
[11May2026 19:17:55.939] [main/WARN] [net.minecraft.world.level.storage.loot.LootDataManager/]: Found loot table element validation problem in {loot_tables:mutantmonsters:entities/mutant_skeleton/skull}.pools[1].entries[0]->{botania:elementium_axe_beheading}.pools[4].condition[2]: Parameters [<parameter minecraft:killer_entity>] are not provided in this context
[11May2026 19:17:55.939] [main/WARN] [net.minecraft.world.level.storage.loot.LootDataManager/]: Found loot table element validation problem in {loot_tables:mutantmonsters:entities/mutant_skeleton/limb}.pools[1].entries[0]->{botania:elementium_axe_beheading}.pools[2].condition[0]: Parameters [<parameter minecraft:origin>, <parameter minecraft:last_damage_player>] are not provided in this context
[11May2026 19:17:55.940] [main/WARN] [net.minecraft.world.level.storage.loot.LootDataManager/]: Found loot table element validation problem in {loot_tables:mutantmonsters:entities/mutant_skeleton/pelvis}.pools[1].entries[0]->{botania:elementium_axe_beheading}.pools[3].condition[1].term[0]: Parameters [<parameter minecraft:origin>] are not provided in this context
[11May2026 19:17:55.940] [main/WARN] [net.minecraft.world.level.storage.loot.LootDataManager/]: Found loot table element validation problem in {loot_tables:mutantmonsters:entities/mutant_skeleton/pelvis}.pools[1].entries[0]->{botania:elementium_axe_beheading}.pools[3].condition[2]: Parameters [<parameter minecraft:killer_entity>] are not provided in this context
[11May2026 19:17:55.940] [main/WARN] [net.minecraft.world.level.storage.loot.LootDataManager/]: Found loot table element validation problem in {loot_tables:mutantmonsters:entities/mutant_skeleton/skull}.pools[1].entries[0]->{botania:elementium_axe_beheading}.pools[2].condition[0]: Parameters [<parameter minecraft:origin>, <parameter minecraft:last_damage_player>] are not provided in this context
[11May2026 19:17:55.940] [main/WARN] [net.minecraft.world.level.storage.loot.LootDataManager/]: Found loot table element validation problem in {loot_tables:phantasm:blocks/acidic_nihilium}.pools[0].entries[0].entry[1]: Empty children list
[11May2026 19:17:55.940] [main/WARN] [net.minecraft.world.level.storage.loot.LootDataManager/]: Found loot table element validation problem in {loot_tables:mutantmonsters:entities/mutant_skeleton/shoulder_pad}.pools[1].entries[0]->{botania:elementium_axe_beheading}.pools[5].condition[1]: Parameters [<parameter minecraft:origin>] are not provided in this context
[11May2026 19:17:55.940] [main/WARN] [net.minecraft.world.level.storage.loot.LootDataManager/]: Found loot table element validation problem in {loot_tables:mutantmonsters:entities/mutant_skeleton/rib}.pools[1].entries[0]->{botania:elementium_axe_beheading}.pools[1].condition[1]: Parameters [<parameter minecraft:origin>] are not provided in this context
[11May2026 19:17:55.940] [main/WARN] [net.minecraft.world.level.storage.loot.LootDataManager/]: Found loot table element validation problem in {loot_tables:phantasm:blocks/vivid_nihilium}.pools[0].entries[0].entry[1]: Empty children list
[11May2026 19:17:55.940] [main/WARN] [net.minecraft.world.level.storage.loot.LootDataManager/]: Found loot table element validation problem in {loot_tables:mutantmonsters:entities/mutant_skeleton/pelvis}.pools[1].entries[0]->{botania:elementium_axe_beheading}.pools[6].condition[0]: Parameters [<parameter minecraft:origin>, <parameter minecraft:last_damage_player>] are not provided in this context
[11May2026 19:17:55.940] [main/WARN] [net.minecraft.world.level.storage.loot.LootDataManager/]: Found loot table element validation problem in {loot_tables:aquamirae:entities/maw_random_item}.pools[1].entries[0]->{botania:elementium_axe_beheading}.pools[6].condition[0]: Parameters [<parameter minecraft:last_damage_player>] are not provided in this context
[11May2026 19:17:55.940] [main/WARN] [net.minecraft.world.level.storage.loot.LootDataManager/]: Found loot table element validation problem in {loot_tables:aquamirae:entities/maw_random_item}.pools[1].entries[0]->{botania:elementium_axe_beheading}.pools[1].condition[0]: Parameters [<parameter minecraft:last_damage_player>] are not provided in this context
[11May2026 19:17:55.940] [main/WARN] [net.minecraft.world.level.storage.loot.LootDataManager/]: Found loot table element validation problem in {loot_tables:mutantmonsters:entities/mutant_skeleton/pelvis}.pools[1].entries[0]->{botania:elementium_axe_beheading}.pools[2].condition[1].term[1]: Parameters [<parameter minecraft:origin>] are not provided in this context
[11May2026 19:17:55.940] [main/WARN] [net.minecraft.world.level.storage.loot.LootDataManager/]: Found loot table element validation problem in {loot_tables:mutantmonsters:entities/mutant_skeleton/skull}.pools[1].entries[0]->{botania:elementium_axe_beheading}.pools[2].condition[1].term[3]: Parameters [<parameter minecraft:origin>] are not provided in this context
[11May2026 19:17:55.941] [main/WARN] [net.minecraft.world.level.storage.loot.LootDataManager/]: Found loot table element validation problem in {loot_tables:mutantmonsters:entities/mutant_skeleton/rib}.pools[1].entries[0]->{botania:elementium_axe_beheading}.pools[2].condition[1].term[2]: Parameters [<parameter minecraft:origin>] are not provided in this context
[11May2026 19:17:55.941] [main/WARN] [net.minecraft.world.level.storage.loot.LootDataManager/]: Found loot table element validation problem in {loot_tables:mutantmonsters:entities/mutant_skeleton/shoulder_pad}.pools[1].entries[0]->{botania:elementium_axe_beheading}.pools[0].condition[2]: Parameters [<parameter minecraft:killer_entity>] are not provided in this context
[11May2026 19:17:55.941] [main/WARN] [net.minecraft.world.level.storage.loot.LootDataManager/]: Found loot table element validation problem in {loot_tables:mutantmonsters:entities/mutant_skeleton/rib}.pools[1].entries[0]->{botania:elementium_axe_beheading}.pools[3].condition[2]: Parameters [<parameter minecraft:killer_entity>] are not provided in this context
[11May2026 19:17:55.941] [main/WARN] [net.minecraft.world.level.storage.loot.LootDataManager/]: Found loot table element validation problem in {loot_tables:mutantmonsters:entities/mutant_skeleton/limb}.pools[1].entries[0]->{botania:elementium_axe_beheading}.pools[4].condition[1]: Parameters [<parameter minecraft:origin>] are not provided in this context
[11May2026 19:17:55.941] [main/WARN] [net.minecraft.world.level.storage.loot.LootDataManager/]: Found loot table element validation problem in {loot_tables:mutantmonsters:entities/mutant_skeleton/rib}.pools[1].entries[0]->{botania:elementium_axe_beheading}.pools[6].condition[1]: Parameters [<parameter minecraft:origin>] are not provided in this context
[11May2026 19:17:55.941] [main/WARN] [net.minecraft.world.level.storage.loot.LootDataManager/]: Found loot table element validation problem in {loot_tables:phantasm:blocks/cirite_iron_ore}.pools[0].entries[0].entry[1]: Empty children list
[11May2026 19:17:55.941] [main/WARN] [net.minecraft.world.level.storage.loot.LootDataManager/]: Found loot table element validation problem in {loot_tables:mutantmonsters:entities/mutant_skeleton/pelvis}.pools[1].entries[0]->{botania:elementium_axe_beheading}.pools[1].condition[0]: Parameters [<parameter minecraft:origin>, <parameter minecraft:last_damage_player>] are not provided in this context
[11May2026 19:17:55.941] [main/WARN] [net.minecraft.world.level.storage.loot.LootDataManager/]: Found loot table element validation problem in {loot_tables:mutantmonsters:entities/mutant_skeleton/shoulder_pad}.pools[1].entries[0]->{botania:elementium_axe_beheading}.pools[2].condition[1].term[1]: Parameters [<parameter minecraft:origin>] are not provided in this context
[11May2026 19:17:55.941] [main/WARN] [net.minecraft.world.level.storage.loot.LootDataManager/]: Found loot table element validation problem in {loot_tables:mutantmonsters:entities/mutant_skeleton/limb}.pools[1].entries[0]->{botania:elementium_axe_beheading}.pools[2].condition[1].term[3]: Parameters [<parameter minecraft:origin>] are not provided in this context
[11May2026 19:17:55.941] [main/WARN] [net.minecraft.world.level.storage.loot.LootDataManager/]: Found loot table element validation problem in {loot_tables:aquamirae:entities/maw_random_item}.pools[1].entries[0]->{botania:elementium_axe_beheading}.pools[3].condition[0]: Parameters [<parameter minecraft:last_damage_player>] are not provided in this context
[11May2026 19:17:55.941] [main/WARN] [net.minecraft.world.level.storage.loot.LootDataManager/]: Found loot table element validation problem in {loot_tables:mutantmonsters:entities/mutant_skeleton/pelvis}.pools[1].entries[0]->{botania:elementium_axe_beheading}.pools[4].condition[0]: Parameters [<parameter minecraft:origin>, <parameter minecraft:last_damage_player>] are not provided in this context
[11May2026 19:17:55.941] [main/WARN] [net.minecraft.world.level.storage.loot.LootDataManager/]: Found loot table element validation problem in {loot_tables:mutantmonsters:entities/mutant_skeleton/shoulder_pad}.pools[1].entries[0]->{botania:elementium_axe_beheading}.pools[5].condition[0]: Parameters [<parameter minecraft:origin>, <parameter minecraft:last_damage_player>] are not provided in this context
[11May2026 19:17:55.942] [main/WARN] [net.minecraft.world.level.storage.loot.LootDataManager/]: Found loot table element validation problem in {loot_tables:mutantmonsters:entities/mutant_skeleton/rib}.pools[1].entries[0]->{botania:elementium_axe_beheading}.pools[1].condition[2]: Parameters [<parameter minecraft:origin>] are not provided in this context
[11May2026 19:17:55.942] [main/WARN] [net.minecraft.world.level.storage.loot.LootDataManager/]: Found loot table element validation problem in {loot_tables:mutantmonsters:entities/mutant_skeleton/rib}.pools[1].entries[0]->{botania:elementium_axe_beheading}.pools[4].condition[0]: Parameters [<parameter minecraft:origin>, <parameter minecraft:last_damage_player>] are not provided in this context
[11May2026 19:17:55.942] [main/WARN] [net.minecraft.world.level.storage.loot.LootDataManager/]: Found loot table element validation problem in {loot_tables:mutantmonsters:entities/mutant_skeleton/rib}.pools[1].entries[0]->{botania:elementium_axe_beheading}.pools[2].condition[1].term[1]: Parameters [<parameter minecraft:origin>] are not provided in this context
[11May2026 19:17:55.942] [main/WARN] [net.minecraft.world.level.storage.loot.LootDataManager/]: Found loot table element validation problem in {loot_tables:mutantmonsters:entities/mutant_skeleton/shoulder_pad}.pools[1].entries[0]->{botania:elementium_axe_beheading}.pools[0].condition[1]: Parameters [<parameter minecraft:origin>] are not provided in this context
[11May2026 19:17:55.942] [main/WARN] [net.minecraft.world.level.storage.loot.LootDataManager/]: Found loot table element validation problem in {loot_tables:mutantmonsters:entities/mutant_skeleton/rib}.pools[1].entries[0]->{botania:elementium_axe_beheading}.pools[6].condition[2]: Parameters [<parameter minecraft:killer_entity>] are not provided in this context
[11May2026 19:17:55.942] [main/WARN] [net.minecraft.world.level.storage.loot.LootDataManager/]: Found loot table element validation problem in {loot_tables:mutantmonsters:entities/mutant_skeleton/pelvis}.pools[1].entries[0]->{botania:elementium_axe_beheading}.pools[2].condition[1].term[2]: Parameters [<parameter minecraft:origin>] are not provided in this context
[11May2026 19:17:55.942] [main/WARN] [net.minecraft.world.level.storage.loot.LootDataManager/]: Found loot table element validation problem in {loot_tables:mutantmonsters:entities/mutant_skeleton/limb}.pools[1].entries[0]->{botania:elementium_axe_beheading}.pools[4].condition[2]: Parameters [<parameter minecraft:killer_entity>] are not provided in this context
[11May2026 19:17:55.942] [main/WARN] [net.minecraft.world.level.storage.loot.LootDataManager/]: Found loot table element validation problem in {loot_tables:mutantmonsters:entities/mutant_skeleton/shoulder_pad}.pools[1].entries[0]->{botania:elementium_axe_beheading}.pools[1].condition[0]: Parameters [<parameter minecraft:origin>, <parameter minecraft:last_damage_player>] are not provided in this context
[11May2026 19:17:55.942] [main/WARN] [net.minecraft.world.level.storage.loot.LootDataManager/]: Found loot table element validation problem in {loot_tables:mutantmonsters:entities/mutant_skeleton/shoulder_pad}.pools[1].entries[0]->{botania:elementium_axe_beheading}.pools[2].condition[1].term[2]: Parameters [<parameter minecraft:origin>] are not provided in this context
[11May2026 19:17:55.942] [main/WARN] [net.minecraft.world.level.storage.loot.LootDataManager/]: Found loot table element validation problem in {loot_tables:mutantmonsters:entities/mutant_skeleton/pelvis}.pools[1].entries[0]->{botania:elementium_axe_beheading}.pools[3].condition[0]: Parameters [<parameter minecraft:origin>, <parameter minecraft:last_damage_player>] are not provided in this context
[11May2026 19:17:55.942] [main/WARN] [net.minecraft.world.level.storage.loot.LootDataManager/]: Found loot table element validation problem in {loot_tables:mutantmonsters:entities/mutant_skeleton/limb}.pools[1].entries[0]->{botania:elementium_axe_beheading}.pools[2].condition[1].term[2]: Parameters [<parameter minecraft:origin>] are not provided in this context
[11May2026 19:17:55.942] [main/WARN] [net.minecraft.world.level.storage.loot.LootDataManager/]: Found loot table element validation problem in {loot_tables:mutantmonsters:entities/mutant_skeleton/rib}.pools[1].entries[0]->{botania:elementium_axe_beheading}.pools[1].condition[3]: Parameters [<parameter minecraft:killer_entity>] are not provided in this context
[11May2026 19:17:55.943] [main/WARN] [net.minecraft.world.level.storage.loot.LootDataManager/]: Found loot table element validation problem in {loot_tables:mutantmonsters:entities/mutant_skeleton/limb}.pools[1].entries[0]->{botania:elementium_axe_beheading}.pools[0].condition[0]: Parameters [<parameter minecraft:origin>, <parameter minecraft:last_damage_player>] are not provided in this context
[11May2026 19:17:55.943] [main/WARN] [net.minecraft.world.level.storage.loot.LootDataManager/]: Found loot table element validation problem in {loot_tables:mutantmonsters:entities/mutant_skeleton/rib}.pools[1].entries[0]->{botania:elementium_axe_beheading}.pools[2].condition[1].term[0]: Parameters [<parameter minecraft:origin>] are not provided in this context
[11May2026 19:17:55.943] [main/WARN] [net.minecraft.world.level.storage.loot.LootDataManager/]: Found loot table element validation problem in {loot_tables:mutantmonsters:entities/mutant_skeleton/shoulder_pad}.pools[1].entries[0]->{botania:elementium_axe_beheading}.pools[3].condition[1].term[1]: Parameters [<parameter minecraft:origin>] are not provided in this context
[11May2026 19:17:55.943] [main/WARN] [net.minecraft.world.level.storage.loot.LootDataManager/]: Found loot table element validation problem in {loot_tables:mutantmonsters:entities/mutant_skeleton/limb}.pools[1].entries[0]->{botania:elementium_axe_beheading}.pools[6].condition[1]: Parameters [<parameter minecraft:origin>] are not provided in this context
[11May2026 19:17:55.943] [main/WARN] [net.minecraft.world.level.storage.loot.LootDataManager/]: Found loot table element validation problem in {loot_tables:mutantmonsters:entities/mutant_skeleton/rib}.pools[1].entries[0]->{botania:elementium_axe_beheading}.pools[4].condition[1]: Parameters [<parameter minecraft:origin>] are not provided in this context
[11May2026 19:17:55.943] [main/WARN] [net.minecraft.world.level.storage.loot.LootDataManager/]: Found loot table element validation problem in {loot_tables:mutantmonsters:entities/mutant_skeleton/pelvis}.pools[1].entries[0]->{botania:elementium_axe_beheading}.pools[0].condition[1]: Parameters [<parameter minecraft:origin>] are not provided in this context
[11May2026 19:17:55.943] [main/WARN] [net.minecraft.world.level.storage.loot.LootDataManager/]: Found loot table element validation problem in {loot_tables:mutantmonsters:entities/mutant_skeleton/skull}.pools[1].entries[0]->{botania:elementium_axe_beheading}.pools[0].condition[1]: Parameters [<parameter minecraft:origin>] are not provided in this context
[11May2026 19:17:55.943] [main/WARN] [net.minecraft.world.level.storage.loot.LootDataManager/]: Found loot table element validation problem in {loot_tables:mutantmonsters:entities/mutant_skeleton/skull}.pools[1].entries[0]->{botania:elementium_axe_beheading}.pools[6].condition[2]: Parameters [<parameter minecraft:killer_entity>] are not provided in this context
[11May2026 19:17:55.943] [main/WARN] [net.minecraft.world.level.storage.loot.LootDataManager/]: Found loot table element validation problem in {loot_tables:mutantmonsters:entities/mutant_skeleton/skull}.pools[1].entries[0]->{botania:elementium_axe_beheading}.pools[2].condition[1].term[1]: Parameters [<parameter minecraft:origin>] are not provided in this context
[11May2026 19:17:55.943] [main/WARN] [net.minecraft.world.level.storage.loot.LootDataManager/]: Found loot table element validation problem in {loot_tables:mutantmonsters:entities/mutant_skeleton/shoulder_pad}.pools[1].entries[0]->{botania:elementium_axe_beheading}.pools[2].condition[0]: Parameters [<parameter minecraft:origin>, <parameter minecraft:last_damage_player>] are not provided in this context
[11May2026 19:17:55.943] [main/WARN] [net.minecraft.world.level.storage.loot.LootDataManager/]: Found loot table element validation problem in {loot_tables:mutantmonsters:entities/mutant_skeleton/rib}.pools[1].entries[0]->{botania:elementium_axe_beheading}.pools[5].condition[2]: Parameters [<parameter minecraft:killer_entity>] are not provided in this context
[11May2026 19:17:55.943] [main/WARN] [net.minecraft.world.level.storage.loot.LootDataManager/]: Found loot table element validation problem in {loot_tables:mutantmonsters:entities/mutant_skeleton/pelvis}.pools[1].entries[0]->{botania:elementium_axe_beheading}.pools[1].condition[2]: Parameters [<parameter minecraft:origin>] are not provided in this context
[11May2026 19:17:55.944] [main/WARN] [net.minecraft.world.level.storage.loot.LootDataManager/]: Found loot table element validation problem in {loot_tables:mutantmonsters:entities/mutant_skeleton/pelvis}.pools[1].entries[0]->{botania:elementium_axe_beheading}.pools[2].condition[1].term[3]: Parameters [<parameter minecraft:origin>] are not provided in this context
[11May2026 19:17:55.944] [main/WARN] [net.minecraft.world.level.storage.loot.LootDataManager/]: Found loot table element validation problem in {loot_tables:mutantmonsters:entities/mutant_skeleton/shoulder_pad}.pools[1].entries[0]->{botania:elementium_axe_beheading}.pools[1].condition[1]: Parameters [<parameter minecraft:origin>] are not provided in this context
[11May2026 19:17:55.944] [main/WARN] [net.minecraft.world.level.storage.loot.LootDataManager/]: Found loot table element validation problem in {loot_tables:mutantmonsters:entities/mutant_skeleton/shoulder_pad}.pools[1].entries[0]->{botania:elementium_axe_beheading}.pools[2].condition[2]: Parameters [<parameter minecraft:killer_entity>] are not provided in this context
[11May2026 19:17:55.944] [main/WARN] [net.minecraft.world.level.storage.loot.LootDataManager/]: Found loot table element validation problem in {loot_tables:mutantmonsters:entities/mutant_skeleton/pelvis}.pools[1].entries[0]->{botania:elementium_axe_beheading}.pools[3].condition[1].term[1]: Parameters [<parameter minecraft:origin>] are not provided in this context
[11May2026 19:17:55.944] [main/WARN] [net.minecraft.world.level.storage.loot.LootDataManager/]: Found loot table element validation problem in {loot_tables:mutantmonsters:entities/mutant_skeleton/limb}.pools[1].entries[0]->{botania:elementium_axe_beheading}.pools[2].condition[1].term[1]: Parameters [<parameter minecraft:origin>] are not provided in this context
[11May2026 19:17:55.944] [main/WARN] [net.minecraft.world.level.storage.loot.LootDataManager/]: Found loot table element validation problem in {loot_tables:mutantmonsters:entities/mutant_skeleton/shoulder_pad}.pools[1].entries[0]->{botania:elementium_axe_beheading}.pools[2].condition[1].term[3]: Parameters [<parameter minecraft:origin>] are not provided in this context
[11May2026 19:17:55.944] [main/WARN] [net.minecraft.world.level.storage.loot.LootDataManager/]: Found loot table element validation problem in {loot_tables:mutantmonsters:entities/mutant_skeleton/limb}.pools[1].entries[0]->{botania:elementium_axe_beheading}.pools[6].condition[2]: Parameters [<parameter minecraft:killer_entity>] are not provided in this context
[11May2026 19:17:55.944] [main/WARN] [net.minecraft.world.level.storage.loot.LootDataManager/]: Found loot table element validation problem in {loot_tables:mutantmonsters:entities/mutant_skeleton/shoulder_pad}.pools[1].entries[0]->{botania:elementium_axe_beheading}.pools[3].condition[1].term[0]: Parameters [<parameter minecraft:origin>] are not provided in this context
[11May2026 19:17:55.944] [main/WARN] [net.minecraft.world.level.storage.loot.LootDataManager/]: Found loot table element validation problem in {loot_tables:mutantmonsters:entities/mutant_skeleton/rib}.pools[1].entries[0]->{botania:elementium_axe_beheading}.pools[4].condition[2]: Parameters [<parameter minecraft:killer_entity>] are not provided in this context
[11May2026 19:17:55.944] [main/WARN] [net.minecraft.world.level.storage.loot.LootDataManager/]: Found loot table element validation problem in {loot_tables:mutantmonsters:entities/mutant_skeleton/pelvis}.pools[1].entries[0]->{botania:elementium_axe_beheading}.pools[0].condition[2]: Parameters [<parameter minecraft:killer_entity>] are not provided in this context
[11May2026 19:17:55.944] [main/WARN] [net.minecraft.world.level.storage.loot.LootDataManager/]: Found loot table element validation problem in {loot_tables:mutantmonsters:entities/mutant_skeleton/skull}.pools[1].entries[0]->{botania:elementium_axe_beheading}.pools[0].condition[0]: Parameters [<parameter minecraft:origin>, <parameter minecraft:last_damage_player>] are not provided in this context
[11May2026 19:17:55.945] [main/WARN] [net.minecraft.world.level.storage.loot.LootDataManager/]: Found loot table element validation problem in {loot_tables:aquamirae:entities/maw_random_item}.pools[1].entries[0]->{botania:elementium_axe_beheading}.pools[0].condition[0]: Parameters [<parameter minecraft:last_damage_player>] are not provided in this context
[11May2026 19:17:55.945] [main/WARN] [net.minecraft.world.level.storage.loot.LootDataManager/]: Found loot table element validation problem in {loot_tables:mutantmonsters:entities/mutant_skeleton/skull}.pools[1].entries[0]->{botania:elementium_axe_beheading}.pools[2].condition[1].term[2]: Parameters [<parameter minecraft:origin>] are not provided in this context
[11May2026 19:17:55.945] [main/WARN] [net.minecraft.world.level.storage.loot.LootDataManager/]: Found loot table element validation problem in {loot_tables:mutantmonsters:entities/mutant_skeleton/shoulder_pad}.pools[1].entries[0]->{botania:elementium_axe_beheading}.pools[3].condition[0]: Parameters [<parameter minecraft:origin>, <parameter minecraft:last_damage_player>] are not provided in this context
[11May2026 19:17:55.945] [main/WARN] [net.minecraft.world.level.storage.loot.LootDataManager/]: Found loot table element validation problem in {loot_tables:irons_spellbooks:chests/citadel/citadel_bookshelf}.pools[8].entries[0]: Unknown loot table called irons_spellbooks:chests/citadel/citadel_tomes
[11May2026 19:17:55.945] [main/WARN] [net.minecraft.world.level.storage.loot.LootDataManager/]: Found loot table element validation problem in {loot_tables:mutantmonsters:entities/mutant_skeleton/pelvis}.pools[1].entries[0]->{botania:elementium_axe_beheading}.pools[2].condition[0]: Parameters [<parameter minecraft:origin>, <parameter minecraft:last_damage_player>] are not provided in this context
[11May2026 19:17:55.945] [main/WARN] [net.minecraft.world.level.storage.loot.LootDataManager/]: Found loot table element validation problem in {loot_tables:mutantmonsters:entities/mutant_skeleton/rib}.pools[1].entries[0]->{botania:elementium_axe_beheading}.pools[6].condition[0]: Parameters [<parameter minecraft:origin>, <parameter minecraft:last_damage_player>] are not provided in this context
[11May2026 19:17:55.945] [main/WARN] [net.minecraft.world.level.storage.loot.LootDataManager/]: Found loot table element validation problem in {loot_tables:mutantmonsters:entities/mutant_skeleton/shoulder_pad}.pools[1].entries[0]->{botania:elementium_axe_beheading}.pools[1].condition[2]: Parameters [<parameter minecraft:origin>] are not provided in this context
[11May2026 19:17:55.945] [main/WARN] [net.minecraft.world.level.storage.loot.LootDataManager/]: Found loot table element validation problem in {loot_tables:mutantmonsters:entities/mutant_skeleton/rib}.pools[1].entries[0]->{botania:elementium_axe_beheading}.pools[5].condition[1]: Parameters [<parameter minecraft:origin>] are not provided in this context
[11May2026 19:17:55.945] [main/WARN] [net.minecraft.world.level.storage.loot.LootDataManager/]: Found loot table element validation problem in {loot_tables:mutantmonsters:entities/mutant_skeleton/pelvis}.pools[1].entries[0]->{botania:elementium_axe_beheading}.pools[1].condition[1]: Parameters [<parameter minecraft:origin>] are not provided in this context
[11May2026 19:17:55.945] [main/WARN] [net.minecraft.world.level.storage.loot.LootDataManager/]: Found loot table element validation problem in {loot_tables:mutantmonsters:entities/mutant_skeleton/rib}.pools[1].entries[0]->{botania:elementium_axe_beheading}.pools[2].condition[2]: Parameters [<parameter minecraft:killer_entity>] are not provided in this context
[11May2026 19:17:55.945] [main/WARN] [net.minecraft.world.level.storage.loot.LootDataManager/]: Found loot table element validation problem in {loot_tables:mutantmonsters:entities/mutant_skeleton/shoulder_pad}.pools[1].entries[0]->{botania:elementium_axe_beheading}.pools[6].condition[2]: Parameters [<parameter minecraft:killer_entity>] are not provided in this context
[11May2026 19:17:55.945] [main/WARN] [net.minecraft.world.level.storage.loot.LootDataManager/]: Found loot table element validation problem in {loot_tables:mutantmonsters:entities/mutant_skeleton/rib}.pools[1].entries[0]->{botania:elementium_axe_beheading}.pools[0].condition[0]: Parameters [<parameter minecraft:origin>, <parameter minecraft:last_damage_player>] are not provided in this context
[11May2026 19:17:55.945] [main/WARN] [net.minecraft.world.level.storage.loot.LootDataManager/]: Found loot table element validation problem in {loot_tables:mutantmonsters:entities/mutant_skeleton/pelvis}.pools[1].entries[0]->{botania:elementium_axe_beheading}.pools[5].condition[0]: Parameters [<parameter minecraft:origin>, <parameter minecraft:last_damage_player>] are not provided in this context
[11May2026 19:17:55.946] [main/WARN] [net.minecraft.world.level.storage.loot.LootDataManager/]: Found loot table element validation problem in {loot_tables:mutantmonsters:entities/mutant_skeleton/shoulder_pad}.pools[1].entries[0]->{botania:elementium_axe_beheading}.pools[4].condition[0]: Parameters [<parameter minecraft:origin>, <parameter minecraft:last_damage_player>] are not provided in this context
[11May2026 19:17:55.946] [main/WARN] [net.minecraft.world.level.storage.loot.LootDataManager/]: Found loot table element validation problem in {loot_tables:mutantmonsters:entities/mutant_skeleton/skull}.pools[1].entries[0]->{botania:elementium_axe_beheading}.pools[1].condition[0]: Parameters [<parameter minecraft:origin>, <parameter minecraft:last_damage_player>] are not provided in this context
[11May2026 19:17:55.946] [main/WARN] [net.minecraft.world.level.storage.loot.LootDataManager/]: Found loot table element validation problem in {loot_tables:mutantmonsters:entities/mutant_skeleton/skull}.pools[1].entries[0]->{botania:elementium_axe_beheading}.pools[6].condition[0]: Parameters [<parameter minecraft:origin>, <parameter minecraft:last_damage_player>] are not provided in this context
[11May2026 19:17:55.946] [main/WARN] [net.minecraft.world.level.storage.loot.LootDataManager/]: Found loot table element validation problem in {loot_tables:mutantmonsters:entities/mutant_skeleton/limb}.pools[1].entries[0]->{botania:elementium_axe_beheading}.pools[2].condition[1].term[0]: Parameters [<parameter minecraft:origin>] are not provided in this context
[11May2026 19:17:55.946] [main/WARN] [net.minecraft.world.level.storage.loot.LootDataManager/]: Found loot table element validation problem in {loot_tables:mutantmonsters:entities/mutant_skeleton/shoulder_pad}.pools[1].entries[0]->{botania:elementium_axe_beheading}.pools[1].condition[3]: Parameters [<parameter minecraft:killer_entity>] are not provided in this context
[11May2026 19:17:55.946] [main/WARN] [net.minecraft.world.level.storage.loot.LootDataManager/]: Found loot table element validation problem in {loot_tables:alexsmobs:gameplay/seal_reward}.pools[0].entries[0]->{minecraft:gameplay/fishing/junk}.pools[1].condition[0]: Parameters [<parameter minecraft:origin>] are not provided in this context
[11May2026 19:17:55.946] [main/WARN] [net.minecraft.world.level.storage.loot.LootDataManager/]: Found loot table element validation problem in {loot_tables:mutantmonsters:entities/mutant_skeleton/limb}.pools[1].entries[0]->{botania:elementium_axe_beheading}.pools[5].condition[2]: Parameters [<parameter minecraft:killer_entity>] are not provided in this context
[11May2026 19:17:55.946] [main/WARN] [net.minecraft.world.level.storage.loot.LootDataManager/]: Found loot table element validation problem in {loot_tables:mutantmonsters:entities/mutant_skeleton/rib}.pools[1].entries[0]->{botania:elementium_axe_beheading}.pools[5].condition[0]: Parameters [<parameter minecraft:origin>, <parameter minecraft:last_damage_player>] are not provided in this context
[11May2026 19:17:55.946] [main/WARN] [net.minecraft.world.level.storage.loot.LootDataManager/]: Found loot table element validation problem in {loot_tables:mutantmonsters:entities/mutant_skeleton/limb}.pools[1].entries[0]->{botania:elementium_axe_beheading}.pools[3].condition[2]: Parameters [<parameter minecraft:killer_entity>] are not provided in this context
[11May2026 19:17:55.946] [main/WARN] [net.minecraft.world.level.storage.loot.LootDataManager/]: Found loot table element validation problem in {loot_tables:mutantmonsters:entities/mutant_skeleton/skull}.pools[1].entries[0]->{botania:elementium_axe_beheading}.pools[3].condition[1].term[0]: Parameters [<parameter minecraft:origin>] are not provided in this context
[11May2026 19:17:55.946] [main/WARN] [net.minecraft.world.level.storage.loot.LootDataManager/]: Found loot table element validation problem in {loot_tables:mutantmonsters:entities/mutant_skeleton/skull}.pools[1].entries[0]->{botania:elementium_axe_beheading}.pools[5].condition[2]: Parameters [<parameter minecraft:killer_entity>] are not provided in this context
[11May2026 19:17:55.946] [main/WARN] [net.minecraft.world.level.storage.loot.LootDataManager/]: Found loot table element validation problem in {loot_tables:mutantmonsters:entities/mutant_skeleton/limb}.pools[1].entries[0]->{botania:elementium_axe_beheading}.pools[3].condition[1].term[0]: Parameters [<parameter minecraft:origin>] are not provided in this context
[11May2026 19:17:55.946] [main/WARN] [net.minecraft.world.level.storage.loot.LootDataManager/]: Found loot table element validation problem in {loot_tables:mutantmonsters:entities/mutant_skeleton/skull}.pools[1].entries[0]->{botania:elementium_axe_beheading}.pools[3].condition[0]: Parameters [<parameter minecraft:origin>, <parameter minecraft:last_damage_player>] are not provided in this context
[11May2026 19:17:55.947] [main/WARN] [net.minecraft.world.level.storage.loot.LootDataManager/]: Found loot table element validation problem in {loot_tables:mutantmonsters:entities/mutant_skeleton/limb}.pools[1].entries[0]->{botania:elementium_axe_beheading}.pools[0].condition[2]: Parameters [<parameter minecraft:killer_entity>] are not provided in this context
[11May2026 19:17:55.947] [main/WARN] [net.minecraft.world.level.storage.loot.LootDataManager/]: Found loot table element validation problem in {loot_tables:mutantmonsters:entities/mutant_skeleton/limb}.pools[1].entries[0]->{botania:elementium_axe_beheading}.pools[1].condition[0]: Parameters [<parameter minecraft:origin>, <parameter minecraft:last_damage_player>] are not provided in this context
[11May2026 19:17:55.947] [main/WARN] [net.minecraft.world.level.storage.loot.LootDataManager/]: Found loot table element validation problem in {loot_tables:mutantmonsters:entities/mutant_skeleton/shoulder_pad}.pools[1].entries[0]->{botania:elementium_axe_beheading}.pools[4].condition[1]: Parameters [<parameter minecraft:origin>] are not provided in this context
[11May2026 19:17:55.947] [main/WARN] [net.minecraft.world.level.storage.loot.LootDataManager/]: Found loot table element validation problem in {loot_tables:mutantmonsters:entities/mutant_skeleton/pelvis}.pools[1].entries[0]->{botania:elementium_axe_beheading}.pools[0].condition[0]: Parameters [<parameter minecraft:origin>, <parameter minecraft:last_damage_player>] are not provided in this context
[11May2026 19:17:55.947] [main/WARN] [net.minecraft.world.level.storage.loot.LootDataManager/]: Found loot table element validation problem in {loot_tables:mutantmonsters:entities/mutant_skeleton/limb}.pools[1].entries[0]->{botania:elementium_axe_beheading}.pools[0].condition[1]: Parameters [<parameter minecraft:origin>] are not provided in this context
[11May2026 19:17:55.947] [main/WARN] [net.minecraft.world.level.storage.loot.LootDataManager/]: Found loot table element validation problem in {loot_tables:mutantmonsters:entities/mutant_skeleton/limb}.pools[1].entries[0]->{botania:elementium_axe_beheading}.pools[6].condition[0]: Parameters [<parameter minecraft:origin>, <parameter minecraft:last_damage_player>] are not provided in this context
[11May2026 19:17:55.947] [main/WARN] [net.minecraft.world.level.storage.loot.LootDataManager/]: Found loot table element validation problem in {loot_tables:mutantmonsters:entities/mutant_skeleton/skull}.pools[1].entries[0]->{botania:elementium_axe_beheading}.pools[0].condition[2]: Parameters [<parameter minecraft:killer_entity>] are not provided in this context
[11May2026 19:17:55.947] [main/WARN] [net.minecraft.world.level.storage.loot.LootDataManager/]: Found loot table element validation problem in {loot_tables:mutantmonsters:entities/mutant_skeleton/skull}.pools[1].entries[0]->{botania:elementium_axe_beheading}.pools[6].condition[1]: Parameters [<parameter minecraft:origin>] are not provided in this context
[11May2026 19:17:55.947] [main/WARN] [net.minecraft.world.level.storage.loot.LootDataManager/]: Found loot table element validation problem in {loot_tables:mutantmonsters:entities/mutant_skeleton/skull}.pools[1].entries[0]->{botania:elementium_axe_beheading}.pools[2].condition[1].term[0]: Parameters [<parameter minecraft:origin>] are not provided in this context
[11May2026 19:17:55.947] [main/WARN] [net.minecraft.world.level.storage.loot.LootDataManager/]: Found loot table element validation problem in {loot_tables:mutantmonsters:entities/mutant_skeleton/shoulder_pad}.pools[1].entries[0]->{botania:elementium_axe_beheading}.pools[3].condition[2]: Parameters [<parameter minecraft:killer_entity>] are not provided in this context
[11May2026 19:17:55.947] [main/WARN] [net.minecraft.world.level.storage.loot.LootDataManager/]: Found loot table element validation problem in {loot_tables:mutantmonsters:entities/mutant_skeleton/skull}.pools[1].entries[0]->{botania:elementium_axe_beheading}.pools[1].condition[1]: Parameters [<parameter minecraft:origin>] are not provided in this context
[11May2026 19:17:55.947] [main/WARN] [net.minecraft.world.level.storage.loot.LootDataManager/]: Found loot table element validation problem in {loot_tables:aquamirae:entities/maw_random_item}.pools[1].entries[0]->{botania:elementium_axe_beheading}.pools[2].condition[0]: Parameters [<parameter minecraft:last_damage_player>] are not provided in this context
[11May2026 19:17:55.947] [main/WARN] [net.minecraft.world.level.storage.loot.LootDataManager/]: Found loot table element validation problem in {loot_tables:mutantmonsters:entities/mutant_skeleton/pelvis}.pools[1].entries[0]->{botania:elementium_axe_beheading}.pools[2].condition[2]: Parameters [<parameter minecraft:killer_entity>] are not provided in this context
[11May2026 19:17:55.947] [main/WARN] [net.minecraft.world.level.storage.loot.LootDataManager/]: Found loot table element validation problem in {loot_tables:mutantmonsters:entities/mutant_skeleton/pelvis}.pools[1].entries[0]->{botania:elementium_axe_beheading}.pools[1].condition[3]: Parameters [<parameter minecraft:killer_entity>] are not provided in this context
[11May2026 19:17:55.948] [main/WARN] [net.minecraft.world.level.storage.loot.LootDataManager/]: Found loot table element validation problem in {loot_tables:mutantmonsters:entities/mutant_skeleton/limb}.pools[1].entries[0]->{botania:elementium_axe_beheading}.pools[5].condition[1]: Parameters [<parameter minecraft:origin>] are not provided in this context
[11May2026 19:17:55.948] [main/WARN] [net.minecraft.world.level.storage.loot.LootDataManager/]: Found loot table element validation problem in {loot_tables:mutantmonsters:entities/mutant_skeleton/skull}.pools[1].entries[0]->{botania:elementium_axe_beheading}.pools[3].condition[1].term[1]: Parameters [<parameter minecraft:origin>] are not provided in this context
[11May2026 19:17:55.948] [main/WARN] [net.minecraft.world.level.storage.loot.LootDataManager/]: Found loot table element validation problem in {loot_tables:mutantmonsters:entities/mutant_skeleton/limb}.pools[1].entries[0]->{botania:elementium_axe_beheading}.pools[2].condition[2]: Parameters [<parameter minecraft:killer_entity>] are not provided in this context
[11May2026 19:17:55.948] [main/WARN] [net.minecraft.world.level.storage.loot.LootDataManager/]: Found loot table element validation problem in {loot_tables:aquamirae:entities/maw_random_item}.pools[1].entries[0]->{botania:elementium_axe_beheading}.pools[4].condition[0]: Parameters [<parameter minecraft:last_damage_player>] are not provided in this context
[11May2026 19:17:55.948] [main/WARN] [net.minecraft.world.level.storage.loot.LootDataManager/]: Found loot table element validation problem in {loot_tables:mutantmonsters:entities/mutant_skeleton/rib}.pools[1].entries[0]->{botania:elementium_axe_beheading}.pools[0].condition[2]: Parameters [<parameter minecraft:killer_entity>] are not provided in this context
[11May2026 19:17:55.948] [main/WARN] [net.minecraft.world.level.storage.loot.LootDataManager/]: Found loot table element validation problem in {loot_tables:mutantmonsters:entities/mutant_skeleton/skull}.pools[1].entries[0]->{botania:elementium_axe_beheading}.pools[5].condition[1]: Parameters [<parameter minecraft:origin>] are not provided in this context
[11May2026 19:17:55.948] [main/WARN] [net.minecraft.world.level.storage.loot.LootDataManager/]: Found loot table element validation problem in {loot_tables:mutantmonsters:entities/mutant_skeleton/skull}.pools[1].entries[0]->{botania:elementium_axe_beheading}.pools[2].condition[2]: Parameters [<parameter minecraft:killer_entity>] are not provided in this context
[11May2026 19:17:55.948] [main/WARN] [net.minecraft.world.level.storage.loot.LootDataManager/]: Found loot table element validation problem in {loot_tables:mutantmonsters:entities/mutant_skeleton/pelvis}.pools[1].entries[0]->{botania:elementium_axe_beheading}.pools[4].condition[1]: Parameters [<parameter minecraft:origin>] are not provided in this context
[11May2026 19:17:55.948] [main/WARN] [net.minecraft.world.level.storage.loot.LootDataManager/]: Found loot table element validation problem in {loot_tables:mutantmonsters:entities/mutant_skeleton/limb}.pools[1].entries[0]->{botania:elementium_axe_beheading}.pools[3].condition[1].term[1]: Parameters [<parameter minecraft:origin>] are not provided in this context
[11May2026 19:17:55.948] [main/WARN] [net.minecraft.world.level.storage.loot.LootDataManager/]: Found loot table element validation problem in {loot_tables:mutantmonsters:entities/mutant_skeleton/rib}.pools[1].entries[0]->{botania:elementium_axe_beheading}.pools[2].condition[0]: Parameters [<parameter minecraft:origin>, <parameter minecraft:last_damage_player>] are not provided in this context
[11May2026 19:17:55.949] [main/WARN] [net.minecraft.world.level.storage.loot.LootDataManager/]: Found loot table element validation problem in {loot_tables:mutantmonsters:entities/mutant_skeleton/shoulder_pad}.pools[1].entries[0]->{botania:elementium_axe_beheading}.pools[6].condition[0]: Parameters [<parameter minecraft:origin>, <parameter minecraft:last_damage_player>] are not provided in this context
[11May2026 19:17:55.949] [main/WARN] [net.minecraft.world.level.storage.loot.LootDataManager/]: Found loot table element validation problem in {loot_tables:mutantmonsters:entities/mutant_skeleton/limb}.pools[1].entries[0]->{botania:elementium_axe_beheading}.pools[1].condition[1]: Parameters [<parameter minecraft:origin>] are not provided in this context
[11May2026 19:17:55.949] [main/WARN] [net.minecraft.world.level.storage.loot.LootDataManager/]: Found loot table element validation problem in {loot_tables:mutantmonsters:entities/mutant_skeleton/skull}.pools[1].entries[0]->{botania:elementium_axe_beheading}.pools[4].condition[0]: Parameters [<parameter minecraft:origin>, <parameter minecraft:last_damage_player>] are not provided in this context
[11May2026 19:17:55.949] [main/WARN] [net.minecraft.world.level.storage.loot.LootDataManager/]: Found loot table element validation problem in {loot_tables:mutantmonsters:entities/mutant_skeleton/pelvis}.pools[1].entries[0]->{botania:elementium_axe_beheading}.pools[5].condition[2]: Parameters [<parameter minecraft:killer_entity>] are not provided in this context
[11May2026 19:17:55.949] [main/WARN] [net.minecraft.world.level.storage.loot.LootDataManager/]: Found loot table element validation problem in {loot_tables:mutantmonsters:entities/mutant_skeleton/skull}.pools[1].entries[0]->{botania:elementium_axe_beheading}.pools[1].condition[2]: Parameters [<parameter minecraft:origin>] are not provided in this context
[11May2026 19:17:55.949] [main/WARN] [net.minecraft.world.level.storage.loot.LootDataManager/]: Found loot table element validation problem in {loot_tables:mutantmonsters:entities/mutant_skeleton/pelvis}.pools[1].entries[0]->{botania:elementium_axe_beheading}.pools[6].condition[2]: Parameters [<parameter minecraft:killer_entity>] are not provided in this context
[11May2026 19:17:55.949] [main/WARN] [net.minecraft.world.level.storage.loot.LootDataManager/]: Found loot table element validation problem in {loot_tables:mutantmonsters:entities/mutant_skeleton/shoulder_pad}.pools[1].entries[0]->{botania:elementium_axe_beheading}.pools[4].condition[2]: Parameters [<parameter minecraft:killer_entity>] are not provided in this context
[11May2026 19:17:55.949] [main/WARN] [net.minecraft.world.level.storage.loot.LootDataManager/]: Found loot table element validation problem in {loot_tables:phantasm:blocks/hanging_pream_leaves}.pools[0].entries[0].entry[1]: Empty children list
[11May2026 19:17:55.949] [main/WARN] [net.minecraft.world.level.storage.loot.LootDataManager/]: Found loot table element validation problem in {loot_tables:mutantmonsters:entities/mutant_skeleton/rib}.pools[1].entries[0]->{botania:elementium_axe_beheading}.pools[3].condition[0]: Parameters [<parameter minecraft:origin>, <parameter minecraft:last_damage_player>] are not provided in this context
[11May2026 19:17:55.949] [main/WARN] [net.minecraft.world.level.storage.loot.LootDataManager/]: Found loot table element validation problem in {loot_tables:mutantmonsters:entities/mutant_skeleton/shoulder_pad}.pools[1].entries[0]->{botania:elementium_axe_beheading}.pools[0].condition[0]: Parameters [<parameter minecraft:origin>, <parameter minecraft:last_damage_player>] are not provided in this context
[11May2026 19:17:55.949] [main/WARN] [net.minecraft.world.level.storage.loot.LootDataManager/]: Found loot table element validation problem in {loot_tables:mutantmonsters:entities/mutant_skeleton/limb}.pools[1].entries[0]->{botania:elementium_axe_beheading}.pools[5].condition[0]: Parameters [<parameter minecraft:origin>, <parameter minecraft:last_damage_player>] are not provided in this context
[11May2026 19:17:55.950] [main/WARN] [net.minecraft.world.level.storage.loot.LootDataManager/]: Found loot table element validation problem in {loot_tables:mutantmonsters:entities/mutant_skeleton/rib}.pools[1].entries[0]->{botania:elementium_axe_beheading}.pools[3].condition[1].term[0]: Parameters [<parameter minecraft:origin>] are not provided in this context
[11May2026 19:17:55.950] [main/WARN] [net.minecraft.world.level.storage.loot.LootDataManager/]: Found loot table element validation problem in {loot_tables:mutantmonsters:entities/mutant_skeleton/skull}.pools[1].entries[0]->{botania:elementium_axe_beheading}.pools[4].condition[1]: Parameters [<parameter minecraft:origin>] are not provided in this context
[11May2026 19:17:55.950] [main/WARN] [net.minecraft.world.level.storage.loot.LootDataManager/]: Found loot table element validation problem in {loot_tables:mutantmonsters:entities/mutant_skeleton/limb}.pools[1].entries[0]->{botania:elementium_axe_beheading}.pools[3].condition[0]: Parameters [<parameter minecraft:origin>, <parameter minecraft:last_damage_player>] are not provided in this context
[11May2026 19:17:55.950] [main/WARN] [net.minecraft.world.level.storage.loot.LootDataManager/]: Found loot table element validation problem in {loot_tables:aquamirae:entities/maw_random_item}.pools[1].entries[0]->{botania:elementium_axe_beheading}.pools[5].condition[0]: Parameters [<parameter minecraft:last_damage_player>] are not provided in this context
[11May2026 19:17:55.950] [main/WARN] [net.minecraft.world.level.storage.loot.LootDataManager/]: Found loot table element validation problem in {loot_tables:mutantmonsters:entities/mutant_skeleton/rib}.pools[1].entries[0]->{botania:elementium_axe_beheading}.pools[0].condition[1]: Parameters [<parameter minecraft:origin>] are not provided in this context
[11May2026 19:17:55.950] [main/WARN] [net.minecraft.world.level.storage.loot.LootDataManager/]: Found loot table element validation problem in {loot_tables:mutantmonsters:entities/mutant_skeleton/skull}.pools[1].entries[0]->{botania:elementium_axe_beheading}.pools[5].condition[0]: Parameters [<parameter minecraft:origin>, <parameter minecraft:last_damage_player>] are not provided in this context
[11May2026 19:17:55.950] [main/WARN] [net.minecraft.world.level.storage.loot.LootDataManager/]: Found loot table element validation problem in {loot_tables:mutantmonsters:entities/mutant_skeleton/pelvis}.pools[1].entries[0]->{botania:elementium_axe_beheading}.pools[4].condition[2]: Parameters [<parameter minecraft:killer_entity>] are not provided in this context
[11May2026 19:17:55.950] [main/WARN] [net.minecraft.world.level.storage.loot.LootDataManager/]: Found loot table element validation problem in {loot_tables:mutantmonsters:entities/mutant_skeleton/limb}.pools[1].entries[0]->{botania:elementium_axe_beheading}.pools[1].condition[2]: Parameters [<parameter minecraft:origin>] are not provided in this context
[11May2026 19:17:55.950] [main/WARN] [net.minecraft.world.level.storage.loot.LootDataManager/]: Found loot table element validation problem in {loot_tables:mutantmonsters:entities/mutant_skeleton/shoulder_pad}.pools[1].entries[0]->{botania:elementium_axe_beheading}.pools[5].condition[2]: Parameters [<parameter minecraft:killer_entity>] are not provided in this context
[11May2026 19:17:55.950] [main/WARN] [net.minecraft.world.level.storage.loot.LootDataManager/]: Found loot table element validation problem in {loot_tables:mutantmonsters:entities/mutant_skeleton/shoulder_pad}.pools[1].entries[0]->{botania:elementium_axe_beheading}.pools[6].condition[1]: Parameters [<parameter minecraft:origin>] are not provided in this context
[11May2026 19:17:55.950] [main/WARN] [net.minecraft.world.level.storage.loot.LootDataManager/]: Found loot table element validation problem in {loot_tables:mutantmonsters:entities/mutant_skeleton/pelvis}.pools[1].entries[0]->{botania:elementium_axe_beheading}.pools[5].condition[1]: Parameters [<parameter minecraft:origin>] are not provided in this context
[11May2026 19:17:55.951] [main/WARN] [net.minecraft.world.level.storage.loot.LootDataManager/]: Found loot table element validation problem in {loot_tables:mutantmonsters:entities/mutant_skeleton/rib}.pools[1].entries[0]->{botania:elementium_axe_beheading}.pools[1].condition[0]: Parameters [<parameter minecraft:origin>, <parameter minecraft:last_damage_player>] are not provided in this context
[11May2026 19:17:55.951] [main/WARN] [net.minecraft.world.level.storage.loot.LootDataManager/]: Found loot table element validation problem in {loot_tables:mutantmonsters:entities/mutant_skeleton/skull}.pools[1].entries[0]->{botania:elementium_axe_beheading}.pools[3].condition[2]: Parameters [<parameter minecraft:killer_entity>] are not provided in this context
[11May2026 19:17:55.951] [main/WARN] [net.minecraft.world.level.storage.loot.LootDataManager/]: Found loot table element validation problem in {loot_tables:mutantmonsters:entities/mutant_skeleton/skull}.pools[1].entries[0]->{botania:elementium_axe_beheading}.pools[1].condition[3]: Parameters [<parameter minecraft:killer_entity>] are not provided in this context
[11May2026 19:17:55.951] [main/WARN] [net.minecraft.world.level.storage.loot.LootDataManager/]: Found loot table element validation problem in {loot_tables:mutantmonsters:entities/mutant_skeleton/pelvis}.pools[1].entries[0]->{botania:elementium_axe_beheading}.pools[6].condition[1]: Parameters [<parameter minecraft:origin>] are not provided in this context
[11May2026 19:17:55.951] [main/WARN] [net.minecraft.world.level.storage.loot.LootDataManager/]: Found loot table element validation problem in {loot_tables:mutantmonsters:entities/mutant_skeleton/pelvis}.pools[1].entries[0]->{botania:elementium_axe_beheading}.pools[2].condition[1].term[0]: Parameters [<parameter minecraft:origin>] are not provided in this context
[11May2026 19:17:55.951] [main/WARN] [net.minecraft.world.level.storage.loot.LootDataManager/]: Found loot table element validation problem in {loot_tables:mutantmonsters:entities/mutant_skeleton/limb}.pools[1].entries[0]->{botania:elementium_axe_beheading}.pools[1].condition[3]: Parameters [<parameter minecraft:killer_entity>] are not provided in this context
[11May2026 19:17:55.951] [main/WARN] [net.minecraft.world.level.storage.loot.LootDataManager/]: Found loot table element validation problem in {loot_tables:mutantmonsters:entities/mutant_skeleton/rib}.pools[1].entries[0]->{botania:elementium_axe_beheading}.pools[2].condition[1].term[3]: Parameters [<parameter minecraft:origin>] are not provided in this context
[11May2026 19:17:55.951] [main/WARN] [net.minecraft.world.level.storage.loot.LootDataManager/]: Found loot table element validation problem in {loot_tables:mutantmonsters:entities/mutant_skeleton/limb}.pools[1].entries[0]->{botania:elementium_axe_beheading}.pools[4].condition[0]: Parameters [<parameter minecraft:origin>, <parameter minecraft:last_damage_player>] are not provided in this context
[11May2026 19:17:56.327] [main/INFO] [Cucumber Library/]: Registered 0 recipes in 0 ms
[11May2026 19:17:56.516] [main/ERROR] [net.minecraft.world.item.crafting.RecipeManager/]: Parsing error loading recipe sophisticatedstorage:bamboo_chest_from_quark_bamboo_chest: com.google.gson.JsonSyntaxException: Item array cannot be empty, at least one item must be defined
[11May2026 19:17:56.548] [main/WARN] [com.simibubi.create.Create/]: Your custom createaddition:rolling/brass_ingot recipe (createaddition:rolling/brass_ingot) specified a duration. Durations have no impact on this type of recipe.
[11May2026 19:17:56.553] [main/ERROR] [net.minecraft.world.item.crafting.RecipeManager/]: Parsing error loading recipe farmersdelight:cutting/azure_door: com.google.gson.JsonSyntaxException: Unknown ingredient type: farmersdelight:tool
[11May2026 19:17:56.624] [main/INFO] [Spartan Weaponry/]: Empty result tag:"forge:nuggets/tin" Skipping...
[11May2026 19:17:56.727] [main/ERROR] [net.minecraft.world.item.crafting.RecipeManager/]: Parsing error loading recipe aetherdelight:addon_redux/aether_grass_from_bale: com.google.gson.JsonSyntaxException: Unknown item 'aether_redux:bundle_of_aether_grass'
[11May2026 19:17:56.732] [main/ERROR] [net.minecraft.world.item.crafting.RecipeManager/]: Parsing error loading recipe aetherdelight:addon_redux/cutting/axe/fieldsprout_wood: com.google.gson.JsonSyntaxException: Unknown item 'aether_redux:fieldsprout_wood'
[11May2026 19:17:56.742] [main/ERROR] [net.minecraft.world.item.crafting.RecipeManager/]: Parsing error loading recipe outer_end:violite/bricks/vertical_slab: com.google.gson.JsonSyntaxException: Unknown item 'outer_end:violite_brick_vertical_slab'
[11May2026 19:17:56.804] [main/INFO] [Spartan Weaponry/]: Empty result tag:"forge:nuggets/nickel" Skipping...
[11May2026 19:17:56.816] [main/ERROR] [net.minecraft.world.item.crafting.RecipeManager/]: Parsing error loading recipe outer_end:azure_vertical_to_slab: com.google.gson.JsonSyntaxException: Unknown item 'outer_end:azure_vertical_slab'
[11May2026 19:17:56.857] [main/INFO] [Spartan Weaponry/]: Empty result tag:"forge:nuggets/platinum" Skipping...
[11May2026 19:17:56.871] [main/ERROR] [net.minecraft.world.item.crafting.RecipeManager/]: Parsing error loading recipe sophisticatedstorage:crimson_chest_from_quark_crimson_chest: com.google.gson.JsonSyntaxException: Item array cannot be empty, at least one item must be defined
[11May2026 19:17:56.902] [main/ERROR] [net.minecraft.world.item.crafting.RecipeManager/]: Parsing error loading recipe aetherdelight:addon_redux/chromaberry_from_crate: com.google.gson.JsonSyntaxException: Unknown item 'aether_redux:chromaberry'
[11May2026 19:17:56.928] [main/ERROR] [net.minecraft.world.item.crafting.RecipeManager/]: Parsing error loading recipe outer_end:himmel_vertical_to_slab: com.google.gson.JsonSyntaxException: Unknown item 'outer_end:himmel_vertical_slab'
[11May2026 19:17:56.938] [main/ERROR] [net.minecraft.world.item.crafting.RecipeManager/]: Parsing error loading recipe sophisticatedstorage:jungle_chest_from_quark_jungle_chest: com.google.gson.JsonSyntaxException: Item array cannot be empty, at least one item must be defined
[11May2026 19:17:56.971] [main/ERROR] [net.minecraft.world.item.crafting.RecipeManager/]: Parsing error loading recipe aetherdelight:addon_redux/cutting/knife/tall_cloudcap: com.google.gson.JsonSyntaxException: Unknown item 'aether_redux:tall_cloudcap'
[11May2026 19:17:56.982] [main/ERROR] [net.minecraft.world.item.crafting.RecipeManager/]: Parsing error loading recipe aetherdelight:addon_redux/strange_root_salad: com.google.gson.JsonSyntaxException: Unknown item 'aether_redux:quickroot'
[11May2026 19:17:57.023] [main/WARN] [com.simibubi.create.Create/]: Your custom createaddition:rolling/electrum_ingot recipe (createaddition:rolling/electrum_ingot) specified a duration. Durations have no impact on this type of recipe.
[11May2026 19:17:57.081] [main/ERROR] [net.minecraft.world.item.crafting.RecipeManager/]: Parsing error loading recipe outer_end:violite/tiles/vertical_slab: com.google.gson.JsonSyntaxException: Unknown item 'outer_end:violite_tile_vertical_slab'
[11May2026 19:17:57.095] [main/ERROR] [net.minecraft.world.item.crafting.RecipeManager/]: Parsing error loading recipe aetherdelight:addon_redux/cutting/knife/blighted_fungi: com.google.gson.JsonSyntaxException: Unknown item 'aether_redux:blighted_fungi'
[11May2026 19:17:57.108] [main/ERROR] [net.minecraft.world.item.crafting.RecipeManager/]: Parsing error loading recipe alexsdelight:barbecue_on_a_stick: com.google.gson.JsonSyntaxException: Unknown item 'amfd:singular_cooked_moose_rib'
[11May2026 19:17:57.110] [main/ERROR] [net.minecraft.world.item.crafting.RecipeManager/]: Parsing error loading recipe ancient_aether:ancient_rune: com.google.gson.JsonSyntaxException: Unknown item 'ancient_aether:ancient_rune'
[11May2026 19:17:57.187] [main/ERROR] [net.minecraft.world.item.crafting.RecipeManager/]: Parsing error loading recipe aetherdelight:addon_redux/cutting/axe/springshroom_hyphae: com.google.gson.JsonSyntaxException: Unknown item 'aether_redux:springshroom_hyphae'
[11May2026 19:17:57.188] [main/ERROR] [net.minecraft.world.item.crafting.RecipeManager/]: Parsing error loading recipe aetherdelight:addon_redux/cutting/axe/springshroom_stem: com.google.gson.JsonSyntaxException: Unknown item 'aether_redux:springshroom_stem'
[11May2026 19:17:57.192] [main/ERROR] [net.minecraft.world.item.crafting.RecipeManager/]: Parsing error loading recipe sophisticatedstorage:spruce_chest_from_quark_spruce_chest: com.google.gson.JsonSyntaxException: Item array cannot be empty, at least one item must be defined
[11May2026 19:17:57.216] [main/WARN] [com.simibubi.create.Create/]: Your custom createaddition:rolling/straw recipe (createaddition:rolling/straw) specified a duration. Durations have no impact on this type of recipe.
[11May2026 19:17:57.243] [main/ERROR] [net.minecraft.world.item.crafting.RecipeManager/]: Parsing error loading recipe outer_end:violite/vertical_slab: com.google.gson.JsonSyntaxException: Unknown item 'outer_end:violite_vertical_slab'
[11May2026 19:17:57.246] [main/INFO] [Spartan Weaponry/]: Empty result tag:"forge:nuggets/platinum" Skipping...
[11May2026 19:17:57.300] [main/INFO] [Spartan Weaponry/]: Empty result tag:"forge:nuggets/bronze" Skipping...
[11May2026 19:17:57.338] [main/ERROR] [net.minecraft.world.item.crafting.RecipeManager/]: Parsing error loading recipe farmersdelight:cutting/azure_pith: com.google.gson.JsonSyntaxException: Unknown ingredient type: farmersdelight:tool
[11May2026 19:17:57.339] [main/ERROR] [net.minecraft.world.item.crafting.RecipeManager/]: Parsing error loading recipe aetherdelight:addon_redux/cutting/axe/fieldsprout_log: com.google.gson.JsonSyntaxException: Unknown item 'aether_redux:fieldsprout_log'
[11May2026 19:17:57.340] [main/INFO] [Spartan Weaponry/]: Empty result tag:"forge:nuggets/lead" Skipping...
[11May2026 19:17:57.341] [main/ERROR] [net.minecraft.world.item.crafting.RecipeManager/]: Parsing error loading recipe sophisticatedstorage:warped_chest_from_quark_warped_chest: com.google.gson.JsonSyntaxException: Item array cannot be empty, at least one item must be defined
[11May2026 19:17:57.453] [main/ERROR] [net.minecraft.world.item.crafting.RecipeManager/]: Parsing error loading recipe outer_end:violite/mossy_bricks/vertical_slab: com.google.gson.JsonSyntaxException: Unknown item 'outer_end:mossy_violite_brick_vertical_slab'
[11May2026 19:17:57.517] [main/ERROR] [net.minecraft.world.item.crafting.RecipeManager/]: Parsing error loading recipe aetherdelight:addon_redux/quickroot_crate: com.google.gson.JsonSyntaxException: Unknown item 'aether_redux:quickroot'
[11May2026 19:17:57.529] [main/INFO] [Spartan Weaponry/]: Empty result tag:"forge:nuggets/tin" Skipping...
[11May2026 19:17:57.578] [main/ERROR] [net.minecraft.world.item.crafting.RecipeManager/]: Parsing error loading recipe outer_end:himmel_vertical_slab: com.google.gson.JsonSyntaxException: Unknown item 'outer_end:himmel_vertical_slab'
[11May2026 19:17:57.611] [main/INFO] [Spartan Weaponry/]: Empty result tag:"forge:nuggets/steel" Skipping...
[11May2026 19:17:57.612] [main/INFO] [Spartan Weaponry/]: Empty result tag:"forge:nuggets/invar" Skipping...
[11May2026 19:17:57.615] [main/INFO] [Spartan Weaponry/]: Empty result tag:"forge:nuggets/constantan" Skipping...
[11May2026 19:17:57.658] [main/INFO] [Spartan Weaponry/]: Empty result tag:"forge:nuggets/steel" Skipping...
[11May2026 19:17:57.669] [main/ERROR] [net.minecraft.world.item.crafting.RecipeManager/]: Parsing error loading recipe aether_redux:genesis_dark_gummy_swet: com.google.gson.JsonSyntaxException: Unknown item 'aether_genesis:dark_swet_ball'
[11May2026 19:17:57.700] [main/INFO] [Spartan Weaponry/]: Empty result tag:"forge:nuggets/lead" Skipping...
[11May2026 19:17:57.702] [main/ERROR] [net.minecraft.world.item.crafting.RecipeManager/]: Parsing error loading recipe aetherdelight:addon_redux/cutting/knife/gilded_white_flower: com.google.gson.JsonSyntaxException: Unknown item 'aether_redux:gilded_white_flower'
[11May2026 19:17:57.710] [main/WARN] [com.simibubi.create.Create/]: Your custom createaddition:rolling/copper_ingot recipe (createaddition:rolling/copper_ingot) specified a duration. Durations have no impact on this type of recipe.
[11May2026 19:17:57.712] [main/ERROR] [net.minecraft.world.item.crafting.RecipeManager/]: Parsing error loading recipe sophisticatedstorage:acacia_chest_from_quark_acacia_chest: com.google.gson.JsonSyntaxException: Item array cannot be empty, at least one item must be defined
[11May2026 19:17:57.785] [main/ERROR] [net.minecraft.world.item.crafting.RecipeManager/]: Parsing error loading recipe iammusicplayer:manual: com.google.gson.JsonSyntaxException: Unknown item 'iammusicplayer:manual'
[11May2026 19:17:57.801] [main/INFO] [Spartan Weaponry/]: Empty result tag:"forge:nuggets/invar" Skipping...
[11May2026 19:17:57.825] [main/ERROR] [net.minecraft.world.item.crafting.RecipeManager/]: Parsing error loading recipe aetherdelight:addon_redux/luxbuds_salad: com.google.gson.JsonSyntaxException: Unknown item 'aether_redux:purified_luxbuds'
[11May2026 19:17:57.837] [main/INFO] [Spartan Weaponry/]: Empty result tag:"forge:nuggets/aluminum" Skipping...
[11May2026 19:17:57.847] [main/ERROR] [net.minecraft.world.item.crafting.RecipeManager/]: Parsing error loading recipe outer_end:stripped_azure_post: com.google.gson.JsonSyntaxException: Unknown item 'outer_end:stripped_azure_post'
[11May2026 19:17:57.848] [main/ERROR] [net.minecraft.world.item.crafting.RecipeManager/]: Parsing error loading recipe sophisticatedstorage:birch_chest_from_quark_birch_chest: com.google.gson.JsonSyntaxException: Item array cannot be empty, at least one item must be defined
[11May2026 19:17:57.866] [main/ERROR] [net.minecraft.world.item.crafting.RecipeManager/]: Parsing error loading recipe outer_end:violite/mossy_bricks/slab_from_vertical_slab: com.google.gson.JsonSyntaxException: Unknown item 'outer_end:mossy_violite_brick_vertical_slab'
[11May2026 19:17:57.867] [main/ERROR] [net.minecraft.world.item.crafting.RecipeManager/]: Parsing error loading recipe aetherdelight:addon_redux/quickroot_from_crate: com.google.gson.JsonSyntaxException: Unknown item 'aether_redux:quickroot'
[11May2026 19:17:57.920] [main/WARN] [com.simibubi.create.Create/]: Your custom createaddition:rolling/electrum_plate recipe (createaddition:rolling/electrum_plate) specified a duration. Durations have no impact on this type of recipe.
[11May2026 19:17:57.920] [main/ERROR] [net.minecraft.world.item.crafting.RecipeManager/]: Parsing error loading recipe outer_end:violite/slab_from_vertical_slab: com.google.gson.JsonSyntaxException: Unknown item 'outer_end:violite_vertical_slab'
[11May2026 19:17:57.951] [main/ERROR] [net.minecraft.world.item.crafting.RecipeManager/]: Parsing error loading recipe aetherdelight:addon_redux/oat_cookie: com.google.gson.JsonSyntaxException: Unknown item 'aether_redux:chromaberry'
[11May2026 19:17:57.961] [main/INFO] [Spartan Weaponry/]: Empty result tag:"forge:nuggets/bronze" Skipping...
[11May2026 19:17:57.981] [main/WARN] [com.simibubi.create.Create/]: Your custom createaddition:rolling/iron_plate recipe (createaddition:rolling/iron_plate) specified a duration. Durations have no impact on this type of recipe.
[11May2026 19:17:58.010] [main/ERROR] [net.minecraft.world.item.crafting.RecipeManager/]: Parsing error loading recipe aetherdelight:addon_redux/cutting/knife/frosted_purple_flower: com.google.gson.JsonSyntaxException: Unknown item 'aether_redux:frosted_purple_flower'
[11May2026 19:17:58.038] [main/WARN] [com.simibubi.create.Create/]: Your custom createaddition:rolling/gold_plate recipe (createaddition:rolling/gold_plate) specified a duration. Durations have no impact on this type of recipe.
[11May2026 19:17:58.042] [main/ERROR] [net.minecraft.world.item.crafting.RecipeManager/]: Parsing error loading recipe sophisticatedstorage:dark_oak_chest_from_quark_dark_oak_chest: com.google.gson.JsonSyntaxException: Item array cannot be empty, at least one item must be defined
[11May2026 19:17:58.060] [main/ERROR] [net.minecraft.world.item.crafting.RecipeManager/]: Parsing error loading recipe aether_treasure_reforging:valkyrie_upgrade_smithing_template: com.google.gson.JsonSyntaxException: Unknown item 'aether_treasure_reforging:valkyrie_upgrade_smithing_template'
[11May2026 19:17:58.062] [main/ERROR] [net.minecraft.world.item.crafting.RecipeManager/]: Parsing error loading recipe outer_end:violite/bricks/slab_from_vertical_slab: com.google.gson.JsonSyntaxException: Unknown item 'outer_end:violite_brick_vertical_slab'
[11May2026 19:17:58.075] [main/ERROR] [net.minecraft.world.item.crafting.RecipeManager/]: Parsing error loading recipe farmersdelight:cutting/azure_sign: com.google.gson.JsonSyntaxException: Unknown ingredient type: farmersdelight:tool
[11May2026 19:17:58.163] [main/INFO] [Spartan Weaponry/]: Empty result tag:"forge:nuggets/constantan" Skipping...
[11May2026 19:17:58.164] [main/WARN] [com.simibubi.create.Create/]: Your custom createaddition:rolling/iron_ingot recipe (createaddition:rolling/iron_ingot) specified a duration. Durations have no impact on this type of recipe.
[11May2026 19:17:58.187] [main/ERROR] [net.minecraft.world.item.crafting.RecipeManager/]: Parsing error loading recipe aetherdelight:addon_redux/cutting/knife/fieldsprout_petals: com.google.gson.JsonSyntaxException: Unknown item 'aether_redux:fieldsprout_petals'
[11May2026 19:17:58.188] [main/ERROR] [net.minecraft.world.item.crafting.RecipeManager/]: Parsing error loading recipe aether_treasure_reforging:phoenix_upgrade_smithing_template: com.google.gson.JsonSyntaxException: Unknown item 'aether_treasure_reforging:phoenix_upgrade_smithing_template'
[11May2026 19:17:58.189] [main/ERROR] [net.minecraft.world.item.crafting.RecipeManager/]: Parsing error loading recipe outer_end:violite/tiles/slab_from_vertical_slab: com.google.gson.JsonSyntaxException: Unknown item 'outer_end:violite_tile_vertical_slab'
[11May2026 19:17:58.189] [main/ERROR] [net.minecraft.world.item.crafting.RecipeManager/]: Parsing error loading recipe sophisticatedstorage:cherry_chest_from_quark_cherry_chest: com.google.gson.JsonSyntaxException: Item array cannot be empty, at least one item must be defined
[11May2026 19:17:58.190] [main/ERROR] [net.minecraft.world.item.crafting.RecipeManager/]: Parsing error loading recipe outer_end:azure_vertical_slab: com.google.gson.JsonSyntaxException: Unknown item 'outer_end:azure_vertical_slab'
[11May2026 19:17:58.211] [main/WARN] [com.simibubi.create.Create/]: Your custom createaddition:rolling/gold_ingot recipe (createaddition:rolling/gold_ingot) specified a duration. Durations have no impact on this type of recipe.
[11May2026 19:17:58.223] [main/INFO] [Spartan Weaponry/]: Empty result tag:"forge:nuggets/aluminum" Skipping...
[11May2026 19:17:58.257] [main/ERROR] [net.minecraft.world.item.crafting.RecipeManager/]: Parsing error loading recipe outer_end:azure_post: com.google.gson.JsonSyntaxException: Unknown item 'outer_end:azure_post'
[11May2026 19:17:58.271] [main/ERROR] [net.minecraft.world.item.crafting.RecipeManager/]: Parsing error loading recipe sophisticatedstorage:mangrove_chest_from_quark_mangrove_chest: com.google.gson.JsonSyntaxException: Item array cannot be empty, at least one item must be defined
[11May2026 19:17:58.272] [main/ERROR] [net.minecraft.world.item.crafting.RecipeManager/]: Parsing error loading recipe outer_end:violite/mossy_tiles/slab_from_vertical_slab: com.google.gson.JsonSyntaxException: Unknown item 'outer_end:mossy_violite_tile_vertical_slab'
[11May2026 19:17:58.273] [main/ERROR] [net.minecraft.world.item.crafting.RecipeManager/]: Parsing error loading recipe aetherdelight:addon_redux/aether_grass_bale: com.google.gson.JsonSyntaxException: Unknown item 'aether_redux:bundle_of_aether_grass'
[11May2026 19:17:58.306] [main/ERROR] [net.minecraft.world.item.crafting.RecipeManager/]: Parsing error loading recipe outer_end:violite/mossy_tiles/vertical_slab: com.google.gson.JsonSyntaxException: Unknown item 'outer_end:mossy_violite_tile_vertical_slab'
[11May2026 19:17:58.307] [main/WARN] [com.simibubi.create.Create/]: Your custom createaddition:rolling/copper_plate recipe (createaddition:rolling/copper_plate) specified a duration. Durations have no impact on this type of recipe.
[11May2026 19:17:58.308] [main/ERROR] [net.minecraft.world.item.crafting.RecipeManager/]: Parsing error loading recipe farmersdelight:cutting/azure_stem: com.google.gson.JsonSyntaxException: Unknown ingredient type: farmersdelight:tool
[11May2026 19:17:58.309] [main/ERROR] [net.minecraft.world.item.crafting.RecipeManager/]: Parsing error loading recipe aetherdelight:addon_redux/straw: com.google.gson.JsonSyntaxException: Unknown item 'aether_redux:bundle_of_aether_grass'
[11May2026 19:17:58.322] [main/ERROR] [net.minecraft.world.item.crafting.RecipeManager/]: Parsing error loading recipe aetherdelight:addon_redux/cutting/knife/sweetblossom: com.google.gson.JsonSyntaxException: Unknown item 'aether_redux:sweetblossom'
[11May2026 19:17:58.335] [main/ERROR] [net.minecraft.world.item.crafting.RecipeManager/]: Parsing error loading recipe sophisticatedstorage:oak_chest_from_quark_oak_chest: com.google.gson.JsonSyntaxException: Item array cannot be empty, at least one item must be defined
[11May2026 19:17:58.337] [main/INFO] [Spartan Weaponry/]: Empty result tag:"forge:nuggets/nickel" Skipping...
[11May2026 19:17:58.342] [main/ERROR] [net.minecraft.world.item.crafting.RecipeManager/]: Parsing error loading recipe aether_treasure_reforging:neptune_upgrade_smithing_template: com.google.gson.JsonSyntaxException: Unknown item 'aether_treasure_reforging:neptune_upgrade_smithing_template'
[11May2026 19:17:58.355] [main/ERROR] [net.minecraft.world.item.crafting.RecipeManager/]: Parsing error loading recipe farmersdelight:cutting/azure_trapdoor: com.google.gson.JsonSyntaxException: Unknown ingredient type: farmersdelight:tool
[11May2026 19:17:58.359] [main/ERROR] [net.minecraft.world.item.crafting.RecipeManager/]: Parsing error loading recipe aetherdelight:addon_redux/chromaberry_crate: com.google.gson.JsonSyntaxException: Unknown item 'aether_redux:chromaberry'
[11May2026 19:17:58.372] [main/INFO] [net.minecraft.world.item.crafting.RecipeManager/]: Loaded 88 recipes
[11May2026 19:17:58.423] [main/INFO] [com.teamabnormals.blueprint.core.Blueprint/]: Advancement Modification Manager has loaded 6 modifier groups
[11May2026 19:17:58.534] [main/ERROR] [net.minecraft.server.ServerAdvancementManager/]: Parsing error loading custom advancement aether_redux:recipes/genesis_dark_gummy_swet: Unknown item id 'aether_genesis:dark_swet_ball'
[11May2026 19:17:58.602] [main/ERROR] [net.minecraft.server.ServerAdvancementManager/]: Parsing error loading custom advancement spartanshields:recipes/dark_steel_riot_basic_shield: Unknown item id 'enderio:octadic_capacitor'
[11May2026 19:17:58.629] [main/ERROR] [net.minecraft.server.ServerAdvancementManager/]: Parsing error loading custom advancement sob:get_prickly_pear: Expected item to be an item, was unknown string 'sob:prickly_pear'
[11May2026 19:17:58.682] [main/ERROR] [net.minecraft.server.ServerAdvancementManager/]: Parsing error loading custom advancement spartanshields:recipes/basic_mekanists_basic_shield: Unknown item id 'mekanism:energy_tablet'
[11May2026 19:17:58.723] [main/ERROR] [net.minecraft.server.ServerAdvancementManager/]: Parsing error loading custom advancement spartanshields:recipes/basic_mekanists_tower_shield: Unknown item id 'mekanism:energy_tablet'
[11May2026 19:17:58.799] [main/ERROR] [net.minecraft.server.ServerAdvancementManager/]: Parsing error loading custom advancement outer_end:end/find_catacombs: Expected item to be an item, was unknown string 'outer_end:chiseled_violite'
[11May2026 19:17:58.814] [main/ERROR] [net.minecraft.server.ServerAdvancementManager/]: Parsing error loading custom advancement spartanshields:recipes/dark_steel_riot_tower_shield: Unknown item id 'enderio:octadic_capacitor'
[11May2026 19:17:58.843] [main/INFO] [quark/]: [Automatic Recipe Unlock] Removed 15423 recipe advancements
[11May2026 19:17:58.862] [main/INFO] [net.minecraft.advancements.AdvancementList/]: Loaded 1894 advancements
[11May2026 19:17:58.880] [main/INFO] [placebo/]: Registered 0 additional recipes.
[11May2026 19:17:58.886] [main/INFO] [com.cupboard.Cupboard/]: Loaded config for: lootintegrations.json
[11May2026 19:17:58.901] [main/INFO] [top.theillusivec4.curios.Curios/]: Loaded 23 curio slots
[11May2026 19:17:58.908] [main/INFO] [top.theillusivec4.curios.Curios/]: Loaded 13 curio entities
[11May2026 19:17:58.922] [main/WARN] [net.minecraftforge.common.loot.LootModifierManager/]: Could not decode GlobalLootModifier with json id bygonenether:soul_stone_from_block - error: Unknown registry key in ResourceKey[minecraft:root / forge:global_loot_modifier_serializers]: bygonenether:replace_item
[11May2026 19:17:58.923] [main/WARN] [net.minecraftforge.common.loot.LootModifierManager/]: Could not decode GlobalLootModifier with json id bygonenether:soul_stone_in_catacombs - error: Unknown registry key in ResourceKey[minecraft:root / forge:global_loot_modifier_serializers]: bygonenether:replace_item
[11May2026 19:17:58.926] [main/WARN] [net.minecraftforge.common.loot.LootModifierManager/]: Unable to decode loot conditions
com.google.gson.JsonSyntaxException: Unknown type 'neoforge:loot_table_id'
	at net.minecraft.world.level.storage.loot.GsonAdapterFactory$JsonAdapter.deserialize(GsonAdapterFactory.java:99) ~[server-1.20.1-20230612.114412-srg.jar%23775!/:?]
	at com.google.gson.internal.bind.TreeTypeAdapter.read(TreeTypeAdapter.java:76) ~[gson-2.10.jar%2370!/:?]
	at com.google.gson.internal.bind.TypeAdapterRuntimeTypeWrapper.read(TypeAdapterRuntimeTypeWrapper.java:40) ~[gson-2.10.jar%2370!/:?]
	at com.google.gson.internal.bind.ArrayTypeAdapter.read(ArrayTypeAdapter.java:72) ~[gson-2.10.jar%2370!/:?]
	at com.google.gson.Gson.fromJson(Gson.java:1214) ~[gson-2.10.jar%2370!/:?]
	at com.google.gson.Gson.fromJson(Gson.java:1319) ~[gson-2.10.jar%2370!/:?]
	at com.google.gson.Gson.fromJson(Gson.java:1290) ~[gson-2.10.jar%2370!/:?]
	at com.google.gson.internal.bind.TreeTypeAdapter$GsonContextImpl.deserialize(TreeTypeAdapter.java:179) ~[gson-2.10.jar%2370!/:?]
	at net.minecraft.util.GsonHelper.m_13808_(GsonHelper.java:463) ~[server-1.20.1-20230612.114412-srg.jar%23775!/:?]
	at net.minecraft.util.GsonHelper.m_13836_(GsonHelper.java:471) ~[server-1.20.1-20230612.114412-srg.jar%23775!/:?]
	at net.minecraft.world.level.storage.loot.predicates.CompositeLootItemCondition$Serializer.m_7561_(CompositeLootItemCondition.java:68) ~[server-1.20.1-20230612.114412-srg.jar%23775!/:?]
	at net.minecraft.world.level.storage.loot.predicates.CompositeLootItemCondition$Serializer.m_7561_(CompositeLootItemCondition.java:60) ~[server-1.20.1-20230612.114412-srg.jar%23775!/:?]
	at net.minecraft.world.level.storage.loot.GsonAdapterFactory$JsonAdapter.deserialize(GsonAdapterFactory.java:102) ~[server-1.20.1-20230612.114412-srg.jar%23775!/:?]
	at com.google.gson.internal.bind.TreeTypeAdapter.read(TreeTypeAdapter.java:76) ~[gson-2.10.jar%2370!/:?]
	at com.google.gson.internal.bind.TypeAdapterRuntimeTypeWrapper.read(TypeAdapterRuntimeTypeWrapper.java:40) ~[gson-2.10.jar%2370!/:?]
	at com.google.gson.internal.bind.ArrayTypeAdapter.read(ArrayTypeAdapter.java:72) ~[gson-2.10.jar%2370!/:?]
	at com.google.gson.Gson.fromJson(Gson.java:1214) ~[gson-2.10.jar%2370!/:?]
	at com.google.gson.Gson.fromJson(Gson.java:1319) ~[gson-2.10.jar%2370!/:?]
	at com.google.gson.Gson.fromJson(Gson.java:1261) ~[gson-2.10.jar%2370!/:?]
	at net.minecraftforge.common.loot.IGlobalLootModifier.lambda$static$1(IGlobalLootModifier.java:39) ~[forge-1.20.1-47.4.20-universal.jar%23780!/:?]
	at com.mojang.serialization.Decoder$1.lambda$decode$1(Decoder.java:49) ~[datafixerupper-6.0.8.jar%2375!/:?]
	at com.mojang.serialization.DataResult.lambda$flatMap$11(DataResult.java:139) ~[datafixerupper-6.0.8.jar%2375!/:?]
	at com.mojang.datafixers.util.Either$Left.map(Either.java:38) ~[datafixerupper-6.0.8.jar%2375!/:?]
	at com.mojang.serialization.DataResult.flatMap(DataResult.java:137) ~[datafixerupper-6.0.8.jar%2375!/:?]
	at com.mojang.serialization.Decoder$1.decode(Decoder.java:49) ~[datafixerupper-6.0.8.jar%2375!/:?]
	at com.mojang.serialization.Codec$2.decode(Codec.java:71) ~[datafixerupper-6.0.8.jar%2375!/:?]
	at com.mojang.serialization.Decoder.parse(Decoder.java:18) ~[datafixerupper-6.0.8.jar%2375!/:?]
	at com.mojang.serialization.codecs.FieldDecoder.decode(FieldDecoder.java:29) ~[datafixerupper-6.0.8.jar%2375!/:?]
	at com.mojang.serialization.MapCodec$1.decode(MapCodec.java:34) ~[datafixerupper-6.0.8.jar%2375!/:?]
	at com.mojang.serialization.codecs.RecordCodecBuilder$Instance$3.decode(RecordCodecBuilder.java:248) ~[datafixerupper-6.0.8.jar%2375!/:?]
	at com.mojang.serialization.codecs.RecordCodecBuilder$2.decode(RecordCodecBuilder.java:107) ~[datafixerupper-6.0.8.jar%2375!/:?]
	at com.mojang.serialization.codecs.KeyDispatchCodec.lambda$decode$3(KeyDispatchCodec.java:67) ~[datafixerupper-6.0.8.jar%2375!/:?]
	at com.mojang.serialization.DataResult.lambda$flatMap$11(DataResult.java:139) ~[datafixerupper-6.0.8.jar%2375!/:?]
	at com.mojang.datafixers.util.Either$Left.map(Either.java:38) ~[datafixerupper-6.0.8.jar%2375!/:?]
	at com.mojang.serialization.DataResult.flatMap(DataResult.java:137) ~[datafixerupper-6.0.8.jar%2375!/:?]
	at com.mojang.serialization.codecs.KeyDispatchCodec.lambda$decode$4(KeyDispatchCodec.java:58) ~[datafixerupper-6.0.8.jar%2375!/:?]
	at com.mojang.serialization.DataResult.lambda$flatMap$11(DataResult.java:139) ~[datafixerupper-6.0.8.jar%2375!/:?]
	at com.mojang.datafixers.util.Either$Left.map(Either.java:38) ~[datafixerupper-6.0.8.jar%2375!/:?]
	at com.mojang.serialization.DataResult.flatMap(DataResult.java:137) ~[datafixerupper-6.0.8.jar%2375!/:?]
	at com.mojang.serialization.codecs.KeyDispatchCodec.decode(KeyDispatchCodec.java:56) ~[datafixerupper-6.0.8.jar%2375!/:?]
	at com.mojang.serialization.MapDecoder.lambda$compressedDecode$1(MapDecoder.java:52) ~[datafixerupper-6.0.8.jar%2375!/:?]
	at com.mojang.serialization.DataResult.lambda$flatMap$11(DataResult.java:139) ~[datafixerupper-6.0.8.jar%2375!/:?]
	at com.mojang.datafixers.util.Either$Left.map(Either.java:38) ~[datafixerupper-6.0.8.jar%2375!/:?]
	at com.mojang.serialization.DataResult.flatMap(DataResult.java:137) ~[datafixerupper-6.0.8.jar%2375!/:?]
	at com.mojang.serialization.MapDecoder.compressedDecode(MapDecoder.java:52) ~[datafixerupper-6.0.8.jar%2375!/:?]
	at com.mojang.serialization.MapCodec$MapCodecCodec.decode(MapCodec.java:91) ~[datafixerupper-6.0.8.jar%2375!/:?]
	at com.mojang.serialization.Decoder.parse(Decoder.java:18) ~[datafixerupper-6.0.8.jar%2375!/:?]
	at net.minecraftforge.common.loot.LootModifierManager.apply(LootModifierManager.java:79) ~[forge-1.20.1-47.4.20-universal.jar%23780!/:?]
	at net.minecraftforge.common.loot.LootModifierManager.m_5787_(LootModifierManager.java:38) ~[forge-1.20.1-47.4.20-universal.jar%23780!/:?]
	at net.minecraft.server.packs.resources.SimplePreparableReloadListener.m_10789_(SimplePreparableReloadListener.java:13) ~[server-1.20.1-20230612.114412-srg.jar%23775!/:?]
	at java.util.concurrent.CompletableFuture$UniAccept.tryFire(CompletableFuture.java:718) ~[?:?]
	at java.util.concurrent.CompletableFuture$Completion.run(CompletableFuture.java:482) ~[?:?]
	at net.minecraft.server.packs.resources.SimpleReloadInstance.m_143940_(SimpleReloadInstance.java:69) ~[server-1.20.1-20230612.114412-srg.jar%23775!/:?]
	at net.minecraft.Util.m_214652_(Util.java:783) ~[server-1.20.1-20230612.114412-srg.jar%23775!/:?]
	at net.minecraft.Util.m_214679_(Util.java:772) ~[server-1.20.1-20230612.114412-srg.jar%23775!/:?]
	at net.minecraft.server.Main.main(Main.java:166) ~[server-1.20.1-20230612.114412-srg.jar%23775!/:?]
	at jdk.internal.reflect.NativeMethodAccessorImpl.invoke0(Native Method) ~[?:?]
	at jdk.internal.reflect.NativeMethodAccessorImpl.invoke(NativeMethodAccessorImpl.java:77) ~[?:?]
	at jdk.internal.reflect.DelegatingMethodAccessorImpl.invoke(DelegatingMethodAccessorImpl.java:43) ~[?:?]
	at java.lang.reflect.Method.invoke(Method.java:569) ~[?:?]
	at net.minecraftforge.fml.loading.targets.CommonLaunchHandler.runTarget(CommonLaunchHandler.java:111) ~[fmlloader-1.20.1-47.4.20.jar%2367!/:?]
	at net.minecraftforge.fml.loading.targets.CommonLaunchHandler.serverService(CommonLaunchHandler.java:103) ~[fmlloader-1.20.1-47.4.20.jar%2367!/:?]
	at net.minecraftforge.fml.loading.targets.CommonServerLaunchHandler.lambda$makeService$0(CommonServerLaunchHandler.java:27) ~[fmlloader-1.20.1-47.4.20.jar%2367!/:?]
	at cpw.mods.modlauncher.LaunchServiceHandlerDecorator.launch(LaunchServiceHandlerDecorator.java:30) ~[modlauncher-10.0.9.jar%2353!/:?]
	at cpw.mods.modlauncher.LaunchServiceHandler.launch(LaunchServiceHandler.java:53) ~[modlauncher-10.0.9.jar%2353!/:?]
	at cpw.mods.modlauncher.LaunchServiceHandler.launch(LaunchServiceHandler.java:71) ~[modlauncher-10.0.9.jar%2353!/:?]
	at cpw.mods.modlauncher.Launcher.run(Launcher.java:108) ~[modlauncher-10.0.9.jar%2353!/:?]
	at cpw.mods.modlauncher.Launcher.main(Launcher.java:78) ~[modlauncher-10.0.9.jar%2353!/:?]
	at cpw.mods.modlauncher.BootstrapLaunchConsumer.accept(BootstrapLaunchConsumer.java:26) ~[modlauncher-10.0.9.jar%2353!/:?]
	at cpw.mods.modlauncher.BootstrapLaunchConsumer.accept(BootstrapLaunchConsumer.java:23) ~[modlauncher-10.0.9.jar%2353!/:?]
	at cpw.mods.bootstraplauncher.BootstrapLauncher.main(BootstrapLauncher.java:141) ~[bootstraplauncher-1.1.2.jar:?]
[11May2026 19:17:58.929] [main/WARN] [net.minecraftforge.common.loot.LootModifierManager/]: Could not decode GlobalLootModifier with json id crittersandcompanions:inject_clams - error: Unknown type 'neoforge:loot_table_id'
[11May2026 19:17:58.936] [main/WARN] [net.minecraftforge.common.loot.LootModifierManager/]: Unable to decode loot conditions
com.google.gson.JsonSyntaxException: Unknown type 'minecraft:alternatives'
	at net.minecraft.world.level.storage.loot.GsonAdapterFactory$JsonAdapter.deserialize(GsonAdapterFactory.java:99) ~[server-1.20.1-20230612.114412-srg.jar%23775!/:?]
	at com.google.gson.internal.bind.TreeTypeAdapter.read(TreeTypeAdapter.java:76) ~[gson-2.10.jar%2370!/:?]
	at com.google.gson.internal.bind.TypeAdapterRuntimeTypeWrapper.read(TypeAdapterRuntimeTypeWrapper.java:40) ~[gson-2.10.jar%2370!/:?]
	at com.google.gson.internal.bind.ArrayTypeAdapter.read(ArrayTypeAdapter.java:72) ~[gson-2.10.jar%2370!/:?]
	at com.google.gson.Gson.fromJson(Gson.java:1214) ~[gson-2.10.jar%2370!/:?]
	at com.google.gson.Gson.fromJson(Gson.java:1319) ~[gson-2.10.jar%2370!/:?]
	at com.google.gson.Gson.fromJson(Gson.java:1261) ~[gson-2.10.jar%2370!/:?]
	at net.minecraftforge.common.loot.IGlobalLootModifier.lambda$static$1(IGlobalLootModifier.java:39) ~[forge-1.20.1-47.4.20-universal.jar%23780!/:?]
	at com.mojang.serialization.Decoder$1.lambda$decode$1(Decoder.java:49) ~[datafixerupper-6.0.8.jar%2375!/:?]
	at com.mojang.serialization.DataResult.lambda$flatMap$11(DataResult.java:139) ~[datafixerupper-6.0.8.jar%2375!/:?]
	at com.mojang.datafixers.util.Either$Left.map(Either.java:38) ~[datafixerupper-6.0.8.jar%2375!/:?]
	at com.mojang.serialization.DataResult.flatMap(DataResult.java:137) ~[datafixerupper-6.0.8.jar%2375!/:?]
	at com.mojang.serialization.Decoder$1.decode(Decoder.java:49) ~[datafixerupper-6.0.8.jar%2375!/:?]
	at com.mojang.serialization.Codec$2.decode(Codec.java:71) ~[datafixerupper-6.0.8.jar%2375!/:?]
	at com.mojang.serialization.Decoder.parse(Decoder.java:18) ~[datafixerupper-6.0.8.jar%2375!/:?]
	at com.mojang.serialization.codecs.FieldDecoder.decode(FieldDecoder.java:29) ~[datafixerupper-6.0.8.jar%2375!/:?]
	at com.mojang.serialization.MapCodec$1.decode(MapCodec.java:34) ~[datafixerupper-6.0.8.jar%2375!/:?]
	at com.mojang.serialization.codecs.RecordCodecBuilder$Instance$5.decode(RecordCodecBuilder.java:323) ~[datafixerupper-6.0.8.jar%2375!/:?]
	at com.mojang.serialization.codecs.RecordCodecBuilder$2.decode(RecordCodecBuilder.java:107) ~[datafixerupper-6.0.8.jar%2375!/:?]
	at com.mojang.serialization.codecs.KeyDispatchCodec.lambda$decode$3(KeyDispatchCodec.java:67) ~[datafixerupper-6.0.8.jar%2375!/:?]
	at com.mojang.serialization.DataResult.lambda$flatMap$11(DataResult.java:139) ~[datafixerupper-6.0.8.jar%2375!/:?]
	at com.mojang.datafixers.util.Either$Left.map(Either.java:38) ~[datafixerupper-6.0.8.jar%2375!/:?]
	at com.mojang.serialization.DataResult.flatMap(DataResult.java:137) ~[datafixerupper-6.0.8.jar%2375!/:?]
	at com.mojang.serialization.codecs.KeyDispatchCodec.lambda$decode$4(KeyDispatchCodec.java:58) ~[datafixerupper-6.0.8.jar%2375!/:?]
	at com.mojang.serialization.DataResult.lambda$flatMap$11(DataResult.java:139) ~[datafixerupper-6.0.8.jar%2375!/:?]
	at com.mojang.datafixers.util.Either$Left.map(Either.java:38) ~[datafixerupper-6.0.8.jar%2375!/:?]
	at com.mojang.serialization.DataResult.flatMap(DataResult.java:137) ~[datafixerupper-6.0.8.jar%2375!/:?]
	at com.mojang.serialization.codecs.KeyDispatchCodec.decode(KeyDispatchCodec.java:56) ~[datafixerupper-6.0.8.jar%2375!/:?]
	at com.mojang.serialization.MapDecoder.lambda$compressedDecode$1(MapDecoder.java:52) ~[datafixerupper-6.0.8.jar%2375!/:?]
	at com.mojang.serialization.DataResult.lambda$flatMap$11(DataResult.java:139) ~[datafixerupper-6.0.8.jar%2375!/:?]
	at com.mojang.datafixers.util.Either$Left.map(Either.java:38) ~[datafixerupper-6.0.8.jar%2375!/:?]
	at com.mojang.serialization.DataResult.flatMap(DataResult.java:137) ~[datafixerupper-6.0.8.jar%2375!/:?]
	at com.mojang.serialization.MapDecoder.compressedDecode(MapDecoder.java:52) ~[datafixerupper-6.0.8.jar%2375!/:?]
	at com.mojang.serialization.MapCodec$MapCodecCodec.decode(MapCodec.java:91) ~[datafixerupper-6.0.8.jar%2375!/:?]
	at com.mojang.serialization.Decoder.parse(Decoder.java:18) ~[datafixerupper-6.0.8.jar%2375!/:?]
	at net.minecraftforge.common.loot.LootModifierManager.apply(LootModifierManager.java:79) ~[forge-1.20.1-47.4.20-universal.jar%23780!/:?]
	at net.minecraftforge.common.loot.LootModifierManager.m_5787_(LootModifierManager.java:38) ~[forge-1.20.1-47.4.20-universal.jar%23780!/:?]
	at net.minecraft.server.packs.resources.SimplePreparableReloadListener.m_10789_(SimplePreparableReloadListener.java:13) ~[server-1.20.1-20230612.114412-srg.jar%23775!/:?]
	at java.util.concurrent.CompletableFuture$UniAccept.tryFire(CompletableFuture.java:718) ~[?:?]
	at java.util.concurrent.CompletableFuture$Completion.run(CompletableFuture.java:482) ~[?:?]
	at net.minecraft.server.packs.resources.SimpleReloadInstance.m_143940_(SimpleReloadInstance.java:69) ~[server-1.20.1-20230612.114412-srg.jar%23775!/:?]
	at net.minecraft.Util.m_214652_(Util.java:783) ~[server-1.20.1-20230612.114412-srg.jar%23775!/:?]
	at net.minecraft.Util.m_214679_(Util.java:772) ~[server-1.20.1-20230612.114412-srg.jar%23775!/:?]
	at net.minecraft.server.Main.main(Main.java:166) ~[server-1.20.1-20230612.114412-srg.jar%23775!/:?]
	at jdk.internal.reflect.NativeMethodAccessorImpl.invoke0(Native Method) ~[?:?]
	at jdk.internal.reflect.NativeMethodAccessorImpl.invoke(NativeMethodAccessorImpl.java:77) ~[?:?]
	at jdk.internal.reflect.DelegatingMethodAccessorImpl.invoke(DelegatingMethodAccessorImpl.java:43) ~[?:?]
	at java.lang.reflect.Method.invoke(Method.java:569) ~[?:?]
	at net.minecraftforge.fml.loading.targets.CommonLaunchHandler.runTarget(CommonLaunchHandler.java:111) ~[fmlloader-1.20.1-47.4.20.jar%2367!/:?]
	at net.minecraftforge.fml.loading.targets.CommonLaunchHandler.serverService(CommonLaunchHandler.java:103) ~[fmlloader-1.20.1-47.4.20.jar%2367!/:?]
	at net.minecraftforge.fml.loading.targets.CommonServerLaunchHandler.lambda$makeService$0(CommonServerLaunchHandler.java:27) ~[fmlloader-1.20.1-47.4.20.jar%2367!/:?]
	at cpw.mods.modlauncher.LaunchServiceHandlerDecorator.launch(LaunchServiceHandlerDecorator.java:30) ~[modlauncher-10.0.9.jar%2353!/:?]
	at cpw.mods.modlauncher.LaunchServiceHandler.launch(LaunchServiceHandler.java:53) ~[modlauncher-10.0.9.jar%2353!/:?]
	at cpw.mods.modlauncher.LaunchServiceHandler.launch(LaunchServiceHandler.java:71) ~[modlauncher-10.0.9.jar%2353!/:?]
	at cpw.mods.modlauncher.Launcher.run(Launcher.java:108) ~[modlauncher-10.0.9.jar%2353!/:?]
	at cpw.mods.modlauncher.Launcher.main(Launcher.java:78) ~[modlauncher-10.0.9.jar%2353!/:?]
	at cpw.mods.modlauncher.BootstrapLaunchConsumer.accept(BootstrapLaunchConsumer.java:26) ~[modlauncher-10.0.9.jar%2353!/:?]
	at cpw.mods.modlauncher.BootstrapLaunchConsumer.accept(BootstrapLaunchConsumer.java:23) ~[modlauncher-10.0.9.jar%2353!/:?]
	at cpw.mods.bootstraplauncher.BootstrapLauncher.main(BootstrapLauncher.java:141) ~[bootstraplauncher-1.1.2.jar:?]
[11May2026 19:17:58.940] [main/WARN] [net.minecraftforge.common.loot.LootModifierManager/]: Could not decode GlobalLootModifier with json id nethersdelight:chopping_leather - error: Unknown type 'minecraft:alternatives'
[11May2026 19:17:58.940] [main/WARN] [net.minecraftforge.common.loot.LootModifierManager/]: Unable to decode loot conditions
com.google.gson.JsonSyntaxException: Unknown type 'minecraft:alternative'
	at net.minecraft.world.level.storage.loot.GsonAdapterFactory$JsonAdapter.deserialize(GsonAdapterFactory.java:99) ~[server-1.20.1-20230612.114412-srg.jar%23775!/:?]
	at com.google.gson.internal.bind.TreeTypeAdapter.read(TreeTypeAdapter.java:76) ~[gson-2.10.jar%2370!/:?]
	at com.google.gson.internal.bind.TypeAdapterRuntimeTypeWrapper.read(TypeAdapterRuntimeTypeWrapper.java:40) ~[gson-2.10.jar%2370!/:?]
	at com.google.gson.internal.bind.ArrayTypeAdapter.read(ArrayTypeAdapter.java:72) ~[gson-2.10.jar%2370!/:?]
	at com.google.gson.Gson.fromJson(Gson.java:1214) ~[gson-2.10.jar%2370!/:?]
	at com.google.gson.Gson.fromJson(Gson.java:1319) ~[gson-2.10.jar%2370!/:?]
	at com.google.gson.Gson.fromJson(Gson.java:1261) ~[gson-2.10.jar%2370!/:?]
	at net.minecraftforge.common.loot.IGlobalLootModifier.lambda$static$1(IGlobalLootModifier.java:39) ~[forge-1.20.1-47.4.20-universal.jar%23780!/:?]
	at com.mojang.serialization.Decoder$1.lambda$decode$1(Decoder.java:49) ~[datafixerupper-6.0.8.jar%2375!/:?]
	at com.mojang.serialization.DataResult.lambda$flatMap$11(DataResult.java:139) ~[datafixerupper-6.0.8.jar%2375!/:?]
	at com.mojang.datafixers.util.Either$Left.map(Either.java:38) ~[datafixerupper-6.0.8.jar%2375!/:?]
	at com.mojang.serialization.DataResult.flatMap(DataResult.java:137) ~[datafixerupper-6.0.8.jar%2375!/:?]
	at com.mojang.serialization.Decoder$1.decode(Decoder.java:49) ~[datafixerupper-6.0.8.jar%2375!/:?]
	at com.mojang.serialization.Codec$2.decode(Codec.java:71) ~[datafixerupper-6.0.8.jar%2375!/:?]
	at com.mojang.serialization.Decoder.parse(Decoder.java:18) ~[datafixerupper-6.0.8.jar%2375!/:?]
	at com.mojang.serialization.codecs.FieldDecoder.decode(FieldDecoder.java:29) ~[datafixerupper-6.0.8.jar%2375!/:?]
	at com.mojang.serialization.MapCodec$1.decode(MapCodec.java:34) ~[datafixerupper-6.0.8.jar%2375!/:?]
	at com.mojang.serialization.codecs.RecordCodecBuilder$Instance$5.decode(RecordCodecBuilder.java:323) ~[datafixerupper-6.0.8.jar%2375!/:?]
	at com.mojang.serialization.codecs.RecordCodecBuilder$2.decode(RecordCodecBuilder.java:107) ~[datafixerupper-6.0.8.jar%2375!/:?]
	at com.mojang.serialization.codecs.KeyDispatchCodec.lambda$decode$3(KeyDispatchCodec.java:67) ~[datafixerupper-6.0.8.jar%2375!/:?]
	at com.mojang.serialization.DataResult.lambda$flatMap$11(DataResult.java:139) ~[datafixerupper-6.0.8.jar%2375!/:?]
	at com.mojang.datafixers.util.Either$Left.map(Either.java:38) ~[datafixerupper-6.0.8.jar%2375!/:?]
	at com.mojang.serialization.DataResult.flatMap(DataResult.java:137) ~[datafixerupper-6.0.8.jar%2375!/:?]
	at com.mojang.serialization.codecs.KeyDispatchCodec.lambda$decode$4(KeyDispatchCodec.java:58) ~[datafixerupper-6.0.8.jar%2375!/:?]
	at com.mojang.serialization.DataResult.lambda$flatMap$11(DataResult.java:139) ~[datafixerupper-6.0.8.jar%2375!/:?]
	at com.mojang.datafixers.util.Either$Left.map(Either.java:38) ~[datafixerupper-6.0.8.jar%2375!/:?]
	at com.mojang.serialization.DataResult.flatMap(DataResult.java:137) ~[datafixerupper-6.0.8.jar%2375!/:?]
	at com.mojang.serialization.codecs.KeyDispatchCodec.decode(KeyDispatchCodec.java:56) ~[datafixerupper-6.0.8.jar%2375!/:?]
	at com.mojang.serialization.MapDecoder.lambda$compressedDecode$1(MapDecoder.java:52) ~[datafixerupper-6.0.8.jar%2375!/:?]
	at com.mojang.serialization.DataResult.lambda$flatMap$11(DataResult.java:139) ~[datafixerupper-6.0.8.jar%2375!/:?]
	at com.mojang.datafixers.util.Either$Left.map(Either.java:38) ~[datafixerupper-6.0.8.jar%2375!/:?]
	at com.mojang.serialization.DataResult.flatMap(DataResult.java:137) ~[datafixerupper-6.0.8.jar%2375!/:?]
	at com.mojang.serialization.MapDecoder.compressedDecode(MapDecoder.java:52) ~[datafixerupper-6.0.8.jar%2375!/:?]
	at com.mojang.serialization.MapCodec$MapCodecCodec.decode(MapCodec.java:91) ~[datafixerupper-6.0.8.jar%2375!/:?]
	at com.mojang.serialization.Decoder.parse(Decoder.java:18) ~[datafixerupper-6.0.8.jar%2375!/:?]
	at net.minecraftforge.common.loot.LootModifierManager.apply(LootModifierManager.java:79) ~[forge-1.20.1-47.4.20-universal.jar%23780!/:?]
	at net.minecraftforge.common.loot.LootModifierManager.m_5787_(LootModifierManager.java:38) ~[forge-1.20.1-47.4.20-universal.jar%23780!/:?]
	at net.minecraft.server.packs.resources.SimplePreparableReloadListener.m_10789_(SimplePreparableReloadListener.java:13) ~[server-1.20.1-20230612.114412-srg.jar%23775!/:?]
	at java.util.concurrent.CompletableFuture$UniAccept.tryFire(CompletableFuture.java:718) ~[?:?]
	at java.util.concurrent.CompletableFuture$Completion.run(CompletableFuture.java:482) ~[?:?]
	at net.minecraft.server.packs.resources.SimpleReloadInstance.m_143940_(SimpleReloadInstance.java:69) ~[server-1.20.1-20230612.114412-srg.jar%23775!/:?]
	at net.minecraft.Util.m_214652_(Util.java:783) ~[server-1.20.1-20230612.114412-srg.jar%23775!/:?]
	at net.minecraft.Util.m_214679_(Util.java:772) ~[server-1.20.1-20230612.114412-srg.jar%23775!/:?]
	at net.minecraft.server.Main.main(Main.java:166) ~[server-1.20.1-20230612.114412-srg.jar%23775!/:?]
	at jdk.internal.reflect.NativeMethodAccessorImpl.invoke0(Native Method) ~[?:?]
	at jdk.internal.reflect.NativeMethodAccessorImpl.invoke(NativeMethodAccessorImpl.java:77) ~[?:?]
	at jdk.internal.reflect.DelegatingMethodAccessorImpl.invoke(DelegatingMethodAccessorImpl.java:43) ~[?:?]
	at java.lang.reflect.Method.invoke(Method.java:569) ~[?:?]
	at net.minecraftforge.fml.loading.targets.CommonLaunchHandler.runTarget(CommonLaunchHandler.java:111) ~[fmlloader-1.20.1-47.4.20.jar%2367!/:?]
	at net.minecraftforge.fml.loading.targets.CommonLaunchHandler.serverService(CommonLaunchHandler.java:103) ~[fmlloader-1.20.1-47.4.20.jar%2367!/:?]
	at net.minecraftforge.fml.loading.targets.CommonServerLaunchHandler.lambda$makeService$0(CommonServerLaunchHandler.java:27) ~[fmlloader-1.20.1-47.4.20.jar%2367!/:?]
	at cpw.mods.modlauncher.LaunchServiceHandlerDecorator.launch(LaunchServiceHandlerDecorator.java:30) ~[modlauncher-10.0.9.jar%2353!/:?]
	at cpw.mods.modlauncher.LaunchServiceHandler.launch(LaunchServiceHandler.java:53) ~[modlauncher-10.0.9.jar%2353!/:?]
	at cpw.mods.modlauncher.LaunchServiceHandler.launch(LaunchServiceHandler.java:71) ~[modlauncher-10.0.9.jar%2353!/:?]
	at cpw.mods.modlauncher.Launcher.run(Launcher.java:108) ~[modlauncher-10.0.9.jar%2353!/:?]
	at cpw.mods.modlauncher.Launcher.main(Launcher.java:78) ~[modlauncher-10.0.9.jar%2353!/:?]
	at cpw.mods.modlauncher.BootstrapLaunchConsumer.accept(BootstrapLaunchConsumer.java:26) ~[modlauncher-10.0.9.jar%2353!/:?]
	at cpw.mods.modlauncher.BootstrapLaunchConsumer.accept(BootstrapLaunchConsumer.java:23) ~[modlauncher-10.0.9.jar%2353!/:?]
	at cpw.mods.bootstraplauncher.BootstrapLauncher.main(BootstrapLauncher.java:141) ~[bootstraplauncher-1.1.2.jar:?]
[11May2026 19:17:58.943] [main/WARN] [net.minecraftforge.common.loot.LootModifierManager/]: Could not decode GlobalLootModifier with json id nethersdelight:chopping_string - error: Unknown type 'minecraft:alternative'
[11May2026 19:17:58.948] [main/INFO] [ModdingLegacy/blue_skies/SkiesDataManager/]: Loaded 8 tool_handle_types
[11May2026 19:17:58.949] [main/INFO] [ModdingLegacy/blue_skies/SkiesDataManager/]: Loaded 37 snowcap_oven_freezing_recipes
[11May2026 19:17:58.949] [main/INFO] [ModdingLegacy/blue_skies/SkiesDataManager/]: Loaded 7 horizonite_forge_fuels
[11May2026 19:17:58.950] [main/INFO] [ModdingLegacy/blue_skies/SkiesDataManager/]: Loaded 12 snowcap_mushroom_freezing
[11May2026 19:17:58.967] [main/INFO] [ModdingLegacy/blue_skies/SkiesDataManager/]: Loaded 70 alchemy_recipes
[11May2026 19:17:58.970] [main/INFO] [ModdingLegacy/blue_skies/SkiesDataManager/]: Loaded 81 journal/entries
[11May2026 19:17:58.971] [main/INFO] [ModdingLegacy/blue_skies/SkiesDataManager/]: Loaded 3 journal/sections
[11May2026 19:17:58.971] [main/INFO] [ModdingLegacy/blue_skies/SkiesDataManager/]: Loaded 7 journal/requirements
[11May2026 19:17:58.981] [main/ERROR] [net.blay09.mods.kleeslabs.KleeSlabs/]: Slab minecraft:pale_oak_slab could not be found.
[11May2026 19:17:58.982] [main/ERROR] [net.blay09.mods.kleeslabs.KleeSlabs/]: Slab minecraft:resin_brick_slab could not be found.
[11May2026 19:17:59.031] [main/INFO] [twilightforest/]: Loaded 9 Stalactite configs!
[11May2026 19:17:59.177] [main/INFO] [bountiful/]: Trying to load unloaded files from: config/bountiful/bounty_pools
[11May2026 19:17:59.181] [main/INFO] [bountiful/]: Trying to load unloaded files from: config/bountiful/bounty_decrees
[11May2026 19:17:59.294] [main/INFO] [Dungeon Crawl/]: Loading data...
[11May2026 19:17:59.776] [main/INFO] [Dungeon Crawl/]: Done.
[11May2026 19:17:59.779] [main/INFO] [com.teamabnormals.blueprint.core.Blueprint/]: Chunk Generator Modification Manager has loaded 1 modifier groups
[11May2026 19:17:59.795] [main/INFO] [quark-zeta/]: Modified advancement minecraft:husbandry/wax_on with 3 patches
[11May2026 19:17:59.795] [main/INFO] [quark-zeta/]: Modified advancement minecraft:adventure/kill_a_mob with 3 patches
[11May2026 19:17:59.795] [main/INFO] [quark-zeta/]: Modified advancement minecraft:husbandry/bred_all_animals with 3 patches
[11May2026 19:17:59.795] [main/INFO] [quark-zeta/]: Modified advancement minecraft:adventure/kill_all_mobs with 3 patches
[11May2026 19:17:59.796] [main/INFO] [quark-zeta/]: Modified advancement minecraft:husbandry/balanced_diet with 3 patches
[11May2026 19:17:59.796] [main/INFO] [quark-zeta/]: Modified advancement minecraft:husbandry/plant_seed with 1 patches
[11May2026 19:17:59.796] [main/INFO] [quark-zeta/]: Modified advancement minecraft:nether/all_effects with 2 patches
[11May2026 19:17:59.796] [main/INFO] [quark-zeta/]: Modified advancement minecraft:husbandry/wax_off with 3 patches
[11May2026 19:17:59.797] [main/INFO] [quark-zeta/]: Modified advancement minecraft:adventure/adventuring_time with 1 patches
[11May2026 19:17:59.797] [main/INFO] [quark-zeta/]: Modified advancement minecraft:nether/all_potions with 1 patches
[11May2026 19:17:59.803] [main/INFO] [Supplementaries/]: Loaded 27 flute songs
[11May2026 19:17:59.815] [main/INFO] [botania/]: Loaded 30 Loonium configurations
[11May2026 19:17:59.816] [main/INFO] [placebo/]: Registered 0 gear_sets.
[11May2026 19:18:00.087] [main/INFO] [Spartan Weaponry/]: Finished initialising Weapon Traits & Attributes! Took 6.363388ms
[11May2026 19:18:00.094] [main/INFO] [Moonlight/]: Applied 18 data villager trades
[11May2026 19:18:00.626] [main/INFO] [Supplementaries/]: Finished additional setup in 0 ms
[11May2026 19:18:00.818] [main/INFO] [Cucumber Library/]: Loaded cucumber-tags.json in 1 ms
[11May2026 19:18:00.819] [main/WARN] [ModernFix/]: Initial datapack load took 15.88 s
[11May2026 19:18:01.229] [Server thread/INFO] [net.minecraft.server.dedicated.DedicatedServer/]: Starting minecraft server version 1.20.1
[11May2026 19:18:01.229] [Server thread/INFO] [net.minecraft.server.dedicated.DedicatedServer/]: Loading properties
[11May2026 19:18:01.230] [Server thread/INFO] [net.minecraft.server.dedicated.DedicatedServer/]: Default game type: SURVIVAL
[11May2026 19:18:01.230] [Server thread/INFO] [net.minecraft.server.MinecraftServer/]: Generating keypair
[11May2026 19:18:01.358] [Server thread/INFO] [net.minecraft.server.dedicated.DedicatedServer/]: Starting Minecraft server on *:25565
[11May2026 19:18:01.481] [Server thread/INFO] [net.minecraft.server.network.ServerConnectionListener/]: Using epoll channel type
[11May2026 19:18:01.628] [Server thread/WARN] [net.minecraft.server.dedicated.DedicatedServer/]: **** SERVER IS RUNNING IN OFFLINE/INSECURE MODE!
[11May2026 19:18:01.628] [Server thread/WARN] [net.minecraft.server.dedicated.DedicatedServer/]: The server will make no attempt to authenticate usernames. Beware.
[11May2026 19:18:01.629] [Server thread/WARN] [net.minecraft.server.dedicated.DedicatedServer/]: While this makes the game possible to play without internet access, it also opens up the ability for hackers to connect with any username they choose.
[11May2026 19:18:01.629] [Server thread/WARN] [net.minecraft.server.dedicated.DedicatedServer/]: To change this, set "online-mode" to "true" in the server.properties file.
[11May2026 19:18:01.656] [Server thread/INFO] [Puzzles Lib/]: Loading server config for netherchested
[11May2026 19:18:01.667] [Server thread/INFO] [Puzzles Lib/]: Loading server config for mutantmonsters
[11May2026 19:18:01.676] [Server thread/INFO] [Puzzles Lib/]: Loading server config for illagerinvasion
[11May2026 19:18:01.681] [Server thread/INFO] [Puzzles Lib/]: Loading server config for arcanelanterns
[11May2026 19:18:01.686] [Server thread/INFO] [Puzzles Lib/]: Loading server config for easyanvils
[11May2026 19:18:01.691] [Server thread/INFO] [Puzzles Lib/]: Loading server config for puzzlesapi
[11May2026 19:18:01.693] [Server thread/INFO] [Puzzles Lib/]: Loading server config for universalbonemeal
[11May2026 19:18:01.715] [Server thread/INFO] [Puzzles Lib/]: Loading server config for tradingpost
[11May2026 19:18:01.720] [Server thread/INFO] [journeymap/]: Loading JourneyMap Forge Configs
[11May2026 19:18:01.723] [Server thread/INFO] [Puzzles Lib/]: Loading server config for barteringstation
[11May2026 19:18:01.777] [Server thread/WARN] [net.zepalesque.redux.Redux/]: Found already existing holder biomesoplenty:lush_desert from tag forge:is_sparse! Replacing value anyway! Old value was 12582892, new is 16774563
[11May2026 19:18:01.778] [Server thread/WARN] [net.zepalesque.redux.Redux/]: Found already existing holder biomesoplenty:lush_savanna from tag forge:is_sparse! Replacing value anyway! Old value was 12582892, new is 16774563
[11May2026 19:18:01.778] [Server thread/WARN] [net.zepalesque.redux.Redux/]: Found already existing holder biomesoplenty:orchard from tag forge:is_sparse! Replacing value anyway! Old value was 12582892, new is 16774563
[11May2026 19:18:01.778] [Server thread/WARN] [net.zepalesque.redux.Redux/]: Found already existing holder incendium:weeping_valley from tag minecraft:is_nether! Replacing value anyway! Old value was 16774563, new is 15663072
[11May2026 19:18:01.778] [Server thread/WARN] [net.zepalesque.redux.Redux/]: Found already existing holder incendium:quartz_flats from tag minecraft:is_nether! Replacing value anyway! Old value was 16774563, new is 15663072
[11May2026 19:18:01.778] [Server thread/WARN] [net.zepalesque.redux.Redux/]: Found already existing holder incendium:ash_barrens from tag minecraft:is_nether! Replacing value anyway! Old value was 16774563, new is 15663072
[11May2026 19:18:01.779] [Server thread/WARN] [net.zepalesque.redux.Redux/]: Found already existing holder biomesoplenty:bog from tag forge:is_cold! Replacing value anyway! Old value was 16774563, new is 13432831
[11May2026 19:18:01.779] [Server thread/WARN] [net.zepalesque.redux.Redux/]: Found already existing holder biomesoplenty:cold_desert from tag forge:is_cold! Replacing value anyway! Old value was 16774563, new is 13432831
[11May2026 19:18:01.779] [Server thread/WARN] [net.zepalesque.redux.Redux/]: Found already existing holder biomesoplenty:dead_forest from tag forge:is_cold! Replacing value anyway! Old value was 16774563, new is 13432831
[11May2026 19:18:01.779] [Server thread/WARN] [net.zepalesque.redux.Redux/]: Found already existing holder biomesoplenty:hot_springs from tag forge:is_cold! Replacing value anyway! Old value was 16774563, new is 13432831
[11May2026 19:18:01.780] [Server thread/WARN] [net.zepalesque.redux.Redux/]: Found already existing holder biomesoplenty:muskeg from tag forge:is_cold! Replacing value anyway! Old value was 16774563, new is 13432831
[11May2026 19:18:01.780] [Server thread/WARN] [net.zepalesque.redux.Redux/]: Found already existing holder biomesoplenty:snowy_fir_clearing from tag forge:is_cold! Replacing value anyway! Old value was 16774563, new is 13432831
[11May2026 19:18:01.780] [Server thread/WARN] [net.zepalesque.redux.Redux/]: Found already existing holder biomesoplenty:tundra from tag forge:is_cold! Replacing value anyway! Old value was 16774563, new is 13432831
[11May2026 19:18:01.780] [Server thread/WARN] [net.zepalesque.redux.Redux/]: Found already existing holder minecraft:snowy_slopes from tag forge:is_cold! Replacing value anyway! Old value was 16774563, new is 13432831
[11May2026 19:18:01.780] [Server thread/WARN] [net.zepalesque.redux.Redux/]: Found already existing holder minecraft:jagged_peaks from tag forge:is_cold! Replacing value anyway! Old value was 16774563, new is 13432831
[11May2026 19:18:01.781] [Server thread/WARN] [net.zepalesque.redux.Redux/]: Found already existing holder minecraft:frozen_peaks from tag forge:is_cold! Replacing value anyway! Old value was 16774563, new is 13432831
[11May2026 19:18:01.781] [Server thread/WARN] [net.zepalesque.redux.Redux/]: Found already existing holder regions_unexplored:icy_heights from tag forge:is_cold! Replacing value anyway! Old value was 16774563, new is 13432831
[11May2026 19:18:01.781] [Server thread/WARN] [net.zepalesque.redux.Redux/]: Found already existing holder minecraft:the_end from tag forge:is_cold! Replacing value anyway! Old value was 12496613, new is 13432831
[11May2026 19:18:01.781] [Server thread/WARN] [net.zepalesque.redux.Redux/]: Found already existing holder minecraft:small_end_islands from tag forge:is_cold! Replacing value anyway! Old value was 12496613, new is 13432831
[11May2026 19:18:01.781] [Server thread/WARN] [net.zepalesque.redux.Redux/]: Found already existing holder minecraft:end_midlands from tag forge:is_cold! Replacing value anyway! Old value was 12496613, new is 13432831
[11May2026 19:18:01.782] [Server thread/WARN] [net.zepalesque.redux.Redux/]: Found already existing holder minecraft:end_highlands from tag forge:is_cold! Replacing value anyway! Old value was 12496613, new is 13432831
[11May2026 19:18:01.782] [Server thread/WARN] [net.zepalesque.redux.Redux/]: Found already existing holder minecraft:end_barrens from tag forge:is_cold! Replacing value anyway! Old value was 12496613, new is 13432831
[11May2026 19:18:01.782] [Server thread/WARN] [net.zepalesque.redux.Redux/]: Found already existing holder biomesoplenty:fungal_jungle from tag forge:is_mushroom! Replacing value anyway! Old value was 12582892, new is 13035007
[11May2026 19:18:01.782] [Server thread/WARN] [net.zepalesque.redux.Redux/]: Found already existing holder regions_unexplored:bioshroom_caves from tag forge:is_mushroom! Replacing value anyway! Old value was 12582892, new is 13035007
[11May2026 19:18:01.782] [Server thread/WARN] [net.zepalesque.redux.Redux/]: Found already existing holder biomesoplenty:rocky_rainforest from tag forge:is_plateau! Replacing value anyway! Old value was 12582892, new is 16772502
[11May2026 19:18:01.782] [Server thread/WARN] [net.zepalesque.redux.Redux/]: Found already existing holder minecraft:savanna_plateau from tag forge:is_plateau! Replacing value anyway! Old value was 16774563, new is 16772502
[11May2026 19:18:01.783] [Server thread/WARN] [net.zepalesque.redux.Redux/]: Found already existing holder minecraft:wooded_badlands from tag forge:is_plateau! Replacing value anyway! Old value was 16774563, new is 16772502
[11May2026 19:18:01.783] [Server thread/WARN] [net.zepalesque.redux.Redux/]: Found already existing holder regions_unexplored:icy_heights from tag forge:is_plateau! Replacing value anyway! Old value was 13432831, new is 16772502
[11May2026 19:18:01.783] [Server thread/WARN] [net.zepalesque.redux.Redux/]: Found already existing holder biomesoplenty:dryland from tag forge:is_desert! Replacing value anyway! Old value was 16774563, new is 14090198
[11May2026 19:18:01.783] [Server thread/WARN] [net.zepalesque.redux.Redux/]: Found already existing holder biomesoplenty:lush_desert from tag forge:is_desert! Replacing value anyway! Old value was 16774563, new is 14090198
[11May2026 19:18:01.784] [Server thread/WARN] [net.zepalesque.redux.Redux/]: Found already existing holder biomesoplenty:auroral_garden from tag forge:is_magical! Replacing value anyway! Old value was 13432831, new is 12251391
[11May2026 19:18:01.784] [Server thread/WARN] [net.zepalesque.redux.Redux/]: Found already existing holder biomesoplenty:fungal_jungle from tag forge:is_magical! Replacing value anyway! Old value was 13035007, new is 12251391
[11May2026 19:18:01.784] [Server thread/WARN] [net.zepalesque.redux.Redux/]: Found already existing holder biomesoplenty:mystic_grove from tag forge:is_magical! Replacing value anyway! Old value was 12582892, new is 12251391
[11May2026 19:18:01.784] [Server thread/WARN] [net.zepalesque.redux.Redux/]: Found already existing holder biomesoplenty:snowblossom_grove from tag forge:is_magical! Replacing value anyway! Old value was 13432831, new is 12251391
[11May2026 19:18:01.784] [Server thread/WARN] [net.zepalesque.redux.Redux/]: Found already existing holder biomesoplenty:crystalline_chasm from tag forge:is_magical! Replacing value anyway! Old value was 15663072, new is 12251391
[11May2026 19:18:01.785] [Server thread/WARN] [net.zepalesque.redux.Redux/]: Found already existing holder quark:glimmering_weald from tag forge:is_magical! Replacing value anyway! Old value was 13035007, new is 12251391
[11May2026 19:18:02.464] [Server thread/INFO] [FTB Teams/]: loaded team data: 2 known players, 2 teams total
[11May2026 19:18:02.575] [Server thread/INFO] [spark/]: Starting background profiler...
[11May2026 19:18:03.869] [Server thread/INFO] [Framework/]: Loading server configs...
[11May2026 19:18:03.876] [Server thread/INFO] [AutoMessage/]: [AutoMessage] [SERVER] Attempting to read automessage-server.json
[11May2026 19:18:03.877] [Server thread/INFO] [STDOUT/]: [forge.com.cursee.automessage.core.abstraction.AbstractMessageService:initialize:70]: Enabled? false
[11May2026 19:18:03.880] [Server thread/INFO] [AutoMessage/]: [AutoMessage] [SERVER] Message Service loaded 1 messages
[11May2026 19:18:03.880] [Server thread/INFO] [AutoMessage/]: [AutoMessage] [SERVER] Message Service loaded in 0.00459152s
[11May2026 19:18:03.910] [Server thread/INFO] [zeta/]: Server starting, accepting filewatcher changes for zeta's config
[11May2026 19:18:03.922] [Server thread/INFO] [quark-zeta/]: Server starting, accepting filewatcher changes for quark's config
[11May2026 19:18:04.960] [Server thread/INFO] [terrablender/]: Initialized TerraBlender biomes for level stem minecraft:overworld
[11May2026 19:18:04.960] [Server thread/INFO] [terrablender/]: Initialized TerraBlender biomes for level stem minecraft:the_nether
[11May2026 19:18:04.962] [Server thread/INFO] [terrablender/]: Initialized TerraBlender biomes for level stem aether:the_aether
[11May2026 19:18:04.965] [Server thread/INFO] [net.minecraft.server.dedicated.DedicatedServer/]: Preparing level "world"
[11May2026 19:18:06.119] [Server thread/WARN] [mixin/]: Method overwrite conflict for removeIf in lithium.mixins.json:world.chunk_tickets.SortedArraySetMixin, previously written by org.embeddedt.modernfix.common.mixin.bugfix.paper_chunk_patches.SortedArraySetMixin. Skipping method.
[11May2026 19:18:06.421] [Server thread/WARN] [mixin/]: @Redirect conflict. Skipping mixins.redirected_forge_1.20.1.json:net.minecraft.world.level.block.state.CacheMixin->@Redirect::redirectSupportTypes()[Lnet/minecraft/world/level/block/SupportType; with priority 10, already redirected by modernfix-modernfix.mixins.json:perf.cache_blockstate_cache_arrays.AbstractBlockStateCacheMixin->@Redirect::getVoxelShapeValues()[Lnet/minecraft/world/level/block/SupportType; with priority 1000
[11May2026 19:18:07.160] [Server thread/INFO] [com.cupboard.Cupboard/]: Loaded config for: limitedchunks.json
[11May2026 19:18:07.735] [Server thread/WARN] [net.minecraft.network.syncher.SynchedEntityData/]: defineId called for: class forge.net.mca.entity.CribEntity from class forge.net.mca.util.network.datasync.CDataParameter
[11May2026 19:18:07.736] [Server thread/WARN] [net.minecraft.network.syncher.SynchedEntityData/]: defineId called for: class forge.net.mca.entity.CribEntity from class forge.net.mca.util.network.datasync.CEnumParameter
[11May2026 19:18:07.736] [Server thread/WARN] [net.minecraft.network.syncher.SynchedEntityData/]: defineId called for: class forge.net.mca.entity.CribEntity from class forge.net.mca.util.network.datasync.CEnumParameter
[11May2026 19:18:07.825] [Server thread/WARN] [net.minecraft.network.syncher.SynchedEntityData/]: defineId called for: class forge.net.mca.entity.ZombieVillagerEntityMCA from class forge.net.mca.util.network.datasync.CDataParameter
[11May2026 19:18:07.826] [Server thread/WARN] [net.minecraft.network.syncher.SynchedEntityData/]: defineId called for: class forge.net.mca.entity.ZombieVillagerEntityMCA from class forge.net.mca.util.network.datasync.CDataParameter
[11May2026 19:18:07.826] [Server thread/WARN] [net.minecraft.network.syncher.SynchedEntityData/]: defineId called for: class forge.net.mca.entity.ZombieVillagerEntityMCA from class forge.net.mca.util.network.datasync.CDataParameter
[11May2026 19:18:07.826] [Server thread/WARN] [net.minecraft.network.syncher.SynchedEntityData/]: defineId called for: class forge.net.mca.entity.ZombieVillagerEntityMCA from class forge.net.mca.util.network.datasync.CDataParameter
[11May2026 19:18:07.826] [Server thread/WARN] [net.minecraft.network.syncher.SynchedEntityData/]: defineId called for: class forge.net.mca.entity.ZombieVillagerEntityMCA from class forge.net.mca.util.network.datasync.CDataParameter
[11May2026 19:18:07.826] [Server thread/WARN] [net.minecraft.network.syncher.SynchedEntityData/]: defineId called for: class forge.net.mca.entity.ZombieVillagerEntityMCA from class forge.net.mca.util.network.datasync.CDataParameter
[11May2026 19:18:07.827] [Server thread/WARN] [net.minecraft.network.syncher.SynchedEntityData/]: defineId called for: class forge.net.mca.entity.ZombieVillagerEntityMCA from class forge.net.mca.util.network.datasync.CDataParameter
[11May2026 19:18:07.827] [Server thread/WARN] [net.minecraft.network.syncher.SynchedEntityData/]: defineId called for: class forge.net.mca.entity.ZombieVillagerEntityMCA from class forge.net.mca.util.network.datasync.CEnumParameter
[11May2026 19:18:07.827] [Server thread/WARN] [net.minecraft.network.syncher.SynchedEntityData/]: defineId called for: class forge.net.mca.entity.ZombieVillagerEntityMCA from class forge.net.mca.util.network.datasync.CDataParameter
[11May2026 19:18:07.827] [Server thread/WARN] [net.minecraft.network.syncher.SynchedEntityData/]: defineId called for: class forge.net.mca.entity.ZombieVillagerEntityMCA from class forge.net.mca.util.network.datasync.CDataParameter
[11May2026 19:18:07.828] [Server thread/WARN] [net.minecraft.network.syncher.SynchedEntityData/]: defineId called for: class forge.net.mca.entity.ZombieVillagerEntityMCA from class forge.net.mca.util.network.datasync.CDataParameter
[11May2026 19:18:07.828] [Server thread/WARN] [net.minecraft.network.syncher.SynchedEntityData/]: defineId called for: class forge.net.mca.entity.ZombieVillagerEntityMCA from class forge.net.mca.util.network.datasync.CDataParameter
[11May2026 19:18:07.828] [Server thread/WARN] [net.minecraft.network.syncher.SynchedEntityData/]: defineId called for: class forge.net.mca.entity.ZombieVillagerEntityMCA from class forge.net.mca.util.network.datasync.CDataParameter
[11May2026 19:18:07.828] [Server thread/WARN] [net.minecraft.network.syncher.SynchedEntityData/]: defineId called for: class forge.net.mca.entity.ZombieVillagerEntityMCA from class forge.net.mca.util.network.datasync.CDataParameter
[11May2026 19:18:07.828] [Server thread/WARN] [net.minecraft.network.syncher.SynchedEntityData/]: defineId called for: class forge.net.mca.entity.ZombieVillagerEntityMCA from class forge.net.mca.util.network.datasync.CDataParameter
[11May2026 19:18:07.829] [Server thread/WARN] [net.minecraft.network.syncher.SynchedEntityData/]: defineId called for: class forge.net.mca.entity.ZombieVillagerEntityMCA from class forge.net.mca.util.network.datasync.CDataParameter
[11May2026 19:18:07.829] [Server thread/WARN] [net.minecraft.network.syncher.SynchedEntityData/]: defineId called for: class forge.net.mca.entity.ZombieVillagerEntityMCA from class forge.net.mca.util.network.datasync.CDataParameter
[11May2026 19:18:07.829] [Server thread/WARN] [net.minecraft.network.syncher.SynchedEntityData/]: defineId called for: class forge.net.mca.entity.ZombieVillagerEntityMCA from class forge.net.mca.util.network.datasync.CDataParameter
[11May2026 19:18:07.829] [Server thread/WARN] [net.minecraft.network.syncher.SynchedEntityData/]: defineId called for: class forge.net.mca.entity.ZombieVillagerEntityMCA from class forge.net.mca.util.network.datasync.CDataParameter
[11May2026 19:18:07.829] [Server thread/WARN] [net.minecraft.network.syncher.SynchedEntityData/]: defineId called for: class forge.net.mca.entity.ZombieVillagerEntityMCA from class forge.net.mca.util.network.datasync.CEnumParameter
[11May2026 19:18:07.830] [Server thread/WARN] [net.minecraft.network.syncher.SynchedEntityData/]: defineId called for: class forge.net.mca.entity.ZombieVillagerEntityMCA from class forge.net.mca.util.network.datasync.CDataParameter
[11May2026 19:18:07.830] [Server thread/WARN] [net.minecraft.network.syncher.SynchedEntityData/]: defineId called for: class forge.net.mca.entity.ZombieVillagerEntityMCA from class forge.net.mca.util.network.datasync.CDataParameter
[11May2026 19:18:07.830] [Server thread/WARN] [net.minecraft.network.syncher.SynchedEntityData/]: defineId called for: class forge.net.mca.entity.ZombieVillagerEntityMCA from class forge.net.mca.util.network.datasync.CEnumParameter
[11May2026 19:18:07.830] [Server thread/WARN] [net.minecraft.network.syncher.SynchedEntityData/]: defineId called for: class forge.net.mca.entity.ZombieVillagerEntityMCA from class forge.net.mca.util.network.datasync.CDataParameter
[11May2026 19:18:07.830] [Server thread/WARN] [net.minecraft.network.syncher.SynchedEntityData/]: defineId called for: class forge.net.mca.entity.ZombieVillagerEntityMCA from class forge.net.mca.util.network.datasync.CEnumParameter
[11May2026 19:18:07.830] [Server thread/WARN] [net.minecraft.network.syncher.SynchedEntityData/]: defineId called for: class forge.net.mca.entity.ZombieVillagerEntityMCA from class forge.net.mca.util.network.datasync.CEnumParameter
[11May2026 19:18:07.831] [Server thread/WARN] [net.minecraft.network.syncher.SynchedEntityData/]: defineId called for: class forge.net.mca.entity.ZombieVillagerEntityMCA from class forge.net.mca.util.network.datasync.CDataParameter
[11May2026 19:18:07.831] [Server thread/WARN] [net.minecraft.network.syncher.SynchedEntityData/]: defineId called for: class forge.net.mca.entity.ZombieVillagerEntityMCA from class forge.net.mca.util.network.datasync.CDataParameter
[11May2026 19:18:07.831] [Server thread/WARN] [net.minecraft.network.syncher.SynchedEntityData/]: defineId called for: class forge.net.mca.entity.ZombieVillagerEntityMCA from class forge.net.mca.util.network.datasync.CDataParameter
[11May2026 19:18:07.831] [Server thread/WARN] [net.minecraft.network.syncher.SynchedEntityData/]: defineId called for: class forge.net.mca.entity.ZombieVillagerEntityMCA from class forge.net.mca.util.network.datasync.CDataParameter
[11May2026 19:18:07.831] [Server thread/WARN] [net.minecraft.network.syncher.SynchedEntityData/]: defineId called for: class forge.net.mca.entity.ZombieVillagerEntityMCA from class forge.net.mca.util.network.datasync.CDataParameter
[11May2026 19:18:07.831] [Server thread/WARN] [net.minecraft.network.syncher.SynchedEntityData/]: defineId called for: class forge.net.mca.entity.ZombieVillagerEntityMCA from class forge.net.mca.util.network.datasync.CDataParameter
[11May2026 19:18:07.832] [Server thread/WARN] [net.minecraft.network.syncher.SynchedEntityData/]: defineId called for: class forge.net.mca.entity.ZombieVillagerEntityMCA from class forge.net.mca.util.network.datasync.CDataParameter
[11May2026 19:18:07.832] [Server thread/WARN] [net.minecraft.network.syncher.SynchedEntityData/]: defineId called for: class forge.net.mca.entity.ZombieVillagerEntityMCA from class forge.net.mca.util.network.datasync.CDataParameter
[11May2026 19:18:07.832] [Server thread/WARN] [net.minecraft.network.syncher.SynchedEntityData/]: defineId called for: class forge.net.mca.entity.ZombieVillagerEntityMCA from class forge.net.mca.util.network.datasync.CDataParameter
[11May2026 19:18:07.832] [Server thread/WARN] [net.minecraft.network.syncher.SynchedEntityData/]: defineId called for: class forge.net.mca.entity.ZombieVillagerEntityMCA from class forge.net.mca.util.network.datasync.CDataParameter
[11May2026 19:18:07.832] [Server thread/WARN] [net.minecraft.network.syncher.SynchedEntityData/]: defineId called for: class forge.net.mca.entity.ZombieVillagerEntityMCA from class forge.net.mca.util.network.datasync.CDataParameter
[11May2026 19:18:07.879] [Server thread/INFO] [net.minecraft.world.entity.boss.enderdragon.phases.EnderDragonPhaseManager/]: Dragon is now in phase Hover (#10) on the server
[11May2026 19:18:09.986] [Server thread/WARN] [com.structureessentials.StructureEssentials/]: Non-unique structure_set salt:0 potentially creating overlapping structures detected. Structure sets: [twilightforest:dark_tower, minecraft:mineshafts, twilightforest:final_castle, twilightforest:large_hollow_hill, twilightforest:mushroom_tower, twilightforest:hedge_maze, minecraft:buried_treasures, twilightforest:aurora_palace, twilightforest:naga_courtyard, twilightforest:labyrinth, twilightforest:lich_tower, twilightforest:yeti_cave, twilightforest:quest_grove, twilightforest:small_hollow_hill, witherstormmod:bowels, minecraft:strongholds, twilightforest:troll_cave, twilightforest:medium_hollow_hill, twilightforest:knight_stronghold, twilightforest:hydra_lair]
[11May2026 19:18:09.987] [Server thread/WARN] [com.structureessentials.StructureEssentials/]: Non-unique structure_set salt:14357621 potentially creating overlapping structures detected. Structure sets: [minecraft:ocean_ruins, phantasm:acidburnt_ruin]
[11May2026 19:18:09.987] [Server thread/WARN] [com.structureessentials.StructureEssentials/]: Non-unique structure_set salt:10387313 potentially creating overlapping structures detected. Structure sets: [minecraft:ocean_monuments, dungeoncrawl:dungeons, minecraft:end_cities]
[11May2026 19:18:09.987] [Server thread/WARN] [com.structureessentials.StructureEssentials/]: Non-unique structure_set salt:3 potentially creating overlapping structures detected. Structure sets: [alexscaves:cake_cave, alexscaves:ferrocave]
[11May2026 19:18:09.987] [Server thread/WARN] [com.structureessentials.StructureEssentials/]: Non-unique structure_set salt:783 potentially creating overlapping structures detected. Structure sets: [nova_structures:taverns, nova_structures:badlands_miner_outpost]
[11May2026 19:18:09.987] [Server thread/WARN] [com.structureessentials.StructureEssentials/]: Non-unique structure_set salt:169476080 potentially creating overlapping structures detected. Structure sets: [illagerinvasion:sorcerer_hut, irons_spellbooks:mangrove_hut]
[11May2026 19:18:09.988] [Server thread/WARN] [com.structureessentials.StructureEssentials/]: Non-unique structure_set salt:239021 potentially creating overlapping structures detected. Structure sets: [nova_structures:desert_ruins, nova_structures:jungle_ruins]
[11May2026 19:18:09.988] [Server thread/WARN] [com.structureessentials.StructureEssentials/]: Non-unique structure_set salt:2 potentially creating overlapping structures detected. Structure sets: [alexscaves:ocean_trench, alexscaves:acid_pit]
[11May2026 19:18:09.988] [Server thread/WARN] [com.structureessentials.StructureEssentials/]: Non-unique structure_set salt:784827271 potentially creating overlapping structures detected. Structure sets: [betterfortresses:fortress, betteroceanmonuments:ocean_monument]
[11May2026 19:18:09.988] [Server thread/WARN] [com.structureessentials.StructureEssentials/]: Non-unique structure_set salt:598017285 potentially creating overlapping structures detected. Structure sets: [graveyard:small_desert_graveyard_structure, graveyard:small_graveyard_structure]
[11May2026 19:18:09.988] [Server thread/WARN] [com.structureessentials.StructureEssentials/]: Non-unique structure_set salt:10387312 potentially creating overlapping structures detected. Structure sets: [minecraft:villages, nova_structures:villages_jungle, nova_structures:villages_swamp]
[11May2026 19:18:09.988] [Server thread/WARN] [com.structureessentials.StructureEssentials/]: Non-unique structure_set salt:4533232 potentially creating overlapping structures detected. Structure sets: [nova_structures:illager_camp, nova_structures:nether_camps]
[11May2026 19:18:09.993] [Server thread/INFO] [net.regions_unexplored.RegionsUnexploredMod/]: Loading dimension "minecraft:the_nether" with biome source: "blueprint:modded".
[11May2026 19:18:09.994] [Server thread/INFO] [net.minecraft.server.MinecraftServer/]: Preparing start region for dimension minecraft:overworld
[11May2026 19:18:11.154] [Server thread/INFO] [net.minecraft.server.level.progress.LoggerChunkProgressListener/]: Preparing spawn area: 0%
[11May2026 19:18:11.156] [Server thread/INFO] [net.minecraft.server.level.progress.LoggerChunkProgressListener/]: Preparing spawn area: 0%
[11May2026 19:18:11.346] [Server thread/INFO] [net.minecraft.server.level.progress.LoggerChunkProgressListener/]: Preparing spawn area: 0%
[11May2026 19:18:11.645] [Server thread/INFO] [net.minecraft.server.level.progress.LoggerChunkProgressListener/]: Preparing spawn area: 0%
[11May2026 19:18:12.113] [Server thread/INFO] [net.minecraft.server.level.progress.LoggerChunkProgressListener/]: Preparing spawn area: 0%
[11May2026 19:18:12.848] [Server thread/INFO] [net.minecraft.server.level.progress.LoggerChunkProgressListener/]: Time elapsed: 2854 ms
[11May2026 19:18:12.848] [Server thread/INFO] [net.minecraft.server.dedicated.DedicatedServer/]: Done (11.200s)! For help, type "help"
[11May2026 19:18:13.388] [Server thread/INFO] [net.minecraftforge.server.permission.PermissionAPI/]: Successfully initialized permission handler forge:default_handler
[11May2026 19:18:13.460] [Server thread/INFO] [bountiful/]: Registering Bounty Board Jigsaw Piece for Village Type: plains
[11May2026 19:18:13.462] [Server thread/INFO] [bountiful/]: Registering Bounty Board Jigsaw Piece for Village Type: savanna
[11May2026 19:18:13.462] [Server thread/INFO] [bountiful/]: Registering Bounty Board Jigsaw Piece for Village Type: snowy
[11May2026 19:18:13.463] [Server thread/INFO] [bountiful/]: Registering Bounty Board Jigsaw Piece for Village Type: taiga
[11May2026 19:18:13.463] [Server thread/INFO] [bountiful/]: Registering Bounty Board Jigsaw Piece for Village Type: desert
[11May2026 19:18:13.519] [Server thread/INFO] [FTB Quests/]: Loading quests from /workspaces/literate-garbanzo/servidor_minecraft/config/ftbquests/quests
[11May2026 19:18:13.563] [Server thread/INFO] [FTB Quests/]: Loaded 1 chapter groups, 4 chapters, 76 quests, 0 reward tables
[11May2026 19:18:13.582] [Server thread/INFO] [com.cupboard.Cupboard/]: Loaded config for: chunksending.json
[11May2026 19:18:13.582] [Server thread/INFO] [com.cupboard.Cupboard/]: Loaded config for: smoothchunk.json
[11May2026 19:18:13.583] [Server thread/INFO] [com.cupboard.Cupboard/]: Loaded config for: betterfpsdist.json
[11May2026 19:18:13.585] [Server thread/INFO] [com.cupboard.Cupboard/]: Loaded config for: clickadv.json
[11May2026 19:18:13.593] [Server thread/INFO] [com.github.alexthe666.iceandfire.IceAndFire/]: {iceandfire:fire_dragon_roost=true, iceandfire:fire_lily=true, iceandfire:spawn_dragon_skeleton_fire=true, iceandfire:lightning_dragon_roost=true, iceandfire:spawn_dragon_skeleton_lightning=true, iceandfire:ice_dragon_roost=true, iceandfire:ice_dragon_cave=true, iceandfire:lightning_dragon_cave=true, iceandfire:cyclops_cave=true, iceandfire:spawn_wandering_cyclops=true, iceandfire:spawn_sea_serpent=true, iceandfire:frost_lily=true, iceandfire:hydra_cave=true, iceandfire:lightning_lily=true, iceandfire:pixie_village=true, iceandfire:myrmex_hive_jungle=true, iceandfire:myrmex_hive_desert=true, iceandfire:silver_ore=true, iceandfire:siren_island=true, iceandfire:spawn_dragon_skeleton_ice=true, iceandfire:spawn_stymphalian_bird=true, iceandfire:fire_dragon_cave=true, iceandfire:sapphire_ore=true, iceandfire:spawn_hippocampus=true, iceandfire:spawn_death_worm=true}
[11May2026 19:18:13.593] [Server thread/INFO] [com.github.alexthe666.iceandfire.IceAndFire/]: {TROLL_S=true, HIPPOGRYPH=true, AMPHITHERE=true, COCKATRICE=true, TROLL_M=true, DREAD_LICH=true, TROLL_F=true}
[11May2026 19:18:13.610] [Server thread/INFO] [AllTheLeaks/]: Method invalidateAll at mixin dev.uncandango.alltheleaks.mixin.core.main.FakeLevelManagerMixin cancelled due to not matching hash: Actual -2034214357, Expected: [-1241170928]
[11May2026 19:18:13.611] [Server thread/INFO] [AllTheLeaks/]: Mixin annotation @Lcom/llamalad7/mixinextras/injector/wrapoperation/WrapOperation;(at={@Lorg/spongepowered/asm/mixin/injection/At;(args={}, value="INVOKE", target="Ljava/util/Map;values()Ljava/util/Collection;")}, method={}, slice={}) at mixin dev.uncandango.alltheleaks.mixin.core.main.FakeLevelManagerMixin removed due to no methods available
[11May2026 19:18:13.611] [Server thread/WARN] [mixinsquared-annotation-adjuster/]: Modified mixin "dev.uncandango.alltheleaks.mixin.core.main.FakeLevelManagerMixin". Check debug logs for more information.
[11May2026 19:18:13.669] [Server thread/WARN] [net.minecraft.network.syncher.SynchedEntityData/]: defineId called for: class net.minecraft.world.entity.player.Player from class tschipp.carryon.common.carry.CarryOnDataManager
[11May2026 19:18:13.828] [Server thread/INFO] [com.yellowbrossproductions.illageandspillage.IllageAndSpillage/]: Removed entity.illageandspillage.boss_randomizer from Raids to prevent a post-mod-removal crash
[11May2026 19:18:13.829] [Server thread/INFO] [com.yellowbrossproductions.illageandspillage.IllageAndSpillage/]: Removed entity.illageandspillage.igniter from Raids to prevent a post-mod-removal crash
[11May2026 19:18:13.829] [Server thread/INFO] [com.yellowbrossproductions.illageandspillage.IllageAndSpillage/]: Removed entity.illageandspillage.engineer from Raids to prevent a post-mod-removal crash
[11May2026 19:18:13.829] [Server thread/INFO] [com.yellowbrossproductions.illageandspillage.IllageAndSpillage/]: Removed entity.illageandspillage.twittollager from Raids to prevent a post-mod-removal crash
[11May2026 19:18:13.829] [Server thread/INFO] [com.yellowbrossproductions.illageandspillage.IllageAndSpillage/]: Removed entity.illageandspillage.magispeller from Raids to prevent a post-mod-removal crash
[11May2026 19:18:13.832] [Server thread/INFO] [com.yellowbrossproductions.illageandspillage.IllageAndSpillage/]: Removed entity.illageandspillage.spiritcaller from Raids to prevent a post-mod-removal crash
[11May2026 19:18:13.833] [Server thread/INFO] [com.yellowbrossproductions.illageandspillage.IllageAndSpillage/]: Removed entity.illageandspillage.crocofang from Raids to prevent a post-mod-removal crash
[11May2026 19:18:13.833] [Server thread/INFO] [com.yellowbrossproductions.illageandspillage.IllageAndSpillage/]: Removed entity.illageandspillage.absorber from Raids to prevent a post-mod-removal crash
[11May2026 19:18:13.833] [Server thread/INFO] [com.yellowbrossproductions.illageandspillage.IllageAndSpillage/]: Removed entity.illageandspillage.preserver from Raids to prevent a post-mod-removal crash
[11May2026 19:18:13.833] [Server thread/INFO] [com.yellowbrossproductions.illageandspillage.IllageAndSpillage/]: Removed entity.illageandspillage.freakager from Raids to prevent a post-mod-removal crash
[11May2026 19:18:13.833] [Server thread/INFO] [com.yellowbrossproductions.illageandspillage.IllageAndSpillage/]: Removed entity.illageandspillage.old_freakager from Raids to prevent a post-mod-removal crash
[11May2026 19:18:13.833] [Server thread/INFO] [com.yellowbrossproductions.illageandspillage.IllageAndSpillage/]: Removed entity.illageandspillage.old_magispeller from Raids to prevent a post-mod-removal crash
[11May2026 19:18:13.858] [Server thread/INFO] [patchouli/]: Sending reload packet to clients
[11May2026 19:18:13.863] [Server thread/WARN] [ModernFix/]: Dedicated server took 129.309 seconds to load
[11May2026 19:18:16.238] [Server thread/WARN] [net.minecraft.server.MinecraftServer/]: Can't keep up! Is the server overloaded? Running 2320ms or 46 ticks behind
[11May2026 19:18:30.300] [Netty Epoll Server IO #1/INFO] [mixin/]: Mixing server.MixinServerboundChatCommandPacket from mixins/common/nochatreports.mixins.json into net.minecraft.network.protocol.game.ServerboundChatCommandPacket
[11May2026 19:18:30.302] [Netty Epoll Server IO #1/INFO] [mixin/]: Mixing server.MixinServerboundChatPacket from mixins/common/nochatreports.mixins.json into net.minecraft.network.protocol.game.ServerboundChatPacket
[11May2026 19:18:30.303] [Netty Epoll Server IO #1/INFO] [mixin/]: Mixing server.MixinServerboundChatSessionUpdatePacket from mixins/common/nochatreports.mixins.json into net.minecraft.network.protocol.game.ServerboundChatSessionUpdatePacket
[11May2026 19:24:31.466] [Server thread/INFO] [net.minecraft.server.players.PlayerList/]: fabrizio832[/100.122.204.39:50788] logged in with entity id 1844 at (19.35421597200638, 27.0, -452.30000001192093)
[11May2026 19:24:33.233] [Server thread/WARN] [io.redspace.ironsspellbooks.IronsSpellbooks/]: Spell Configuration file "global_config.json", outside of namespaced directory, will be ignored!
[11May2026 19:24:33.238] [Server thread/INFO] [ModdingLegacy/blue_skies/]: Sending ToolHandleTypeManager to fabrizio832
[11May2026 19:24:33.239] [Server thread/INFO] [ModdingLegacy/blue_skies/]: Sending SnowcapOvenFreezingManager to fabrizio832
[11May2026 19:24:33.240] [Server thread/INFO] [ModdingLegacy/blue_skies/]: Sending HorizoniteForgeFuelManager to fabrizio832
[11May2026 19:24:33.240] [Server thread/INFO] [ModdingLegacy/blue_skies/]: Sending AlchemyRecipeManager to fabrizio832
[11May2026 19:24:33.243] [Server thread/INFO] [ModdingLegacy/blue_skies/]: Sending JournalEntryManager to fabrizio832
[11May2026 19:24:33.246] [Server thread/INFO] [ModdingLegacy/blue_skies/]: Sending JournalSectionManager to fabrizio832
[11May2026 19:24:33.246] [Server thread/INFO] [ModdingLegacy/blue_skies/]: Sending JournalRequirementManager to fabrizio832
[11May2026 19:24:33.311] [Server thread/INFO] [ModernFix/]: Using enhanced recipe sync for player fabrizio832
[11May2026 19:24:33.353] [Server thread/INFO] [net.minecraft.server.MinecraftServer/]: fabrizio832 joined the game
[11May2026 19:24:33.615] [Server thread/INFO] [Jade/]: Syncing config to fabrizio832 (3593562b-90d6-3798-bf0c-36ea34ab2117)
[11May2026 19:24:33.741] [Server thread/WARN] [net.minecraft.server.MinecraftServer/]: Can't keep up! Is the server overloaded? Running 2373ms or 47 ticks behind
[11May2026 19:28:18.951] [Server thread/INFO] [AllTheLeaks/]: Listing events...
[11May2026 19:28:18.952] [Server thread/INFO] [AllTheLeaks/]: Listing memory leaks so far...
[11May2026 19:28:18.953] [Server thread/INFO] [AllTheLeaks/]: Waiting to stabilize [3/10]
[11May2026 19:28:18.953] [Server thread/INFO] [AllTheLeaks/]: No memory leak detected!
[11May2026 19:30:50.551] [Server thread/INFO] [net.minecraft.server.MinecraftServer/]: Unknown or incomplete command, see below for error
[11May2026 19:30:50.600] [Server thread/INFO] [net.minecraft.server.MinecraftServer/]: game<--[HERE]
[11May2026 19:31:02.603] [Server thread/INFO] [net.minecraft.server.MinecraftServer/]: Set fabrizio832's game mode to Spectator Mode
[11May2026 19:31:47.058] [Server thread/INFO] [net.minecraft.server.MinecraftServer/]: A player is required to run this command here
[11May2026 19:31:59.250] [Server thread/INFO] [net.minecraft.server.MinecraftServer/]: Set fabrizio832's game mode to Creative Mode
[11May2026 19:33:09.602] [Server thread/INFO] [net.minecraft.server.MinecraftServer/]: Set fabrizio832's game mode to Survival Mode
[11May2026 19:33:22.572] [Server thread/INFO] [net.minecraft.server.MinecraftServer/]: fabrizio832 has made the advancement ['X' Marks the Spot]
[11May2026 19:33:22.579] [Server thread/INFO] [net.minecraft.server.MinecraftServer/]: fabrizio832 has made the advancement [Simple Dungeon Room]
[11May2026 19:33:28.395] [Server thread/INFO] [net.minecraft.server.MinecraftServer/]: fabrizio832 has made the advancement [Craft basic backpack]
[11May2026 19:33:34.760] [Server thread/INFO] [net.minecraft.server.MinecraftServer/]: fabrizio832 has made the advancement [Crops of the Wild]
[11May2026 19:38:18.785] [Server thread/INFO] [AllTheLeaks/]: Listing events...
[11May2026 19:38:18.785] [Server thread/INFO] [AllTheLeaks/]: Listing memory leaks so far...
[11May2026 19:38:18.788] [Server thread/INFO] [AllTheLeaks/]: B: 2706MB / C: 2715MB / Diff: +9MB
[11May2026 19:38:18.788] [Server thread/INFO] [AllTheLeaks/]: No memory leak detected!
[11May2026 19:48:18.838] [Server thread/INFO] [AllTheLeaks/]: Listing events...
[11May2026 19:48:18.840] [Server thread/INFO] [AllTheLeaks/]: Listing memory leaks so far...
[11May2026 19:48:18.840] [Server thread/INFO] [AllTheLeaks/]: B: 2706MB / C: 2732MB / Diff: +26MB
[11May2026 19:48:18.841] [Server thread/INFO] [AllTheLeaks/]: No memory leak detected!
[11May2026 19:53:25.346] [Server thread/INFO] [net.minecraft.server.MinecraftServer/]: fabrizio832 has made the advancement [Isn't It Iron Pick]
[11May2026 19:58:07.841] [Server thread/INFO] [net.minecraft.server.MinecraftServer/]: fabrizio832 has made the advancement [Amateur Archaeologist]
[11May2026 19:58:18.916] [Server thread/INFO] [AllTheLeaks/]: Listing events...
[11May2026 19:58:18.916] [Server thread/INFO] [AllTheLeaks/]: Listing memory leaks so far...
[11May2026 19:58:18.916] [Server thread/INFO] [AllTheLeaks/]: B: 2706MB / C: 2778MB / Diff: +72MB
[11May2026 19:58:18.916] [Server thread/INFO] [AllTheLeaks/]: No memory leak detected!
[11May2026 19:59:27.868] [Server thread/WARN] [tombstone/]: The death event of the player fabrizio832 was canceled by another mod
[11May2026 19:59:27.917] [Server thread/INFO] [tombstone/]: The player fabrizio832 has successfully been saved
[11May2026 19:59:38.512] [Server thread/INFO] [net.minecraft.server.MinecraftServer/]: fabrizio832 was killed by Witch using magic
[11May2026 20:01:08.048] [Server thread/INFO] [net.minecraft.server.MinecraftServer/]: Set fabrizio832's game mode to Creative Mode
[11May2026 20:01:33.505] [Server thread/INFO] [net.minecraft.server.MinecraftServer/]: Set fabrizio832's game mode to Survival Mode
[11May2026 20:02:31.846] [Server thread/INFO] [net.minecraft.server.MinecraftServer/]: fabrizio832 has made the advancement [It Belongs in a Museum]
[11May2026 20:02:31.847] [Server thread/INFO] [net.minecraft.server.MinecraftServer/]: fabrizio832 has made the advancement [Iron Tier Upgrade]
[11May2026 20:08:19.206] [Server thread/INFO] [AllTheLeaks/]: Listing events...
[11May2026 20:08:19.212] [Server thread/INFO] [AllTheLeaks/]: Server Player Clone: 1
[11May2026 20:08:19.213] [Server thread/INFO] [AllTheLeaks/]: Listing memory leaks so far...
[11May2026 20:08:19.215] [Server thread/INFO] [AllTheLeaks/]: B: 2706MB / C: 2901MB / Diff: +195MB
[11May2026 20:08:19.215] [Server thread/INFO] [AllTheLeaks/]: Memory Leaks detected: (/atl force_refresh to update)
[11May2026 20:08:19.215] [Server thread/INFO] [AllTheLeaks/]: | Player:
[11May2026 20:08:19.216] [Server thread/INFO] [AllTheLeaks/]: |- ServerPlayer (minecraft): 1
[11May2026 20:08:19.216] [Server thread/INFO] [AllTheLeaks/]: | ChunkAccess:
[11May2026 20:08:19.216] [Server thread/INFO] [AllTheLeaks/]: |- LevelChunk (minecraft): 469
[11May2026 20:09:58.546] [Server thread/INFO] [net.minecraft.server.network.ServerGamePacketListenerImpl/]: fabrizio832 lost connection: Disconnected
[11May2026 20:09:58.551] [Server thread/INFO] [net.minecraft.server.MinecraftServer/]: fabrizio832 left the game
[11May2026 20:10:04.176] [Server thread/INFO] [net.minecraft.server.MinecraftServer/]: Stopping the server
[11May2026 20:10:04.248] [Server thread/INFO] [net.minecraft.server.MinecraftServer/]: Stopping server
[11May2026 20:10:04.250] [Server thread/INFO] [net.minecraft.server.MinecraftServer/]: Saving players
[11May2026 20:10:04.250] [Server thread/INFO] [net.minecraft.server.MinecraftServer/]: Saving worlds
[11May2026 20:10:04.345] [Server thread/INFO] [net.minecraft.server.MinecraftServer/]: Saving chunks for level 'ServerLevel[world]'/minecraft:overworld
[11May2026 20:10:04.559] [Server thread/INFO] [net.minecraft.server.MinecraftServer/]: Saving chunks for level 'ServerLevel[world]'/graveyard:past
[11May2026 20:10:04.559] [Server thread/INFO] [net.minecraft.server.MinecraftServer/]: Saving chunks for level 'ServerLevel[world]'/irons_spellbooks:pocket_dimension
[11May2026 20:10:04.560] [Server thread/INFO] [net.minecraft.server.MinecraftServer/]: Saving chunks for level 'ServerLevel[world]'/witherstormmod:bowels
[11May2026 20:10:04.562] [Server thread/INFO] [net.minecraft.server.MinecraftServer/]: Saving chunks for level 'ServerLevel[world]'/minecraft:the_nether
[11May2026 20:10:04.562] [Server thread/INFO] [net.minecraft.server.MinecraftServer/]: Saving chunks for level 'ServerLevel[world]'/deeperdarker:otherside
[11May2026 20:10:04.563] [Server thread/INFO] [net.minecraft.server.MinecraftServer/]: Saving chunks for level 'ServerLevel[world]'/aether:the_aether
[11May2026 20:10:04.563] [Server thread/INFO] [net.minecraft.server.MinecraftServer/]: Saving chunks for level 'ServerLevel[world]'/minecraft:the_end
[11May2026 20:10:04.565] [Server thread/INFO] [net.minecraft.server.MinecraftServer/]: Saving chunks for level 'ServerLevel[world]'/blue_skies:everbright
[11May2026 20:10:04.565] [Server thread/INFO] [net.minecraft.server.MinecraftServer/]: Saving chunks for level 'ServerLevel[world]'/blue_skies:everdawn
[11May2026 20:10:04.566] [Server thread/INFO] [net.minecraft.server.MinecraftServer/]: Saving chunks for level 'ServerLevel[world]'/twilightforest:twilight_forest
[11May2026 20:10:04.705] [Server thread/INFO] [net.minecraft.server.MinecraftServer/]: ThreadedAnvilChunkStorage (world): All chunks are saved
[11May2026 20:10:04.705] [Server thread/INFO] [net.minecraft.server.MinecraftServer/]: ThreadedAnvilChunkStorage (past): All chunks are saved
[11May2026 20:10:04.705] [Server thread/INFO] [net.minecraft.server.MinecraftServer/]: ThreadedAnvilChunkStorage (pocket_dimension): All chunks are saved
[11May2026 20:10:04.706] [Server thread/INFO] [net.minecraft.server.MinecraftServer/]: ThreadedAnvilChunkStorage (bowels): All chunks are saved
[11May2026 20:10:04.706] [Server thread/INFO] [net.minecraft.server.MinecraftServer/]: ThreadedAnvilChunkStorage (DIM-1): All chunks are saved
[11May2026 20:10:04.706] [Server thread/INFO] [net.minecraft.server.MinecraftServer/]: ThreadedAnvilChunkStorage (otherside): All chunks are saved
[11May2026 20:10:04.706] [Server thread/INFO] [net.minecraft.server.MinecraftServer/]: ThreadedAnvilChunkStorage (the_aether): All chunks are saved
[11May2026 20:10:04.706] [Server thread/INFO] [net.minecraft.server.MinecraftServer/]: ThreadedAnvilChunkStorage (DIM1): All chunks are saved
[11May2026 20:10:04.706] [Server thread/INFO] [net.minecraft.server.MinecraftServer/]: ThreadedAnvilChunkStorage (everbright): All chunks are saved
[11May2026 20:10:04.706] [Server thread/INFO] [net.minecraft.server.MinecraftServer/]: ThreadedAnvilChunkStorage (everdawn): All chunks are saved
[11May2026 20:10:04.706] [Server thread/INFO] [net.minecraft.server.MinecraftServer/]: ThreadedAnvilChunkStorage (twilight_forest): All chunks are saved
[11May2026 20:10:04.706] [Server thread/INFO] [net.minecraft.server.MinecraftServer/]: ThreadedAnvilChunkStorage: All dimensions are saved
[11May2026 20:10:04.706] [Server thread/INFO] [com.yellowbrossproductions.illageandspillage.IllageAndSpillage/]: Removed entity.illageandspillage.boss_randomizer from Raids to prevent a post-mod-removal crash
[11May2026 20:10:04.706] [Server thread/INFO] [com.yellowbrossproductions.illageandspillage.IllageAndSpillage/]: Removed entity.illageandspillage.igniter from Raids to prevent a post-mod-removal crash
[11May2026 20:10:04.707] [Server thread/INFO] [com.yellowbrossproductions.illageandspillage.IllageAndSpillage/]: Removed entity.illageandspillage.engineer from Raids to prevent a post-mod-removal crash
[11May2026 20:10:04.707] [Server thread/INFO] [com.yellowbrossproductions.illageandspillage.IllageAndSpillage/]: Removed entity.illageandspillage.twittollager from Raids to prevent a post-mod-removal crash
[11May2026 20:10:04.707] [Server thread/INFO] [com.yellowbrossproductions.illageandspillage.IllageAndSpillage/]: Removed entity.illageandspillage.magispeller from Raids to prevent a post-mod-removal crash
[11May2026 20:10:04.707] [Server thread/INFO] [com.yellowbrossproductions.illageandspillage.IllageAndSpillage/]: Removed entity.illageandspillage.spiritcaller from Raids to prevent a post-mod-removal crash
[11May2026 20:10:04.707] [Server thread/INFO] [com.yellowbrossproductions.illageandspillage.IllageAndSpillage/]: Removed entity.illageandspillage.crocofang from Raids to prevent a post-mod-removal crash
[11May2026 20:10:04.707] [Server thread/INFO] [com.yellowbrossproductions.illageandspillage.IllageAndSpillage/]: Removed entity.illageandspillage.absorber from Raids to prevent a post-mod-removal crash
[11May2026 20:10:04.707] [Server thread/INFO] [com.yellowbrossproductions.illageandspillage.IllageAndSpillage/]: Removed entity.illageandspillage.preserver from Raids to prevent a post-mod-removal crash
[11May2026 20:10:04.707] [Server thread/INFO] [com.yellowbrossproductions.illageandspillage.IllageAndSpillage/]: Removed entity.illageandspillage.freakager from Raids to prevent a post-mod-removal crash
[11May2026 20:10:04.707] [Server thread/INFO] [com.yellowbrossproductions.illageandspillage.IllageAndSpillage/]: Removed entity.illageandspillage.old_freakager from Raids to prevent a post-mod-removal crash
[11May2026 20:10:04.707] [Server thread/INFO] [com.yellowbrossproductions.illageandspillage.IllageAndSpillage/]: Removed entity.illageandspillage.old_magispeller from Raids to prevent a post-mod-removal crash
[11May2026 20:10:04.742] [Server thread/INFO] [com.yellowbrossproductions.illageandspillage.IllageAndSpillage/]: Removed entity.illageandspillage.boss_randomizer from Raids to prevent a post-mod-removal crash
[11May2026 20:10:04.743] [Server thread/INFO] [com.yellowbrossproductions.illageandspillage.IllageAndSpillage/]: Removed entity.illageandspillage.igniter from Raids to prevent a post-mod-removal crash
[11May2026 20:10:04.743] [Server thread/INFO] [com.yellowbrossproductions.illageandspillage.IllageAndSpillage/]: Removed entity.illageandspillage.engineer from Raids to prevent a post-mod-removal crash
[11May2026 20:10:04.743] [Server thread/INFO] [com.yellowbrossproductions.illageandspillage.IllageAndSpillage/]: Removed entity.illageandspillage.twittollager from Raids to prevent a post-mod-removal crash
[11May2026 20:10:04.743] [Server thread/INFO] [com.yellowbrossproductions.illageandspillage.IllageAndSpillage/]: Removed entity.illageandspillage.magispeller from Raids to prevent a post-mod-removal crash
[11May2026 20:10:04.743] [Server thread/INFO] [com.yellowbrossproductions.illageandspillage.IllageAndSpillage/]: Removed entity.illageandspillage.spiritcaller from Raids to prevent a post-mod-removal crash
[11May2026 20:10:04.743] [Server thread/INFO] [com.yellowbrossproductions.illageandspillage.IllageAndSpillage/]: Removed entity.illageandspillage.crocofang from Raids to prevent a post-mod-removal crash
[11May2026 20:10:04.743] [Server thread/INFO] [com.yellowbrossproductions.illageandspillage.IllageAndSpillage/]: Removed entity.illageandspillage.absorber from Raids to prevent a post-mod-removal crash
[11May2026 20:10:04.743] [Server thread/INFO] [com.yellowbrossproductions.illageandspillage.IllageAndSpillage/]: Removed entity.illageandspillage.preserver from Raids to prevent a post-mod-removal crash
[11May2026 20:10:04.743] [Server thread/INFO] [com.yellowbrossproductions.illageandspillage.IllageAndSpillage/]: Removed entity.illageandspillage.freakager from Raids to prevent a post-mod-removal crash
[11May2026 20:10:04.743] [Server thread/INFO] [com.yellowbrossproductions.illageandspillage.IllageAndSpillage/]: Removed entity.illageandspillage.old_freakager from Raids to prevent a post-mod-removal crash
[11May2026 20:10:04.744] [Server thread/INFO] [com.yellowbrossproductions.illageandspillage.IllageAndSpillage/]: Removed entity.illageandspillage.old_magispeller from Raids to prevent a post-mod-removal crash
[11May2026 20:10:04.745] [Server thread/INFO] [com.yellowbrossproductions.illageandspillage.IllageAndSpillage/]: Removed entity.illageandspillage.boss_randomizer from Raids to prevent a post-mod-removal crash
[11May2026 20:10:04.745] [Server thread/INFO] [com.yellowbrossproductions.illageandspillage.IllageAndSpillage/]: Removed entity.illageandspillage.igniter from Raids to prevent a post-mod-removal crash
[11May2026 20:10:04.745] [Server thread/INFO] [com.yellowbrossproductions.illageandspillage.IllageAndSpillage/]: Removed entity.illageandspillage.engineer from Raids to prevent a post-mod-removal crash
[11May2026 20:10:04.745] [Server thread/INFO] [com.yellowbrossproductions.illageandspillage.IllageAndSpillage/]: Removed entity.illageandspillage.twittollager from Raids to prevent a post-mod-removal crash
[11May2026 20:10:04.746] [Server thread/INFO] [com.yellowbrossproductions.illageandspillage.IllageAndSpillage/]: Removed entity.illageandspillage.magispeller from Raids to prevent a post-mod-removal crash
[11May2026 20:10:04.746] [Server thread/INFO] [com.yellowbrossproductions.illageandspillage.IllageAndSpillage/]: Removed entity.illageandspillage.spiritcaller from Raids to prevent a post-mod-removal crash
[11May2026 20:10:04.746] [Server thread/INFO] [com.yellowbrossproductions.illageandspillage.IllageAndSpillage/]: Removed entity.illageandspillage.crocofang from Raids to prevent a post-mod-removal crash
[11May2026 20:10:04.746] [Server thread/INFO] [com.yellowbrossproductions.illageandspillage.IllageAndSpillage/]: Removed entity.illageandspillage.absorber from Raids to prevent a post-mod-removal crash
[11May2026 20:10:04.746] [Server thread/INFO] [com.yellowbrossproductions.illageandspillage.IllageAndSpillage/]: Removed entity.illageandspillage.preserver from Raids to prevent a post-mod-removal crash
[11May2026 20:10:04.746] [Server thread/INFO] [com.yellowbrossproductions.illageandspillage.IllageAndSpillage/]: Removed entity.illageandspillage.freakager from Raids to prevent a post-mod-removal crash
[11May2026 20:10:04.746] [Server thread/INFO] [com.yellowbrossproductions.illageandspillage.IllageAndSpillage/]: Removed entity.illageandspillage.old_freakager from Raids to prevent a post-mod-removal crash
[11May2026 20:10:04.746] [Server thread/INFO] [com.yellowbrossproductions.illageandspillage.IllageAndSpillage/]: Removed entity.illageandspillage.old_magispeller from Raids to prevent a post-mod-removal crash
[11May2026 20:10:04.747] [Server thread/INFO] [com.yellowbrossproductions.illageandspillage.IllageAndSpillage/]: Removed entity.illageandspillage.boss_randomizer from Raids to prevent a post-mod-removal crash
[11May2026 20:10:04.747] [Server thread/INFO] [com.yellowbrossproductions.illageandspillage.IllageAndSpillage/]: Removed entity.illageandspillage.igniter from Raids to prevent a post-mod-removal crash
[11May2026 20:10:04.747] [Server thread/INFO] [com.yellowbrossproductions.illageandspillage.IllageAndSpillage/]: Removed entity.illageandspillage.engineer from Raids to prevent a post-mod-removal crash
[11May2026 20:10:04.747] [Server thread/INFO] [com.yellowbrossproductions.illageandspillage.IllageAndSpillage/]: Removed entity.illageandspillage.twittollager from Raids to prevent a post-mod-removal crash
[11May2026 20:10:04.748] [Server thread/INFO] [com.yellowbrossproductions.illageandspillage.IllageAndSpillage/]: Removed entity.illageandspillage.magispeller from Raids to prevent a post-mod-removal crash
[11May2026 20:10:04.748] [Server thread/INFO] [com.yellowbrossproductions.illageandspillage.IllageAndSpillage/]: Removed entity.illageandspillage.spiritcaller from Raids to prevent a post-mod-removal crash
[11May2026 20:10:04.748] [Server thread/INFO] [com.yellowbrossproductions.illageandspillage.IllageAndSpillage/]: Removed entity.illageandspillage.crocofang from Raids to prevent a post-mod-removal crash
[11May2026 20:10:04.748] [Server thread/INFO] [com.yellowbrossproductions.illageandspillage.IllageAndSpillage/]: Removed entity.illageandspillage.absorber from Raids to prevent a post-mod-removal crash
[11May2026 20:10:04.748] [Server thread/INFO] [com.yellowbrossproductions.illageandspillage.IllageAndSpillage/]: Removed entity.illageandspillage.preserver from Raids to prevent a post-mod-removal crash
[11May2026 20:10:04.748] [Server thread/INFO] [com.yellowbrossproductions.illageandspillage.IllageAndSpillage/]: Removed entity.illageandspillage.freakager from Raids to prevent a post-mod-removal crash
[11May2026 20:10:04.748] [Server thread/INFO] [com.yellowbrossproductions.illageandspillage.IllageAndSpillage/]: Removed entity.illageandspillage.old_freakager from Raids to prevent a post-mod-removal crash
[11May2026 20:10:04.748] [Server thread/INFO] [com.yellowbrossproductions.illageandspillage.IllageAndSpillage/]: Removed entity.illageandspillage.old_magispeller from Raids to prevent a post-mod-removal crash
[11May2026 20:10:04.749] [Server thread/INFO] [com.yellowbrossproductions.illageandspillage.IllageAndSpillage/]: Removed entity.illageandspillage.boss_randomizer from Raids to prevent a post-mod-removal crash
[11May2026 20:10:04.749] [Server thread/INFO] [com.yellowbrossproductions.illageandspillage.IllageAndSpillage/]: Removed entity.illageandspillage.igniter from Raids to prevent a post-mod-removal crash
[11May2026 20:10:04.749] [Server thread/INFO] [com.yellowbrossproductions.illageandspillage.IllageAndSpillage/]: Removed entity.illageandspillage.engineer from Raids to prevent a post-mod-removal crash
[11May2026 20:10:04.749] [Server thread/INFO] [com.yellowbrossproductions.illageandspillage.IllageAndSpillage/]: Removed entity.illageandspillage.twittollager from Raids to prevent a post-mod-removal crash
[11May2026 20:10:04.749] [Server thread/INFO] [com.yellowbrossproductions.illageandspillage.IllageAndSpillage/]: Removed entity.illageandspillage.magispeller from Raids to prevent a post-mod-removal crash
[11May2026 20:10:04.749] [Server thread/INFO] [com.yellowbrossproductions.illageandspillage.IllageAndSpillage/]: Removed entity.illageandspillage.spiritcaller from Raids to prevent a post-mod-removal crash
[11May2026 20:10:04.750] [Server thread/INFO] [com.yellowbrossproductions.illageandspillage.IllageAndSpillage/]: Removed entity.illageandspillage.crocofang from Raids to prevent a post-mod-removal crash
[11May2026 20:10:04.750] [Server thread/INFO] [com.yellowbrossproductions.illageandspillage.IllageAndSpillage/]: Removed entity.illageandspillage.absorber from Raids to prevent a post-mod-removal crash
[11May2026 20:10:04.750] [Server thread/INFO] [com.yellowbrossproductions.illageandspillage.IllageAndSpillage/]: Removed entity.illageandspillage.preserver from Raids to prevent a post-mod-removal crash
[11May2026 20:10:04.750] [Server thread/INFO] [com.yellowbrossproductions.illageandspillage.IllageAndSpillage/]: Removed entity.illageandspillage.freakager from Raids to prevent a post-mod-removal crash
[11May2026 20:10:04.750] [Server thread/INFO] [com.yellowbrossproductions.illageandspillage.IllageAndSpillage/]: Removed entity.illageandspillage.old_freakager from Raids to prevent a post-mod-removal crash
[11May2026 20:10:04.750] [Server thread/INFO] [com.yellowbrossproductions.illageandspillage.IllageAndSpillage/]: Removed entity.illageandspillage.old_magispeller from Raids to prevent a post-mod-removal crash
[11May2026 20:10:04.751] [Server thread/INFO] [com.yellowbrossproductions.illageandspillage.IllageAndSpillage/]: Removed entity.illageandspillage.boss_randomizer from Raids to prevent a post-mod-removal crash
[11May2026 20:10:04.751] [Server thread/INFO] [com.yellowbrossproductions.illageandspillage.IllageAndSpillage/]: Removed entity.illageandspillage.igniter from Raids to prevent a post-mod-removal crash
[11May2026 20:10:04.751] [Server thread/INFO] [com.yellowbrossproductions.illageandspillage.IllageAndSpillage/]: Removed entity.illageandspillage.engineer from Raids to prevent a post-mod-removal crash
[11May2026 20:10:04.751] [Server thread/INFO] [com.yellowbrossproductions.illageandspillage.IllageAndSpillage/]: Removed entity.illageandspillage.twittollager from Raids to prevent a post-mod-removal crash
[11May2026 20:10:04.751] [Server thread/INFO] [com.yellowbrossproductions.illageandspillage.IllageAndSpillage/]: Removed entity.illageandspillage.magispeller from Raids to prevent a post-mod-removal crash
[11May2026 20:10:04.751] [Server thread/INFO] [com.yellowbrossproductions.illageandspillage.IllageAndSpillage/]: Removed entity.illageandspillage.spiritcaller from Raids to prevent a post-mod-removal crash
[11May2026 20:10:04.751] [Server thread/INFO] [com.yellowbrossproductions.illageandspillage.IllageAndSpillage/]: Removed entity.illageandspillage.crocofang from Raids to prevent a post-mod-removal crash
[11May2026 20:10:04.751] [Server thread/INFO] [com.yellowbrossproductions.illageandspillage.IllageAndSpillage/]: Removed entity.illageandspillage.absorber from Raids to prevent a post-mod-removal crash
[11May2026 20:10:04.751] [Server thread/INFO] [com.yellowbrossproductions.illageandspillage.IllageAndSpillage/]: Removed entity.illageandspillage.preserver from Raids to prevent a post-mod-removal crash
[11May2026 20:10:04.752] [Server thread/INFO] [com.yellowbrossproductions.illageandspillage.IllageAndSpillage/]: Removed entity.illageandspillage.freakager from Raids to prevent a post-mod-removal crash
[11May2026 20:10:04.752] [Server thread/INFO] [com.yellowbrossproductions.illageandspillage.IllageAndSpillage/]: Removed entity.illageandspillage.old_freakager from Raids to prevent a post-mod-removal crash
[11May2026 20:10:04.752] [Server thread/INFO] [com.yellowbrossproductions.illageandspillage.IllageAndSpillage/]: Removed entity.illageandspillage.old_magispeller from Raids to prevent a post-mod-removal crash
[11May2026 20:10:04.755] [Server thread/INFO] [com.yellowbrossproductions.illageandspillage.IllageAndSpillage/]: Removed entity.illageandspillage.boss_randomizer from Raids to prevent a post-mod-removal crash
[11May2026 20:10:04.756] [Server thread/INFO] [com.yellowbrossproductions.illageandspillage.IllageAndSpillage/]: Removed entity.illageandspillage.igniter from Raids to prevent a post-mod-removal crash
[11May2026 20:10:04.756] [Server thread/INFO] [com.yellowbrossproductions.illageandspillage.IllageAndSpillage/]: Removed entity.illageandspillage.engineer from Raids to prevent a post-mod-removal crash
[11May2026 20:10:04.757] [Server thread/INFO] [com.yellowbrossproductions.illageandspillage.IllageAndSpillage/]: Removed entity.illageandspillage.twittollager from Raids to prevent a post-mod-removal crash
[11May2026 20:10:04.757] [Server thread/INFO] [com.yellowbrossproductions.illageandspillage.IllageAndSpillage/]: Removed entity.illageandspillage.magispeller from Raids to prevent a post-mod-removal crash
[11May2026 20:10:04.757] [Server thread/INFO] [com.yellowbrossproductions.illageandspillage.IllageAndSpillage/]: Removed entity.illageandspillage.spiritcaller from Raids to prevent a post-mod-removal crash
[11May2026 20:10:04.757] [Server thread/INFO] [com.yellowbrossproductions.illageandspillage.IllageAndSpillage/]: Removed entity.illageandspillage.crocofang from Raids to prevent a post-mod-removal crash
[11May2026 20:10:04.758] [Server thread/INFO] [com.yellowbrossproductions.illageandspillage.IllageAndSpillage/]: Removed entity.illageandspillage.absorber from Raids to prevent a post-mod-removal crash
[11May2026 20:10:04.758] [Server thread/INFO] [com.yellowbrossproductions.illageandspillage.IllageAndSpillage/]: Removed entity.illageandspillage.preserver from Raids to prevent a post-mod-removal crash
[11May2026 20:10:04.758] [Server thread/INFO] [com.yellowbrossproductions.illageandspillage.IllageAndSpillage/]: Removed entity.illageandspillage.freakager from Raids to prevent a post-mod-removal crash
[11May2026 20:10:04.758] [Server thread/INFO] [com.yellowbrossproductions.illageandspillage.IllageAndSpillage/]: Removed entity.illageandspillage.old_freakager from Raids to prevent a post-mod-removal crash
[11May2026 20:10:04.759] [Server thread/INFO] [com.yellowbrossproductions.illageandspillage.IllageAndSpillage/]: Removed entity.illageandspillage.old_magispeller from Raids to prevent a post-mod-removal crash
[11May2026 20:10:04.759] [Server thread/INFO] [com.yellowbrossproductions.illageandspillage.IllageAndSpillage/]: Removed entity.illageandspillage.boss_randomizer from Raids to prevent a post-mod-removal crash
[11May2026 20:10:04.760] [Server thread/INFO] [com.yellowbrossproductions.illageandspillage.IllageAndSpillage/]: Removed entity.illageandspillage.igniter from Raids to prevent a post-mod-removal crash
[11May2026 20:10:04.760] [Server thread/INFO] [com.yellowbrossproductions.illageandspillage.IllageAndSpillage/]: Removed entity.illageandspillage.engineer from Raids to prevent a post-mod-removal crash
[11May2026 20:10:04.760] [Server thread/INFO] [com.yellowbrossproductions.illageandspillage.IllageAndSpillage/]: Removed entity.illageandspillage.twittollager from Raids to prevent a post-mod-removal crash
[11May2026 20:10:04.760] [Server thread/INFO] [com.yellowbrossproductions.illageandspillage.IllageAndSpillage/]: Removed entity.illageandspillage.magispeller from Raids to prevent a post-mod-removal crash
[11May2026 20:10:04.760] [Server thread/INFO] [com.yellowbrossproductions.illageandspillage.IllageAndSpillage/]: Removed entity.illageandspillage.spiritcaller from Raids to prevent a post-mod-removal crash
[11May2026 20:10:04.760] [Server thread/INFO] [com.yellowbrossproductions.illageandspillage.IllageAndSpillage/]: Removed entity.illageandspillage.crocofang from Raids to prevent a post-mod-removal crash
[11May2026 20:10:04.761] [Server thread/INFO] [com.yellowbrossproductions.illageandspillage.IllageAndSpillage/]: Removed entity.illageandspillage.absorber from Raids to prevent a post-mod-removal crash
[11May2026 20:10:04.761] [Server thread/INFO] [com.yellowbrossproductions.illageandspillage.IllageAndSpillage/]: Removed entity.illageandspillage.preserver from Raids to prevent a post-mod-removal crash
[11May2026 20:10:04.761] [Server thread/INFO] [com.yellowbrossproductions.illageandspillage.IllageAndSpillage/]: Removed entity.illageandspillage.freakager from Raids to prevent a post-mod-removal crash
[11May2026 20:10:04.761] [Server thread/INFO] [com.yellowbrossproductions.illageandspillage.IllageAndSpillage/]: Removed entity.illageandspillage.old_freakager from Raids to prevent a post-mod-removal crash
[11May2026 20:10:04.761] [Server thread/INFO] [com.yellowbrossproductions.illageandspillage.IllageAndSpillage/]: Removed entity.illageandspillage.old_magispeller from Raids to prevent a post-mod-removal crash
[11May2026 20:10:04.763] [Server thread/INFO] [com.yellowbrossproductions.illageandspillage.IllageAndSpillage/]: Removed entity.illageandspillage.boss_randomizer from Raids to prevent a post-mod-removal crash
[11May2026 20:10:04.764] [Server thread/INFO] [com.yellowbrossproductions.illageandspillage.IllageAndSpillage/]: Removed entity.illageandspillage.igniter from Raids to prevent a post-mod-removal crash
[11May2026 20:10:04.764] [Server thread/INFO] [com.yellowbrossproductions.illageandspillage.IllageAndSpillage/]: Removed entity.illageandspillage.engineer from Raids to prevent a post-mod-removal crash
[11May2026 20:10:04.764] [Server thread/INFO] [com.yellowbrossproductions.illageandspillage.IllageAndSpillage/]: Removed entity.illageandspillage.twittollager from Raids to prevent a post-mod-removal crash
[11May2026 20:10:04.764] [Server thread/INFO] [com.yellowbrossproductions.illageandspillage.IllageAndSpillage/]: Removed entity.illageandspillage.magispeller from Raids to prevent a post-mod-removal crash
[11May2026 20:10:04.765] [Server thread/INFO] [com.yellowbrossproductions.illageandspillage.IllageAndSpillage/]: Removed entity.illageandspillage.spiritcaller from Raids to prevent a post-mod-removal crash
[11May2026 20:10:04.765] [Server thread/INFO] [com.yellowbrossproductions.illageandspillage.IllageAndSpillage/]: Removed entity.illageandspillage.crocofang from Raids to prevent a post-mod-removal crash
[11May2026 20:10:04.765] [Server thread/INFO] [com.yellowbrossproductions.illageandspillage.IllageAndSpillage/]: Removed entity.illageandspillage.absorber from Raids to prevent a post-mod-removal crash
[11May2026 20:10:04.765] [Server thread/INFO] [com.yellowbrossproductions.illageandspillage.IllageAndSpillage/]: Removed entity.illageandspillage.preserver from Raids to prevent a post-mod-removal crash
[11May2026 20:10:04.766] [Server thread/INFO] [com.yellowbrossproductions.illageandspillage.IllageAndSpillage/]: Removed entity.illageandspillage.freakager from Raids to prevent a post-mod-removal crash
[11May2026 20:10:04.766] [Server thread/INFO] [com.yellowbrossproductions.illageandspillage.IllageAndSpillage/]: Removed entity.illageandspillage.old_freakager from Raids to prevent a post-mod-removal crash
[11May2026 20:10:04.766] [Server thread/INFO] [com.yellowbrossproductions.illageandspillage.IllageAndSpillage/]: Removed entity.illageandspillage.old_magispeller from Raids to prevent a post-mod-removal crash
[11May2026 20:10:04.767] [Server thread/INFO] [com.yellowbrossproductions.illageandspillage.IllageAndSpillage/]: Removed entity.illageandspillage.boss_randomizer from Raids to prevent a post-mod-removal crash
[11May2026 20:10:04.767] [Server thread/INFO] [com.yellowbrossproductions.illageandspillage.IllageAndSpillage/]: Removed entity.illageandspillage.igniter from Raids to prevent a post-mod-removal crash
[11May2026 20:10:04.767] [Server thread/INFO] [com.yellowbrossproductions.illageandspillage.IllageAndSpillage/]: Removed entity.illageandspillage.engineer from Raids to prevent a post-mod-removal crash
[11May2026 20:10:04.768] [Server thread/INFO] [com.yellowbrossproductions.illageandspillage.IllageAndSpillage/]: Removed entity.illageandspillage.twittollager from Raids to prevent a post-mod-removal crash
[11May2026 20:10:04.768] [Server thread/INFO] [com.yellowbrossproductions.illageandspillage.IllageAndSpillage/]: Removed entity.illageandspillage.magispeller from Raids to prevent a post-mod-removal crash
[11May2026 20:10:04.768] [Server thread/INFO] [com.yellowbrossproductions.illageandspillage.IllageAndSpillage/]: Removed entity.illageandspillage.spiritcaller from Raids to prevent a post-mod-removal crash
[11May2026 20:10:04.768] [Server thread/INFO] [com.yellowbrossproductions.illageandspillage.IllageAndSpillage/]: Removed entity.illageandspillage.crocofang from Raids to prevent a post-mod-removal crash
[11May2026 20:10:04.768] [Server thread/INFO] [com.yellowbrossproductions.illageandspillage.IllageAndSpillage/]: Removed entity.illageandspillage.absorber from Raids to prevent a post-mod-removal crash
[11May2026 20:10:04.768] [Server thread/INFO] [com.yellowbrossproductions.illageandspillage.IllageAndSpillage/]: Removed entity.illageandspillage.preserver from Raids to prevent a post-mod-removal crash
[11May2026 20:10:04.768] [Server thread/INFO] [com.yellowbrossproductions.illageandspillage.IllageAndSpillage/]: Removed entity.illageandspillage.freakager from Raids to prevent a post-mod-removal crash
[11May2026 20:10:04.769] [Server thread/INFO] [com.yellowbrossproductions.illageandspillage.IllageAndSpillage/]: Removed entity.illageandspillage.old_freakager from Raids to prevent a post-mod-removal crash
[11May2026 20:10:04.769] [Server thread/INFO] [com.yellowbrossproductions.illageandspillage.IllageAndSpillage/]: Removed entity.illageandspillage.old_magispeller from Raids to prevent a post-mod-removal crash
[11May2026 20:10:04.769] [Server thread/INFO] [com.yellowbrossproductions.illageandspillage.IllageAndSpillage/]: Removed entity.illageandspillage.boss_randomizer from Raids to prevent a post-mod-removal crash
[11May2026 20:10:04.769] [Server thread/INFO] [com.yellowbrossproductions.illageandspillage.IllageAndSpillage/]: Removed entity.illageandspillage.igniter from Raids to prevent a post-mod-removal crash
[11May2026 20:10:04.770] [Server thread/INFO] [com.yellowbrossproductions.illageandspillage.IllageAndSpillage/]: Removed entity.illageandspillage.engineer from Raids to prevent a post-mod-removal crash
[11May2026 20:10:04.770] [Server thread/INFO] [com.yellowbrossproductions.illageandspillage.IllageAndSpillage/]: Removed entity.illageandspillage.twittollager from Raids to prevent a post-mod-removal crash
[11May2026 20:10:04.770] [Server thread/INFO] [com.yellowbrossproductions.illageandspillage.IllageAndSpillage/]: Removed entity.illageandspillage.magispeller from Raids to prevent a post-mod-removal crash
[11May2026 20:10:04.770] [Server thread/INFO] [com.yellowbrossproductions.illageandspillage.IllageAndSpillage/]: Removed entity.illageandspillage.spiritcaller from Raids to prevent a post-mod-removal crash
[11May2026 20:10:04.770] [Server thread/INFO] [com.yellowbrossproductions.illageandspillage.IllageAndSpillage/]: Removed entity.illageandspillage.crocofang from Raids to prevent a post-mod-removal crash
[11May2026 20:10:04.770] [Server thread/INFO] [com.yellowbrossproductions.illageandspillage.IllageAndSpillage/]: Removed entity.illageandspillage.absorber from Raids to prevent a post-mod-removal crash
[11May2026 20:10:04.770] [Server thread/INFO] [com.yellowbrossproductions.illageandspillage.IllageAndSpillage/]: Removed entity.illageandspillage.preserver from Raids to prevent a post-mod-removal crash
[11May2026 20:10:04.770] [Server thread/INFO] [com.yellowbrossproductions.illageandspillage.IllageAndSpillage/]: Removed entity.illageandspillage.freakager from Raids to prevent a post-mod-removal crash
[11May2026 20:10:04.770] [Server thread/INFO] [com.yellowbrossproductions.illageandspillage.IllageAndSpillage/]: Removed entity.illageandspillage.old_freakager from Raids to prevent a post-mod-removal crash
[11May2026 20:10:04.770] [Server thread/INFO] [com.yellowbrossproductions.illageandspillage.IllageAndSpillage/]: Removed entity.illageandspillage.old_magispeller from Raids to prevent a post-mod-removal crash
[11May2026 20:10:06.361] [Server thread/INFO] [Framework/]: Unloading server configs...
[11May2026 20:10:06.364] [Server thread/INFO] [Framework/]: Sending config unload event for goblintraders-entities.toml
[11May2026 20:10:06.376] [Server thread/INFO] [Framework/]: Finished unloading server configs
[11May2026 20:10:06.424] [Server thread/INFO] [journeymap/]: Loading JourneyMap Forge Configs
